mode,condition,bw,flatness,peaks,topPeakPower,topPeakBW,fskPairs,fskValley,cv,duty,transitions,ook,baudRate,baudConf,costasScore,costasMode
rtty,clean-1000Hz,1394,0.0037,20,66.7,17.6,11,4,0.005,0.300,48.0,false,6.25,1.000,0.754,js8call
rtty,clean-1000Hz,1482,0.0033,20,67.2,17.6,11,2,0.004,0.260,44.0,false,6.25,1.000,0.490,js8call
rtty,clean-1000Hz,1306,0.0048,20,68.0,17.6,11,4,0.004,0.405,42.0,false,6.25,1.000,0.490,js8call
rtty,clean-1000Hz,1482,0.0033,20,67.2,17.6,11,2,0.004,0.260,44.0,false,6.25,1.000,0.490,js8call
rtty,clean-1000Hz,1259,0.0052,20,68.3,11.7,11,9,0.004,0.360,31.5,false,6.25,1.000,0.726,js8call
rtty,clean-1000Hz,1259,0.0048,20,68.9,11.7,11,10,0.004,0.370,31.0,false,6.25,1.000,0.532,ft8
rtty,clean-1000Hz,1394,0.0040,20,67.3,17.6,11,2,0.004,0.250,45.0,false,6.25,1.000,0.490,js8call
rtty,clean-1000Hz,1394,0.0037,20,66.7,17.6,11,4,0.005,0.300,48.0,false,6.25,1.000,0.754,js8call
rtty,clean-1000Hz,1482,0.0033,20,67.2,17.6,11,2,0.004,0.260,44.0,false,6.25,1.000,0.490,js8call
rtty,clean-1000Hz,1259,0.0054,20,67.1,17.6,11,6,0.004,0.255,43.0,false,6.25,1.000,0.458,ft8
rtty,clean-1000Hz,1482,0.0033,20,67.2,17.6,11,2,0.004,0.260,44.0,false,6.25,1.000,0.490,js8call
rtty,clean-1000Hz,1259,0.0048,20,68.9,11.7,11,10,0.004,0.370,31.0,false,6.25,1.000,0.532,ft8
rtty,clean-1000Hz,1306,0.0048,20,68.0,17.6,11,4,0.004,0.405,42.0,false,6.25,1.000,0.490,js8call
rtty,clean-1000Hz,1306,0.0048,20,68.0,17.6,11,4,0.004,0.405,42.0,false,6.25,1.000,0.490,js8call
rtty,clean-1000Hz,1259,0.0054,20,67.1,17.6,11,6,0.004,0.255,43.0,false,6.25,1.000,0.458,ft8
rtty,clean-1000Hz,1259,0.0048,20,68.9,11.7,11,10,0.004,0.370,31.0,false,6.25,1.000,0.532,ft8
rtty,clean-1000Hz,1306,0.0048,20,68.0,17.6,11,4,0.004,0.405,42.0,false,6.25,1.000,0.490,js8call
rtty,clean-1000Hz,1394,0.0047,20,65.7,17.6,11,6,0.005,0.270,48.0,false,6.25,1.000,0.601,ft8
rtty,clean-1000Hz,1394,0.0037,20,66.7,17.6,11,4,0.005,0.300,48.0,false,6.25,1.000,0.754,js8call
rtty,clean-1000Hz,1306,0.0048,20,68.0,17.6,11,4,0.004,0.405,42.0,false,6.25,1.000,0.490,js8call
rtty,clean-1000Hz,1394,0.0047,20,65.7,17.6,11,6,0.005,0.270,48.0,false,6.25,1.000,0.601,ft8
rtty,clean-1000Hz,1482,0.0033,20,67.2,17.6,11,2,0.004,0.260,44.0,false,6.25,1.000,0.490,js8call
rtty,clean-1000Hz,1300,0.0054,20,66.5,17.6,11,6,0.004,0.250,42.0,false,6.25,1.000,0.522,js8call
rtty,clean-1000Hz,1482,0.0033,20,67.2,17.6,11,2,0.004,0.260,44.0,false,6.25,1.000,0.490,js8call
rtty,clean-1000Hz,1394,0.0047,20,65.7,17.6,11,6,0.005,0.270,48.0,false,6.25,1.000,0.601,ft8
rtty,clean-1000Hz,1482,0.0033,20,67.2,17.6,11,2,0.004,0.260,44.0,false,6.25,1.000,0.490,js8call
rtty,clean-1000Hz,1394,0.0047,20,65.7,17.6,11,6,0.005,0.270,48.0,false,6.25,1.000,0.601,ft8
rtty,clean-1000Hz,1306,0.0048,20,68.0,17.6,11,4,0.004,0.405,42.0,false,6.25,1.000,0.490,js8call
rtty,clean-1000Hz,1259,0.0048,20,68.9,11.7,11,10,0.004,0.370,31.0,false,6.25,1.000,0.532,ft8
rtty,clean-1000Hz,1300,0.0054,20,66.5,17.6,11,6,0.004,0.250,42.0,false,6.25,1.000,0.522,js8call
rtty,clean-1500Hz,990,0.0107,20,63.7,23.4,10,7,0.003,0.500,41.0,false,6.25,1.000,0.486,js8call
rtty,clean-1500Hz,990,0.0104,20,64.2,17.6,10,10,0.002,0.440,31.5,false,6.25,1.000,0.602,ft8
rtty,clean-1500Hz,990,0.0104,20,64.2,17.6,10,10,0.002,0.440,31.5,false,6.25,1.000,0.602,ft8
rtty,clean-1500Hz,990,0.0107,20,63.7,23.4,10,7,0.003,0.500,41.0,false,6.25,1.000,0.486,js8call
rtty,clean-1500Hz,990,0.0107,20,63.7,23.4,10,7,0.003,0.500,41.0,false,6.25,1.000,0.486,js8call
rtty,clean-1500Hz,1166,0.0067,20,63.3,23.4,9,2,0.003,0.250,46.0,false,6.25,1.000,0.486,js8call
rtty,clean-1500Hz,990,0.0118,20,62.2,17.6,10,7,0.003,0.250,42.0,false,6.25,1.000,0.544,js8call
rtty,clean-1500Hz,896,0.0128,20,64.5,17.6,10,10,0.002,0.335,31.0,false,6.25,1.000,0.541,ft8
rtty,clean-1500Hz,1166,0.0067,20,63.3,23.4,9,2,0.003,0.250,46.0,false,6.25,1.000,0.486,js8call
rtty,clean-1500Hz,1166,0.0067,20,63.3,23.4,9,2,0.003,0.250,46.0,false,6.25,1.000,0.486,js8call
rtty,clean-1500Hz,1136,0.0084,20,61.4,23.4,10,5,0.003,0.280,48.0,false,6.25,1.000,0.624,ft8
rtty,clean-1500Hz,1166,0.0065,20,63.0,23.4,9,2,0.003,0.250,44.0,false,6.25,1.000,0.556,js8call
rtty,clean-1500Hz,990,0.0104,20,64.2,17.6,10,10,0.002,0.440,31.5,false,6.25,1.000,0.602,ft8
rtty,clean-1500Hz,990,0.0110,20,63.1,17.6,10,8,0.003,0.255,45.0,false,6.25,1.000,0.486,js8call
rtty,clean-1500Hz,1166,0.0067,20,63.3,23.4,9,2,0.003,0.250,46.0,false,6.25,1.000,0.486,js8call
rtty,clean-1500Hz,990,0.0118,20,62.2,17.6,10,7,0.003,0.250,42.0,false,6.25,1.000,0.544,js8call
rtty,clean-1500Hz,1166,0.0065,20,63.0,23.4,9,2,0.003,0.250,44.0,false,6.25,1.000,0.556,js8call
rtty,clean-1500Hz,990,0.0110,20,63.1,17.6,10,8,0.003,0.255,45.0,false,6.25,1.000,0.486,js8call
rtty,clean-1500Hz,990,0.0109,20,62.8,17.6,10,8,0.003,0.250,42.0,false,6.25,1.000,0.456,js8call
rtty,clean-1500Hz,1136,0.0084,20,61.4,23.4,10,5,0.003,0.280,48.0,false,6.25,1.000,0.624,ft8
rtty,clean-1500Hz,1136,0.0067,20,62.6,17.6,10,5,0.003,0.300,48.0,false,6.25,1.000,0.757,ft8
rtty,clean-1500Hz,1136,0.0067,20,62.6,17.6,10,5,0.003,0.300,48.0,false,6.25,1.000,0.757,ft8
rtty,clean-1500Hz,990,0.0104,20,64.2,17.6,10,10,0.002,0.440,31.5,false,6.25,1.000,0.602,ft8
rtty,clean-1500Hz,1136,0.0084,20,61.4,23.4,10,5,0.003,0.280,48.0,false,6.25,1.000,0.624,ft8
rtty,clean-1500Hz,990,0.0118,20,62.2,17.6,10,7,0.003,0.250,42.0,false,6.25,1.000,0.544,js8call
rtty,clean-1500Hz,990,0.0110,20,63.1,17.6,10,8,0.003,0.255,45.0,false,6.25,1.000,0.486,js8call
rtty,clean-1500Hz,990,0.0118,20,62.2,17.6,10,7,0.003,0.250,42.0,false,6.25,1.000,0.544,js8call
rtty,clean-1500Hz,990,0.0109,20,62.8,17.6,10,8,0.003,0.250,42.0,false,6.25,1.000,0.456,js8call
rtty,clean-1500Hz,990,0.0118,20,62.2,17.6,10,7,0.003,0.250,42.0,false,6.25,1.000,0.544,js8call
rtty,clean-1500Hz,990,0.0107,20,63.7,23.4,10,7,0.003,0.500,41.0,false,6.25,1.000,0.486,js8call
rtty,clean-2125Hz,1166,0.0066,20,63.5,17.6,10,4,0.002,0.495,68.0,false,6.25,1.000,0.490,js8call
rtty,clean-2125Hz,1078,0.0085,20,63.7,17.6,10,6,0.002,0.465,71.0,false,6.25,1.000,0.490,js8call
rtty,clean-2125Hz,990,0.0107,20,63.7,17.6,10,6,0.002,0.490,73.5,false,6.25,1.000,0.490,js8call
rtty,clean-2125Hz,984,0.0106,20,64.5,11.7,10,9,0.002,0.510,77.0,false,6.25,1.000,0.728,js8call
rtty,clean-2125Hz,1078,0.0085,20,63.7,17.6,10,6,0.002,0.465,71.0,false,6.25,1.000,0.490,js8call
rtty,clean-2125Hz,984,0.0106,20,64.5,11.7,10,9,0.002,0.510,77.0,false,6.25,1.000,0.728,js8call
rtty,clean-2125Hz,984,0.0106,20,64.5,11.7,10,9,0.002,0.510,77.0,false,6.25,1.000,0.728,js8call
rtty,clean-2125Hz,984,0.0106,20,64.5,11.7,10,9,0.002,0.510,77.0,false,6.25,1.000,0.728,js8call
rtty,clean-2125Hz,1078,0.0084,20,62.9,17.6,10,7,0.002,0.475,66.0,false,6.25,1.000,0.457,ft8
rtty,clean-2125Hz,1078,0.0084,20,62.9,17.6,10,7,0.002,0.475,66.0,false,6.25,1.000,0.457,ft8
rtty,clean-2125Hz,1171,0.0063,20,63.8,17.6,9,2,0.002,0.480,69.5,false,6.25,1.000,0.490,js8call
rtty,clean-2125Hz,1078,0.0085,20,63.7,17.6,10,6,0.002,0.465,71.0,false,6.25,1.000,0.490,js8call
rtty,clean-2125Hz,990,0.0107,20,63.7,17.6,10,6,0.002,0.490,73.5,false,6.25,1.000,0.490,js8call
rtty,clean-2125Hz,896,0.0126,20,65.0,11.7,10,9,0.002,0.505,78.5,false,6.25,1.000,0.532,ft8
rtty,clean-2125Hz,1078,0.0098,20,61.8,17.6,10,6,0.002,0.470,62.5,false,6.25,1.000,0.601,ft8
rtty,clean-2125Hz,990,0.0107,20,63.7,17.6,10,6,0.002,0.490,73.5,false,6.25,1.000,0.490,js8call
rtty,clean-2125Hz,1136,0.0067,20,62.7,17.6,10,6,0.002,0.515,61.0,false,6.25,1.000,0.754,js8call
rtty,clean-2125Hz,1078,0.0098,20,61.8,17.6,10,6,0.002,0.470,62.5,false,6.25,1.000,0.601,ft8
rtty,clean-2125Hz,896,0.0126,20,65.0,11.7,10,9,0.002,0.505,78.5,false,6.25,1.000,0.532,ft8
rtty,clean-2125Hz,1171,0.0063,20,63.8,17.6,9,2,0.002,0.480,69.5,false,6.25,1.000,0.490,js8call
rtty,clean-2125Hz,1171,0.0063,20,63.8,17.6,9,2,0.002,0.480,69.5,false,6.25,1.000,0.490,js8call
rtty,clean-2125Hz,1136,0.0067,20,62.7,17.6,10,6,0.002,0.515,61.0,false,6.25,1.000,0.754,js8call
rtty,clean-2125Hz,1078,0.0084,20,62.9,17.6,10,7,0.002,0.475,66.0,false,6.25,1.000,0.457,ft8
rtty,clean-2125Hz,1171,0.0063,20,63.8,17.6,9,2,0.002,0.480,69.5,false,6.25,1.000,0.490,js8call
rtty,clean-2125Hz,1136,0.0067,20,62.7,17.6,10,6,0.002,0.515,61.0,false,6.25,1.000,0.754,js8call
rtty,clean-2125Hz,990,0.0107,20,63.7,17.6,10,6,0.002,0.490,73.5,false,6.25,1.000,0.490,js8call
rtty,clean-2125Hz,1171,0.0063,20,63.8,17.6,9,2,0.002,0.480,69.5,false,6.25,1.000,0.490,js8call
rtty,clean-2125Hz,1166,0.0066,20,63.5,17.6,10,4,0.002,0.495,68.0,false,6.25,1.000,0.490,js8call
rtty,clean-2125Hz,1078,0.0085,20,63.7,17.6,10,6,0.002,0.465,71.0,false,6.25,1.000,0.490,js8call
rtty,clean-2125Hz,984,0.0106,20,64.5,11.7,10,9,0.002,0.510,77.0,false,6.25,1.000,0.728,js8call
rtty,clean-2500Hz,1166,0.0067,20,63.5,17.6,10,4,0.002,0.250,46.0,false,6.25,1.000,0.490,js8call
rtty,clean-2500Hz,1078,0.0085,20,63.6,17.6,10,6,0.001,0.250,45.0,false,6.25,1.000,0.490,js8call
rtty,clean-2500Hz,1166,0.0067,20,63.5,17.6,10,4,0.002,0.250,46.0,false,6.25,1.000,0.490,js8call
rtty,clean-2500Hz,1171,0.0064,20,63.5,17.6,9,2,0.002,0.260,45.0,false,6.25,1.000,0.490,js8call
rtty,clean-2500Hz,1078,0.0085,20,63.6,17.6,10,6,0.001,0.250,45.0,false,6.25,1.000,0.490,js8call
rtty,clean-2500Hz,1078,0.0084,20,63.1,17.6,10,7,0.002,0.250,42.0,false,6.25,1.000,0.457,ft8
rtty,clean-2500Hz,984,0.0106,20,64.5,11.7,10,9,0.001,0.535,31.5,false,6.25,1.000,0.728,js8call
rtty,clean-2500Hz,1078,0.0085,20,63.6,17.6,10,6,0.001,0.250,45.0,false,6.25,1.000,0.490,js8call
rtty,clean-2500Hz,1171,0.0064,20,63.5,17.6,9,2,0.002,0.260,45.0,false,6.25,1.000,0.490,js8call
rtty,clean-2500Hz,896,0.0126,20,64.9,11.7,10,9,0.001,0.390,29.0,false,6.25,1.000,0.532,ft8
rtty,clean-2500Hz,1078,0.0085,20,63.6,17.6,10,6,0.001,0.250,45.0,false,6.25,1.000,0.490,js8call
rtty,clean-2500Hz,1166,0.0067,20,63.5,17.6,10,4,0.002,0.250,46.0,false,6.25,1.000,0.490,js8call
rtty,clean-2500Hz,990,0.0107,20,63.8,17.6,10,6,0.001,0.430,40.0,false,6.25,1.000,0.490,js8call
rtty,clean-2500Hz,1171,0.0064,20,63.5,17.6,9,2,0.002,0.260,45.0,false,6.25,1.000,0.490,js8call
rtty,clean-2500Hz,1078,0.0098,20,61.9,17.6,10,6,0.002,0.275,48.0,false,6.25,1.000,0.601,ft8
rtty,clean-2500Hz,1078,0.0085,20,63.6,17.6,10,6,0.001,0.250,45.0,false,6.25,1.000,0.490,js8call
rtty,clean-2500Hz,1166,0.0067,20,63.5,17.6,10,4,0.002,0.250,46.0,false,6.25,1.000,0.490,js8call
rtty,clean-2500Hz,1078,0.0098,20,61.9,17.6,10,6,0.002,0.275,48.0,false,6.25,1.000,0.601,ft8
rtty,clean-2500Hz,984,0.0106,20,64.5,11.7,10,9,0.001,0.535,31.5,false,6.25,1.000,0.728,js8call
rtty,clean-2500Hz,1078,0.0098,20,61.9,17.6,10,6,0.002,0.275,48.0,false,6.25,1.000,0.601,ft8
rtty,clean-2500Hz,1171,0.0064,20,63.5,17.6,9,2,0.002,0.260,45.0,false,6.25,1.000,0.490,js8call
rtty,clean-2500Hz,1078,0.0084,20,63.1,17.6,10,7,0.002,0.250,42.0,false,6.25,1.000,0.457,ft8
rtty,clean-2500Hz,896,0.0126,20,64.9,11.7,10,9,0.001,0.390,29.0,false,6.25,1.000,0.532,ft8
rtty,clean-2500Hz,990,0.0107,20,63.8,17.6,10,6,0.001,0.430,40.0,false,6.25,1.000,0.490,js8call
rtty,clean-2500Hz,1078,0.0084,20,63.1,17.6,10,7,0.002,0.250,42.0,false,6.25,1.000,0.457,ft8
rtty,clean-2500Hz,990,0.0107,20,63.8,17.6,10,6,0.001,0.430,40.0,false,6.25,1.000,0.490,js8call
rtty,clean-2500Hz,1166,0.0067,20,63.5,17.6,10,4,0.002,0.250,46.0,false,6.25,1.000,0.490,js8call
rtty,clean-2500Hz,984,0.0106,20,64.5,11.7,10,9,0.001,0.535,31.5,false,6.25,1.000,0.728,js8call
rtty,clean-2500Hz,1171,0.0064,20,63.5,17.6,9,2,0.002,0.260,45.0,false,6.25,1.000,0.490,js8call
rtty,clean-2500Hz,1078,0.0098,20,61.9,17.6,10,6,0.002,0.275,48.0,false,6.25,1.000,0.601,ft8
rtty,baud45,984,0.0106,20,64.5,11.7,10,9,0.002,0.510,77.0,false,6.25,1.000,0.728,js8call
rtty,baud45,1078,0.0098,20,61.8,17.6,10,6,0.002,0.470,62.5,false,6.25,1.000,0.601,ft8
rtty,baud45,990,0.0107,20,63.7,17.6,10,6,0.002,0.490,73.5,false,6.25,1.000,0.490,js8call
rtty,baud45,1078,0.0098,20,61.8,17.6,10,6,0.002,0.470,62.5,false,6.25,1.000,0.601,ft8
rtty,baud45,1078,0.0084,20,62.9,17.6,10,7,0.002,0.475,66.0,false,6.25,1.000,0.457,ft8
rtty,baud45,1078,0.0084,20,62.9,17.6,10,7,0.002,0.475,66.0,false,6.25,1.000,0.457,ft8
rtty,baud45,1136,0.0067,20,62.7,17.6,10,6,0.002,0.515,61.0,false,6.25,1.000,0.754,js8call
rtty,baud45,1166,0.0066,20,63.5,17.6,10,4,0.002,0.495,68.0,false,6.25,1.000,0.490,js8call
rtty,baud45,1078,0.0085,20,63.7,17.6,10,6,0.002,0.465,71.0,false,6.25,1.000,0.490,js8call
rtty,baud45,1078,0.0084,20,62.9,17.6,10,7,0.002,0.475,66.0,false,6.25,1.000,0.457,ft8
rtty,baud45,1078,0.0098,20,61.8,17.6,10,6,0.002,0.470,62.5,false,6.25,1.000,0.601,ft8
rtty,baud45,990,0.0117,20,62.5,17.6,10,7,0.002,0.505,68.5,false,6.25,1.000,0.522,js8call
rtty,baud45,1136,0.0067,20,62.7,17.6,10,6,0.002,0.515,61.0,false,6.25,1.000,0.754,js8call
rtty,baud45,1136,0.0067,20,62.7,17.6,10,6,0.002,0.515,61.0,false,6.25,1.000,0.754,js8call
rtty,baud45,1078,0.0085,20,63.7,17.6,10,6,0.002,0.465,71.0,false,6.25,1.000,0.490,js8call
rtty,baud45,984,0.0106,20,64.5,11.7,10,9,0.002,0.510,77.0,false,6.25,1.000,0.728,js8call
rtty,baud45,1171,0.0063,20,63.8,17.6,9,2,0.002,0.480,69.5,false,6.25,1.000,0.490,js8call
rtty,baud45,1136,0.0067,20,62.7,17.6,10,6,0.002,0.515,61.0,false,6.25,1.000,0.754,js8call
rtty,baud45,984,0.0106,20,64.5,11.7,10,9,0.002,0.510,77.0,false,6.25,1.000,0.728,js8call
rtty,baud45,1078,0.0098,20,61.8,17.6,10,6,0.002,0.470,62.5,false,6.25,1.000,0.601,ft8
rtty,baud45,896,0.0126,20,65.0,11.7,10,9,0.002,0.505,78.5,false,6.25,1.000,0.532,ft8
rtty,baud45,1171,0.0063,20,63.8,17.6,9,2,0.002,0.480,69.5,false,6.25,1.000,0.490,js8call
rtty,baud45,1166,0.0066,20,63.5,17.6,10,4,0.002,0.495,68.0,false,6.25,1.000,0.490,js8call
rtty,baud45,990,0.0107,20,63.7,17.6,10,6,0.002,0.490,73.5,false,6.25,1.000,0.490,js8call
rtty,baud45,1078,0.0084,20,62.9,17.6,10,7,0.002,0.475,66.0,false,6.25,1.000,0.457,ft8
rtty,baud45,990,0.0117,20,62.5,17.6,10,7,0.002,0.505,68.5,false,6.25,1.000,0.522,js8call
rtty,baud45,990,0.0107,20,63.7,17.6,10,6,0.002,0.490,73.5,false,6.25,1.000,0.490,js8call
rtty,baud45,1078,0.0085,20,63.7,17.6,10,6,0.002,0.465,71.0,false,6.25,1.000,0.490,js8call
rtty,baud45,896,0.0126,20,65.0,11.7,10,9,0.002,0.505,78.5,false,6.25,1.000,0.532,ft8
rtty,baud45,1166,0.0066,20,63.5,17.6,10,4,0.002,0.495,68.0,false,6.25,1.000,0.490,js8call
rtty,baud50,1037,0.0110,20,61.8,17.6,10,4,0.002,0.500,70.0,false,6.25,1.000,0.495,js8call
rtty,baud50,1037,0.0097,20,62.2,17.6,10,4,0.002,0.505,66.0,false,6.25,1.000,0.495,js8call
rtty,baud50,1160,0.0074,20,61.9,23.4,10,4,0.002,0.495,59.5,false,6.25,1.000,1.000,js8call
rtty,baud50,1160,0.0074,20,62.3,17.6,10,2,0.002,0.495,69.5,false,6.25,1.000,0.495,js8call
rtty,baud50,1037,0.0110,20,61.8,17.6,10,4,0.002,0.500,70.0,false,6.25,1.000,0.495,js8call
rtty,baud50,1089,0.0110,20,60.8,23.4,10,5,0.002,0.515,67.0,false,6.25,1.000,0.540,js8call
rtty,baud50,1083,0.0098,20,61.7,17.6,10,3,0.002,0.515,68.5,false,6.25,1.000,0.523,js8call
rtty,baud50,1089,0.0110,20,60.8,23.4,10,5,0.002,0.515,67.0,false,6.25,1.000,0.540,js8call
rtty,baud50,1037,0.0110,20,61.8,17.6,10,4,0.002,0.500,70.0,false,6.25,1.000,0.495,js8call
rtty,baud50,1037,0.0113,20,60.3,23.4,10,5,0.002,0.500,62.0,false,6.25,1.000,0.562,ft8
rtty,baud50,1083,0.0098,20,61.7,17.6,10,3,0.002,0.515,68.5,false,6.25,1.000,0.523,js8call
rtty,baud50,1089,0.0110,20,60.8,23.4,10,5,0.002,0.515,67.0,false,6.25,1.000,0.540,js8call
rtty,baud50,1160,0.0074,20,62.3,17.6,10,2,0.002,0.495,69.5,false,6.25,1.000,0.495,js8call
rtty,baud50,1037,0.0108,20,62.1,17.6,10,5,0.002,0.500,71.0,false,6.25,1.000,0.495,js8call
rtty,baud50,1037,0.0113,20,60.3,23.4,10,5,0.002,0.500,62.0,false,6.25,1.000,0.562,ft8
rtty,baud50,990,0.0103,20,64.0,17.6,10,7,0.002,0.515,75.5,false,6.25,1.000,0.426,ft8
rtty,baud50,1083,0.0098,20,61.7,17.6,10,3,0.002,0.515,68.5,false,6.25,1.000,0.523,js8call
rtty,baud50,1160,0.0074,20,61.9,23.4,10,4,0.002,0.495,59.5,false,6.25,1.000,1.000,js8call
rtty,baud50,1160,0.0074,20,62.3,17.6,10,2,0.002,0.495,69.5,false,6.25,1.000,0.495,js8call
rtty,baud50,1160,0.0074,20,61.9,23.4,10,4,0.002,0.495,59.5,false,6.25,1.000,1.000,js8call
rtty,baud50,990,0.0103,20,64.0,17.6,10,7,0.002,0.515,75.5,false,6.25,1.000,0.426,ft8
rtty,baud50,1037,0.0097,20,62.2,17.6,10,4,0.002,0.505,66.0,false,6.25,1.000,0.495,js8call
rtty,baud50,1160,0.0074,20,62.3,17.6,10,2,0.002,0.495,69.5,false,6.25,1.000,0.495,js8call
rtty,baud50,1037,0.0108,20,62.1,17.6,10,5,0.002,0.500,71.0,false,6.25,1.000,0.495,js8call
rtty,baud50,1083,0.0098,20,61.7,17.6,10,3,0.002,0.515,68.5,false,6.25,1.000,0.523,js8call
rtty,baud50,1037,0.0108,20,62.1,17.6,10,5,0.002,0.500,71.0,false,6.25,1.000,0.495,js8call
rtty,baud50,1160,0.0074,20,62.3,17.6,10,2,0.002,0.495,69.5,false,6.25,1.000,0.495,js8call
rtty,baud50,990,0.0103,20,64.0,17.6,10,7,0.002,0.515,75.5,false,6.25,1.000,0.426,ft8
rtty,baud50,1037,0.0097,20,62.2,17.6,10,4,0.002,0.505,66.0,false,6.25,1.000,0.495,js8call
rtty,baud50,990,0.0103,20,64.0,17.6,10,7,0.002,0.515,75.5,false,6.25,1.000,0.426,ft8
rtty,baud75,1037,0.0137,20,60.3,23.4,10,7,0.002,0.510,65.5,false,6.25,1.000,0.633,ft8
rtty,baud75,884,0.0217,20,61.4,17.6,10,9,0.002,0.485,73.0,false,6.25,1.000,0.459,js8call
rtty,baud75,1013,0.0158,20,59.4,23.4,10,7,0.002,0.500,62.0,false,6.25,1.000,0.646,ft8
rtty,baud75,1013,0.0158,20,59.4,23.4,10,7,0.002,0.500,62.0,false,6.25,1.000,0.646,ft8
rtty,baud75,1019,0.0155,20,59.4,23.4,10,7,0.002,0.485,64.0,false,6.25,1.000,0.617,ft8
rtty,baud75,1013,0.0158,20,59.4,23.4,10,7,0.002,0.500,62.0,false,6.25,1.000,0.646,ft8
rtty,baud75,890,0.0227,20,59.7,23.4,10,9,0.002,0.530,67.5,false,6.25,1.000,0.625,ft8
rtty,baud75,884,0.0213,20,61.7,17.6,10,9,0.002,0.470,74.5,false,6.25,1.000,0.552,ft8
rtty,baud75,1037,0.0137,20,60.3,23.4,10,7,0.002,0.510,65.5,false,6.25,1.000,0.633,ft8
rtty,baud75,1013,0.0165,20,59.9,23.4,10,8,0.002,0.480,67.5,false,6.25,1.000,0.740,ft8
rtty,baud75,884,0.0226,20,60.6,23.4,10,9,0.002,0.465,70.5,false,6.25,1.000,0.606,ft8
rtty,baud75,1013,0.0158,20,59.4,23.4,10,7,0.002,0.500,62.0,false,6.25,1.000,0.646,ft8
rtty,baud75,1013,0.0165,20,59.9,23.4,10,8,0.002,0.480,67.5,false,6.25,1.000,0.740,ft8
rtty,baud75,1013,0.0158,20,59.4,23.4,10,7,0.002,0.500,62.0,false,6.25,1.000,0.646,ft8
rtty,baud75,1037,0.0137,20,60.3,23.4,10,7,0.002,0.510,65.5,false,6.25,1.000,0.633,ft8
rtty,baud75,1019,0.0155,20,59.4,23.4,10,7,0.002,0.485,64.0,false,6.25,1.000,0.617,ft8
rtty,baud75,1037,0.0137,20,60.3,23.4,10,7,0.002,0.510,65.5,false,6.25,1.000,0.633,ft8
rtty,baud75,1037,0.0137,20,60.3,23.4,10,7,0.002,0.510,65.5,false,6.25,1.000,0.633,ft8
rtty,baud75,884,0.0243,20,59.2,23.4,10,8,0.002,0.475,66.5,false,6.25,1.000,0.703,ft8
rtty,baud75,884,0.0243,20,59.2,23.4,10,8,0.002,0.475,66.5,false,6.25,1.000,0.703,ft8
rtty,baud75,1013,0.0158,20,59.4,23.4,10,7,0.002,0.500,62.0,false,6.25,1.000,0.646,ft8
rtty,baud75,884,0.0217,20,61.4,17.6,10,9,0.002,0.485,73.0,false,6.25,1.000,0.459,js8call
rtty,baud75,890,0.0227,20,59.7,23.4,10,9,0.002,0.530,67.5,false,6.25,1.000,0.625,ft8
rtty,baud75,1019,0.0155,20,59.4,23.4,10,7,0.002,0.485,64.0,false,6.25,1.000,0.617,ft8
rtty,baud75,1037,0.0137,20,60.3,23.4,10,7,0.002,0.510,65.5,false,6.25,1.000,0.633,ft8
rtty,baud75,884,0.0226,20,60.6,23.4,10,9,0.002,0.465,70.5,false,6.25,1.000,0.606,ft8
rtty,baud75,884,0.0217,20,61.4,17.6,10,9,0.002,0.485,73.0,false,6.25,1.000,0.459,js8call
rtty,baud75,1019,0.0155,20,59.4,23.4,10,7,0.002,0.485,64.0,false,6.25,1.000,0.617,ft8
rtty,baud75,884,0.0243,20,59.2,23.4,10,8,0.002,0.475,66.5,false,6.25,1.000,0.703,ft8
rtty,baud75,884,0.0243,20,59.2,23.4,10,8,0.002,0.475,66.5,false,6.25,1.000,0.703,ft8
rtty,snr30,714,0.0235,20,59.2,11.7,9,8,0.002,0.480,67.5,false,6.25,1.000,0.532,ft8
rtty,snr30,849,0.0166,20,57.9,17.6,9,2,0.002,0.515,55.5,false,6.25,1.000,0.490,js8call
rtty,snr30,849,0.0158,20,56.9,17.6,8,4,0.002,0.480,59.5,false,6.25,1.000,0.754,js8call
rtty,snr30,761,0.0204,20,59.3,11.7,9,8,0.002,0.520,68.0,false,6.25,1.000,0.532,ft8
rtty,snr30,867,0.0183,20,56.9,17.6,9,5,0.002,0.480,55.5,false,6.25,1.000,0.602,ft8
rtty,snr30,861,0.0189,20,56.8,17.6,9,5,0.002,0.480,57.5,false,6.25,1.000,0.602,ft8
rtty,snr30,808,0.0197,20,58.5,17.6,9,5,0.002,0.470,64.5,false,6.25,1.000,0.490,js8call
rtty,snr30,808,0.0199,20,57.7,17.6,9,4,0.002,0.490,59.0,false,6.25,1.000,0.457,ft8
rtty,snr30,896,0.0139,20,58.0,17.6,8,2,0.002,0.505,60.5,false,6.25,1.000,0.489,js8call
rtty,snr30,914,0.0135,20,58.1,17.6,8,2,0.002,0.505,59.0,false,6.25,1.000,0.490,js8call
rtty,snr30,867,0.0185,20,56.8,17.6,9,5,0.002,0.485,53.0,false,6.25,1.000,0.602,ft8
rtty,snr30,808,0.0198,20,58.3,17.6,9,5,0.002,0.505,62.0,false,6.25,1.000,0.490,js8call
rtty,snr30,808,0.0192,20,58.7,17.6,9,4,0.002,0.510,56.5,false,6.25,1.000,0.489,js8call
rtty,snr30,802,0.0192,20,59.2,11.7,9,8,0.002,0.520,63.0,false,6.25,1.000,0.727,js8call
rtty,snr30,849,0.0164,20,57.8,17.6,9,2,0.002,0.555,58.5,false,6.25,1.000,0.489,js8call
rtty,snr30,849,0.0158,20,56.9,17.6,9,3,0.002,0.480,58.0,false,6.25,1.000,0.754,js8call
rtty,snr30,914,0.0135,20,58.1,17.6,9,2,0.002,0.465,58.0,false,6.25,1.000,0.490,js8call
rtty,snr30,802,0.0193,20,59.1,11.7,9,7,0.002,0.510,61.5,false,6.25,1.000,0.726,js8call
rtty,snr30,943,0.0125,20,58.2,17.6,8,2,0.002,0.505,67.0,false,6.25,1.000,0.490,js8call
rtty,snr30,808,0.0198,20,57.7,17.6,9,5,0.002,0.460,57.0,false,6.25,1.000,0.457,ft8
rtty,snr30,849,0.0158,20,57.1,17.6,8,4,0.002,0.580,53.5,false,6.25,1.000,0.755,js8call
rtty,snr30,808,0.0199,20,58.0,17.6,9,6,0.002,0.555,57.0,false,6.25,1.000,0.457,ft8
rtty,snr30,808,0.0191,20,58.5,17.6,9,5,0.002,0.565,54.0,false,6.25,1.000,0.490,js8call
rtty,snr30,714,0.0244,20,59.3,11.7,9,8,0.003,0.525,64.5,false,6.25,1.000,0.532,ft8
rtty,snr30,890,0.0173,20,56.8,17.6,9,4,0.002,0.510,56.5,false,6.25,1.000,0.601,ft8
rtty,snr30,802,0.0192,20,59.3,11.7,9,8,0.002,0.505,57.0,false,6.25,1.000,0.729,js8call
rtty,snr30,867,0.0158,20,58.1,17.6,9,2,0.002,0.565,57.5,false,6.25,1.000,0.490,js8call
rtty,snr30,890,0.0147,20,58.1,17.6,9,2,0.002,0.505,56.0,false,6.25,1.000,0.490,js8call
rtty,snr30,802,0.0191,20,59.1,11.7,9,8,0.002,0.500,66.0,false,6.25,1.000,0.730,js8call
rtty,snr30,914,0.0160,20,57.0,17.6,9,6,0.002,0.490,58.5,false,6.25,1.000,0.602,ft8
rtty,snr20,615,0.0419,16,49.4,17.6,7,2,0.004,0.440,55.0,false,6.25,1.000,0.491,js8call
rtty,snr20,533,0.0615,18,49.8,17.6,7,4,0.004,0.465,50.5,false,6.25,1.000,0.489,js8call
rtty,snr20,580,0.0454,20,48.4,17.6,7,2,0.004,0.530,51.0,false,6.25,1.000,0.747,js8call
rtty,snr20,615,0.0418,16,49.4,17.6,7,2,0.004,0.460,48.5,false,6.25,1.000,0.487,js8call
rtty,snr20,533,0.0615,18,49.2,17.6,7,2,0.004,0.495,50.0,false,6.25,1.000,0.458,ft8
rtty,snr20,486,0.0773,20,49.1,17.6,7,4,0.004,0.480,52.0,false,6.25,1.000,0.458,ft8
rtty,snr20,550,0.0624,20,48.5,17.6,7,3,0.004,0.480,50.0,false,6.25,1.000,0.598,ft8
rtty,snr20,445,0.0833,16,50.6,11.7,7,7,0.005,0.530,51.5,false,6.25,1.000,0.535,ft8
rtty,snr20,486,0.0771,20,49.3,17.6,7,3,0.004,0.535,51.5,false,6.25,1.000,0.456,ft8
rtty,snr20,574,0.0474,20,48.5,17.6,7,3,0.004,0.450,56.0,false,6.25,1.000,0.753,js8call
rtty,snr20,533,0.0582,18,49.9,17.6,7,3,0.004,0.505,47.5,false,6.25,1.000,0.491,js8call
rtty,snr20,533,0.0660,20,49.2,17.6,7,3,0.005,0.505,58.5,false,6.25,1.000,0.520,js8call
rtty,snr20,591,0.0452,17,49.4,17.6,7,2,0.004,0.455,48.5,false,6.25,1.000,0.489,js8call
rtty,snr20,533,0.0581,18,49.9,17.6,7,3,0.004,0.530,47.5,false,6.25,1.000,0.491,js8call
rtty,snr20,533,0.0580,16,49.9,17.6,7,3,0.004,0.540,52.5,false,6.25,1.000,0.490,js8call
rtty,snr20,550,0.0536,17,49.5,17.6,7,2,0.004,0.515,54.5,false,6.25,1.000,0.489,js8call
rtty,snr20,445,0.0831,16,50.7,11.7,7,7,0.004,0.450,56.0,false,6.25,1.000,0.531,ft8
rtty,snr20,574,0.0498,17,49.5,17.6,7,2,0.004,0.515,52.0,false,6.25,1.000,0.492,js8call
rtty,snr20,486,0.0720,19,50.6,11.7,7,3,0.004,0.495,48.0,false,6.25,1.000,0.721,js8call
rtty,snr20,580,0.0469,19,49.2,17.6,7,2,0.004,0.505,44.0,false,6.25,1.000,0.491,js8call
rtty,snr20,533,0.0653,20,49.1,17.6,7,5,0.004,0.510,52.5,false,6.25,1.000,0.522,js8call
rtty,snr20,486,0.0766,20,49.8,17.6,7,4,0.004,0.490,52.0,false,6.25,1.000,0.490,js8call
rtty,snr20,486,0.0741,16,50.1,17.6,7,3,0.004,0.480,53.0,false,6.25,1.000,0.491,js8call
rtty,snr20,615,0.0420,17,49.6,17.6,7,2,0.004,0.505,47.0,false,6.25,1.000,0.489,js8call
rtty,snr20,486,0.0722,17,50.8,11.7,7,6,0.004,0.460,50.0,false,6.25,1.000,0.733,js8call
rtty,snr20,591,0.0529,20,48.5,17.6,7,4,0.004,0.505,43.5,false,6.25,1.000,0.605,ft8
rtty,snr20,533,0.0658,20,49.2,17.6,7,4,0.004,0.460,50.0,false,6.25,1.000,0.522,js8call
rtty,snr20,621,0.0484,20,48.5,17.6,7,3,0.004,0.470,47.5,false,6.25,1.000,0.601,ft8
rtty,snr20,533,0.0616,18,49.8,17.6,7,2,0.004,0.510,50.5,false,6.25,1.000,0.490,js8call
rtty,snr20,621,0.0414,16,49.5,17.6,7,2,0.004,0.535,51.5,false,6.25,1.000,0.489,js8call
rtty,snr15,445,0.0968,14,45.0,17.6,6,2,0.007,0.490,54.0,false,6.25,1.000,0.485,js8call
rtty,snr15,439,0.0965,14,45.3,17.6,6,2,0.007,0.510,51.0,false,6.25,1.000,0.493,js8call
rtty,snr15,439,0.1122,20,44.0,17.6,7,5,0.007,0.560,50.0,false,6.25,1.000,0.597,ft8
rtty,snr15,439,0.1071,17,44.6,17.6,5,2,0.007,0.515,51.5,false,6.25,1.000,0.522,js8call
rtty,snr15,433,0.0975,14,46.1,11.7,5,2,0.007,0.485,47.0,false,6.25,1.000,0.727,js8call
rtty,snr15,445,0.1026,18,44.6,17.6,5,3,0.006,0.510,52.5,false,6.25,1.000,0.522,js8call
rtty,snr15,439,0.0993,15,45.2,17.6,6,2,0.007,0.480,52.0,false,6.25,1.000,0.494,js8call
rtty,snr15,439,0.0960,13,44.7,17.6,5,2,0.007,0.485,46.5,false,6.25,1.000,0.487,js8call
rtty,snr15,439,0.0938,13,44.5,17.6,5,2,0.007,0.505,47.5,false,6.25,1.000,0.490,js8call
rtty,snr15,445,0.0915,15,44.7,17.6,5,2,0.007,0.485,47.5,false,6.25,1.000,0.491,js8call
rtty,snr15,351,0.1403,12,46.0,11.7,5,3,0.008,0.505,46.5,false,6.25,1.000,0.534,ft8
rtty,snr15,445,0.0975,14,44.6,17.6,6,2,0.007,0.490,52.5,false,6.25,1.000,0.459,ft8
rtty,snr15,445,0.1076,18,43.9,17.6,6,2,0.006,0.545,48.5,false,6.25,1.000,0.606,ft8
rtty,snr15,439,0.1005,14,44.6,17.6,5,2,0.006,0.500,42.0,false,6.25,1.000,0.457,ft8
rtty,snr15,439,0.1054,18,44.6,17.6,7,3,0.007,0.460,49.5,false,6.25,1.000,0.520,js8call
rtty,snr15,439,0.0922,14,43.7,17.6,4,2,0.007,0.515,53.5,false,6.25,1.000,0.755,js8call
rtty,snr15,445,0.0949,13,45.4,17.6,6,2,0.007,0.515,43.0,false,6.25,1.000,0.492,js8call
rtty,snr15,486,0.0747,16,44.7,17.6,4,2,0.007,0.495,51.0,false,6.25,1.000,0.490,js8call
rtty,snr15,392,0.1119,13,45.9,11.7,5,4,0.007,0.485,46.5,false,6.25,1.000,0.533,ft8
rtty,snr15,439,0.1061,17,44.5,17.6,5,2,0.007,0.460,54.0,false,6.25,1.000,0.524,js8call
rtty,snr15,433,0.0973,13,45.8,11.7,5,2,0.007,0.480,51.5,false,6.25,1.000,0.730,js8call
rtty,snr15,439,0.0952,14,44.9,17.6,5,2,0.007,0.470,51.0,false,6.25,1.000,0.490,js8call
rtty,snr15,445,0.0966,13,44.7,17.6,5,2,0.006,0.480,53.0,false,6.25,1.000,0.455,ft8
rtty,snr15,445,0.0967,13,44.6,17.6,6,2,0.006,0.505,52.0,false,6.25,1.000,0.457,ft8
rtty,snr15,439,0.0994,14,44.6,17.6,5,2,0.006,0.485,52.0,false,6.25,1.000,0.458,ft8
rtty,snr15,439,0.1147,17,43.9,17.6,7,2,0.007,0.550,47.0,false,6.25,1.000,0.603,ft8
rtty,snr15,480,0.0826,14,45.1,17.6,6,2,0.006,0.550,54.0,false,6.25,1.000,0.491,js8call
rtty,snr15,445,0.0931,13,44.8,17.6,5,2,0.007,0.525,49.5,false,6.25,1.000,0.492,js8call
rtty,snr15,439,0.0976,13,45.4,17.6,6,2,0.007,0.525,51.0,false,6.25,1.000,0.496,js8call
rtty,snr15,445,0.0958,14,44.7,17.6,5,2,0.007,0.465,54.0,false,6.25,1.000,0.458,ft8
rtty,snr10,357,0.1632,13,39.8,17.6,3,2,0.011,0.500,48.0,false,6.25,1.000,0.535,js8call
rtty,snr10,351,0.1564,11,40.5,17.6,2,2,0.010,0.480,52.5,false,6.25,1.000,0.493,js8call
rtty,snr10,351,0.1434,8,41.2,11.7,2,2,0.011,0.480,56.5,false,6.25,1.000,0.531,ft8
rtty,snr10,351,0.1550,12,40.5,17.6,2,2,0.010,0.530,42.0,false,6.25,1.000,0.484,js8call
rtty,snr10,351,0.1445,9,41.4,11.7,2,2,0.010,0.475,50.5,false,6.25,1.000,0.530,ft8
rtty,snr10,380,0.1408,12,40.4,17.6,2,2,0.011,0.485,57.5,false,6.25,1.000,0.498,js8call
rtty,snr10,351,0.1549,10,40.0,17.6,2,2,0.011,0.485,51.5,false,6.25,1.000,0.489,js8call
rtty,snr10,351,0.1508,11,41.2,11.7,2,2,0.010,0.485,50.0,false,6.25,1.000,0.700,js8call
rtty,snr10,351,0.1713,13,39.9,17.6,2,2,0.011,0.510,52.5,false,6.25,1.000,0.517,js8call
rtty,snr10,351,0.1520,10,41.3,11.7,2,2,0.010,0.515,56.0,false,6.25,1.000,0.730,js8call
rtty,snr10,357,0.1665,14,39.8,17.6,2,2,0.010,0.460,49.5,false,6.25,1.000,0.523,js8call
rtty,snr10,351,0.1474,12,39.2,17.6,2,2,0.010,0.565,48.5,false,6.25,1.000,0.760,js8call
rtty,snr10,351,0.1442,11,41.3,11.7,2,2,0.010,0.510,54.5,false,6.25,1.000,0.530,ft8
rtty,snr10,351,0.1494,11,38.9,17.6,2,2,0.010,0.495,52.0,false,6.25,1.000,0.766,js8call
rtty,snr10,386,0.1251,11,39.8,17.6,2,2,0.011,0.465,45.5,false,6.25,1.000,0.489,js8call
rtty,snr10,339,0.1730,10,40.4,17.6,2,2,0.011,0.515,46.5,false,6.25,1.000,0.487,js8call
rtty,snr10,351,0.1558,10,40.6,17.6,2,2,0.010,0.510,52.0,false,6.25,1.000,0.487,js8call
rtty,snr10,351,0.1561,9,40.6,17.6,2,2,0.011,0.505,57.5,false,6.25,1.000,0.488,js8call
rtty,snr10,351,0.1578,12,40.6,17.6,2,2,0.010,0.500,52.0,false,6.25,1.000,0.493,js8call
rtty,snr10,351,0.1560,12,40.5,17.6,2,2,0.011,0.480,53.5,false,6.25,1.000,0.486,js8call
rtty,snr10,351,0.1547,11,40.7,17.6,2,2,0.009,0.495,56.0,false,6.25,1.000,0.488,js8call
rtty,snr10,351,0.1500,13,38.9,17.6,2,2,0.012,0.525,51.5,false,6.25,1.000,0.755,js8call
rtty,snr10,351,0.1549,10,40.6,17.6,2,2,0.011,0.510,50.5,false,6.25,1.000,0.485,js8call
rtty,snr10,392,0.1233,11,39.8,17.6,2,2,0.011,0.505,55.0,false,6.25,1.000,0.497,js8call
rtty,snr10,351,0.1550,10,40.6,17.6,2,2,0.011,0.525,54.5,false,6.25,1.000,0.491,js8call
rtty,snr10,351,0.1490,11,39.0,17.6,2,2,0.011,0.525,46.5,false,6.25,1.000,0.753,js8call
rtty,snr10,351,0.1606,11,39.9,17.6,2,2,0.010,0.480,57.0,false,6.25,1.000,0.460,ft8
rtty,snr10,369,0.1416,10,40.2,17.6,2,2,0.010,0.485,47.0,false,6.25,1.000,0.482,js8call
rtty,snr10,351,0.1637,12,40.5,17.6,2,2,0.011,0.495,42.5,false,6.25,1.000,0.488,js8call
rtty,snr10,351,0.1490,13,39.1,17.6,2,2,0.010,0.480,51.0,false,6.25,1.000,0.744,js8call
rtty,snr5,263,0.2561,9,35.0,17.6,2,2,0.013,0.500,48.5,false,6.25,1.000,0.459,ft8
rtty,snr5,304,0.2247,9,34.7,17.6,2,2,0.015,0.485,49.5,false,6.25,1.000,0.509,js8call
rtty,snr5,257,0.2501,7,36.3,11.7,2,2,0.015,0.480,57.0,false,6.25,1.000,0.683,js8call
rtty,snr5,333,0.2120,11,34.2,17.6,2,2,0.015,0.510,44.5,false,6.25,1.000,0.600,ft8
rtty,snr5,292,0.2082,6,34.9,17.6,2,2,0.014,0.505,53.0,false,6.25,1.000,0.482,js8call
rtty,snr5,304,0.2099,8,35.0,17.6,2,2,0.015,0.505,51.5,false,6.25,1.000,0.450,ft8
rtty,snr5,304,0.2222,10,34.7,17.6,2,2,0.014,0.535,45.0,false,6.25,1.000,0.513,js8call
rtty,snr5,298,0.2161,9,35.4,17.6,2,2,0.016,0.485,52.0,false,6.25,1.000,0.486,js8call
rtty,snr5,304,0.2083,8,35.6,17.6,2,2,0.015,0.490,46.0,false,6.25,1.000,0.491,js8call
rtty,snr5,310,0.2250,12,34.2,17.6,2,2,0.015,0.555,55.0,false,6.25,1.000,0.601,ft8
rtty,snr5,304,0.2327,11,34.1,17.6,2,2,0.014,0.510,48.0,false,6.25,1.000,0.590,ft8
rtty,snr5,298,0.2161,9,35.4,17.6,2,2,0.015,0.480,49.5,false,6.25,1.000,0.489,js8call
rtty,snr5,304,0.2047,9,35.2,17.6,2,2,0.013,0.475,54.5,false,6.25,1.000,0.485,js8call
rtty,snr5,304,0.2085,8,35.4,17.6,2,2,0.014,0.500,45.5,false,6.25,1.000,0.473,js8call
rtty,snr5,257,0.2509,9,36.2,11.7,2,2,0.014,0.515,51.5,false,6.25,1.000,0.734,js8call
rtty,snr5,263,0.2543,9,35.4,17.6,2,2,0.014,0.455,44.5,false,6.25,1.000,0.478,js8call
rtty,snr5,304,0.2068,10,35.5,17.6,2,2,0.015,0.505,52.0,false,6.25,1.000,0.494,js8call
rtty,snr5,257,0.2375,7,36.2,11.7,2,2,0.015,0.510,48.5,false,6.25,1.000,0.550,ft8
rtty,snr5,304,0.1982,8,34.0,17.6,2,2,0.015,0.510,47.5,false,6.25,1.000,0.774,js8call
rtty,snr5,257,0.2352,8,36.3,11.7,2,2,0.013,0.490,46.0,false,6.25,1.000,0.531,ft8
rtty,snr5,257,0.2525,9,36.4,11.7,2,2,0.016,0.535,50.0,false,6.25,1.000,0.706,js8call
rtty,snr5,263,0.2540,9,35.4,17.6,2,2,0.013,0.460,49.5,false,6.25,1.000,0.494,js8call
rtty,snr5,257,0.2677,9,34.9,17.6,2,2,0.016,0.470,51.0,false,6.25,1.000,0.443,ft8
rtty,snr5,304,0.1970,8,34.0,17.6,2,2,0.015,0.495,49.5,false,6.25,1.000,0.768,js8call
rtty,snr5,304,0.2225,11,34.9,17.6,2,2,0.013,0.495,55.0,false,6.25,1.000,0.530,js8call
rtty,snr5,304,0.2111,7,35.4,17.6,2,2,0.015,0.500,54.5,false,6.25,1.000,0.495,js8call
rtty,snr5,304,0.2104,8,34.9,17.6,2,2,0.014,0.495,42.5,false,6.25,1.000,0.461,ft8
rtty,snr5,304,0.2224,11,34.8,17.6,2,2,0.015,0.535,46.5,false,6.25,1.000,0.534,js8call
rtty,snr5,304,0.2007,6,35.2,17.6,2,2,0.014,0.495,49.5,false,6.25,1.000,0.492,js8call
rtty,snr5,263,0.2415,7,36.2,11.7,2,2,0.014,0.460,47.0,false,6.25,1.000,0.734,js8call
rtty,snr3,257,0.2577,7,34.2,11.7,2,2,0.016,0.485,55.5,false,6.25,1.000,0.806,js8call
rtty,snr3,257,0.2459,8,31.9,17.6,2,2,0.016,0.515,52.0,false,6.25,1.000,0.736,js8call
rtty,snr3,257,0.2557,7,34.2,11.7,2,2,0.017,0.465,49.5,false,6.25,1.000,0.728,js8call
rtty,snr3,257,0.2671,8,33.4,17.6,2,2,0.017,0.490,50.0,false,6.25,1.000,0.486,js8call
rtty,snr3,257,0.2706,8,32.8,17.6,2,2,0.017,0.520,54.0,false,6.25,1.000,0.465,ft8
rtty,snr3,257,0.2552,6,34.2,11.7,2,2,0.016,0.515,48.5,false,6.25,1.000,0.711,js8call
rtty,snr3,263,0.2857,10,32.1,17.6,2,2,0.017,0.515,42.5,false,6.25,1.000,0.597,ft8
rtty,snr3,257,0.2660,7,32.8,17.6,2,2,0.016,0.515,52.0,false,6.25,1.000,0.459,ft8
rtty,snr3,257,0.2635,8,33.5,17.6,2,2,0.016,0.490,51.5,false,6.25,1.000,0.493,js8call
rtty,snr3,257,0.2672,9,32.9,17.6,2,2,0.015,0.480,43.5,false,6.25,1.000,0.467,ft8
rtty,snr3,257,0.2441,8,31.9,17.6,2,2,0.015,0.515,55.0,false,6.25,1.000,0.779,js8call
rtty,snr3,257,0.2576,7,34.2,11.7,2,2,0.015,0.520,52.5,false,6.25,1.000,0.727,js8call
rtty,snr3,123,0.1728,6,34.3,11.7,2,2,0.015,0.525,42.5,false,6.25,1.000,0.546,ft8
rtty,snr3,123,0.1797,6,34.1,11.7,2,2,0.015,0.475,53.0,false,6.25,1.000,0.534,ft8
rtty,snr3,257,0.2698,8,32.9,17.6,2,2,0.017,0.500,53.5,false,6.25,1.000,0.453,ft8
rtty,snr3,287,0.2231,7,32.8,17.6,2,2,0.016,0.505,51.5,false,6.25,1.000,0.486,js8call
rtty,snr3,257,0.2595,7,33.5,17.6,2,2,0.016,0.520,50.5,false,6.25,1.000,0.483,js8call
rtty,snr3,257,0.2802,8,32.7,17.6,2,2,0.017,0.495,49.0,false,6.25,1.000,0.519,js8call
rtty,snr3,257,0.2575,9,33.5,17.6,2,2,0.015,0.515,50.0,false,6.25,1.000,0.496,js8call
rtty,snr3,257,0.2858,9,32.7,17.6,2,2,0.016,0.495,45.0,false,6.25,1.000,0.533,js8call
rtty,snr3,257,0.2546,7,34.2,11.7,2,2,0.016,0.520,48.5,false,6.25,1.000,0.755,js8call
rtty,snr3,287,0.2192,7,32.9,17.6,2,2,0.017,0.565,52.5,false,6.25,1.000,0.489,js8call
rtty,snr3,257,0.2555,7,34.1,11.7,2,2,0.015,0.560,50.5,false,6.25,1.000,0.771,js8call
rtty,snr3,257,0.2726,6,32.8,17.6,2,2,0.015,0.445,44.5,false,6.25,1.000,0.436,ft8
rtty,snr3,123,0.1872,6,34.0,11.7,2,2,0.017,0.465,51.5,false,6.25,1.000,0.541,ft8
rtty,snr3,257,0.2983,10,32.1,17.6,2,2,0.016,0.495,46.0,false,6.25,1.000,0.612,ft8
rtty,snr3,257,0.2664,9,33.3,17.6,2,2,0.016,0.505,51.0,false,6.25,1.000,0.484,js8call
rtty,snr3,287,0.2206,7,32.8,17.6,2,2,0.015,0.530,52.5,false,6.25,1.000,0.482,js8call
rtty,snr3,257,0.2670,7,32.9,17.6,2,2,0.014,0.490,57.0,false,6.25,1.000,0.450,ft8
rtty,snr3,257,0.2676,6,32.7,17.6,2,2,0.016,0.510,48.0,false,6.25,1.000,0.455,ft8
rtty,snr0,123,0.2566,8,29.4,17.6,2,2,0.018,0.525,51.0,false,6.25,1.000,0.530,js8call
rtty,snr0,117,0.2303,7,30.0,17.6,2,2,0.015,0.495,60.0,false,6.25,1.000,0.519,js8call
rtty,snr0,117,0.2306,6,30.2,17.6,2,2,0.015,0.495,49.5,false,6.25,1.000,0.473,js8call
rtty,snr0,123,0.2206,7,30.1,17.6,2,2,0.016,0.460,51.5,false,6.25,1.000,0.502,js8call
rtty,snr0,257,0.2669,7,29.6,17.6,2,1,0.015,0.475,44.0,false,6.25,1.000,0.483,js8call
rtty,snr0,257,0.2610,7,29.6,17.6,2,1,0.016,0.470,52.5,false,6.25,1.000,0.456,js8call
rtty,snr0,117,0.2649,9,29.4,17.6,2,2,0.016,0.495,52.5,false,6.25,1.000,0.531,js8call
rtty,snr0,134,0.2820,11,28.9,17.6,2,2,0.015,0.475,48.5,false,6.25,1.000,0.610,ft8
rtty,snr0,76,0.2316,5,30.7,11.7,2,2,0.016,0.520,54.0,false,6.25,1.000,0.526,ft8
rtty,snr0,251,0.3049,8,29.5,17.6,2,2,0.016,0.515,52.5,false,6.25,1.000,0.511,js8call
rtty,snr0,251,0.2712,4,29.8,17.6,2,2,0.016,0.510,39.0,false,6.25,1.000,0.513,js8call
rtty,snr0,76,0.2304,5,30.8,11.7,2,2,0.016,0.455,51.5,false,6.25,1.000,0.530,ft8
rtty,snr0,123,0.2306,7,30.2,17.6,2,2,0.017,0.490,47.5,false,6.25,1.000,0.496,js8call
rtty,snr0,251,0.2846,7,30.2,17.6,2,2,0.017,0.530,54.0,false,6.25,1.000,0.488,js8call
rtty,snr0,164,0.2257,6,30.0,17.6,2,2,0.016,0.485,48.0,false,6.25,1.000,0.477,js8call
rtty,snr0,158,0.2135,8,30.3,17.6,2,2,0.016,0.535,49.0,false,6.25,1.000,0.538,js8call
rtty,snr0,257,0.2633,6,29.6,17.6,2,1,0.015,0.475,53.0,false,6.25,1.000,0.485,js8call
rtty,snr0,70,0.2778,7,30.9,11.7,2,2,0.016,0.490,57.5,false,6.25,1.000,0.746,js8call
rtty,snr0,111,0.2838,8,28.7,17.6,2,2,0.017,0.445,45.5,false,6.25,1.000,0.785,ft8
rtty,snr0,111,0.2796,7,28.6,17.6,2,2,0.016,0.510,48.0,false,6.25,1.000,0.763,ft8
rtty,snr0,111,0.2841,7,28.8,17.6,2,2,0.017,0.485,52.0,false,6.25,1.000,0.786,js8call
rtty,snr0,117,0.2600,8,29.6,17.6,2,2,0.017,0.525,49.0,false,6.25,1.000,0.545,js8call
rtty,snr0,257,0.2963,7,29.7,17.6,2,2,0.016,0.505,49.5,false,6.25,1.000,0.520,js8call
rtty,snr0,257,0.2825,6,30.0,17.6,2,2,0.017,0.525,48.5,false,6.25,1.000,0.494,js8call
rtty,snr0,128,0.2427,5,29.4,17.6,2,2,0.014,0.475,52.0,false,6.25,1.000,0.440,ft8
rtty,snr0,105,0.2886,7,28.6,17.6,2,2,0.015,0.510,48.0,false,6.25,1.000,0.737,js8call
rtty,snr0,117,0.2184,7,30.3,17.6,2,2,0.017,0.530,48.5,false,6.25,1.000,0.498,js8call
rtty,snr0,128,0.2298,4,29.7,17.6,2,2,0.017,0.500,46.0,false,6.25,1.000,0.488,js8call
rtty,snr0,251,0.2648,5,29.5,17.6,2,2,0.016,0.530,54.0,false,6.25,1.000,0.482,js8call
rtty,snr0,257,0.2839,8,30.1,17.6,2,2,0.016,0.475,50.0,false,6.25,1.000,0.496,js8call
rtty,snr-3,64,0.3982,6,25.9,17.6,2,2,0.015,0.530,49.5,false,6.25,1.000,0.517,js8call
rtty,snr-3,70,0.3130,5,26.9,17.6,2,2,0.016,0.500,49.0,false,6.25,1.000,0.471,js8call
rtty,snr-3,70,0.3238,5,26.6,17.6,2,2,0.014,0.480,44.5,false,6.25,1.000,0.480,js8call
rtty,snr-3,64,0.3381,4,26.2,17.6,2,2,0.014,0.520,50.5,false,6.25,1.000,0.495,js8call
rtty,snr-3,64,0.3540,4,26.3,17.6,2,2,0.015,0.515,50.0,false,6.25,1.000,0.487,js8call
rtty,snr-3,64,0.2974,4,27.5,11.7,2,2,0.014,0.515,54.5,false,6.25,1.000,0.545,ft8
rtty,snr-3,87,0.2936,5,26.2,17.6,2,2,0.014,0.505,48.0,false,6.25,1.000,0.548,js8call
rtty,snr-3,64,0.4458,7,25.3,17.6,2,2,0.013,0.470,52.0,false,6.25,1.000,0.607,ft8
rtty,snr-3,105,0.2835,5,26.3,17.6,2,2,0.016,0.510,46.0,false,6.25,1.000,0.486,js8call
rtty,snr-3,64,0.4554,7,25.4,17.6,2,2,0.016,0.495,47.5,false,6.25,1.000,0.581,ft8
rtty,snr-3,70,0.3981,6,25.1,17.6,2,2,0.016,0.500,53.0,false,6.25,1.000,0.792,js8call
rtty,snr-3,64,0.3025,4,27.3,17.6,2,2,0.014,0.510,50.0,false,6.25,1.000,0.547,ft8
rtty,snr-3,64,0.2860,6,27.5,11.7,2,2,0.018,0.495,50.0,false,6.25,1.000,0.533,ft8
rtty,snr-3,64,0.3066,5,27.6,11.7,2,2,0.015,0.470,50.5,false,6.25,1.000,0.503,ft8
rtty,snr-3,64,0.4003,7,26.1,17.6,2,2,0.016,0.510,52.5,false,6.25,1.000,0.555,js8call
rtty,snr-3,64,0.3415,5,26.7,17.6,2,2,0.014,0.500,50.0,false,6.25,1.000,0.485,js8call
rtty,snr-3,70,0.2764,4,27.4,11.7,2,2,0.016,0.475,53.5,false,6.25,1.000,0.533,ft8
rtty,snr-3,64,0.3549,4,26.4,17.6,2,2,0.015,0.520,47.0,false,6.25,1.000,0.445,js8call
rtty,snr-3,58,0.3903,6,26.3,17.6,2,2,0.016,0.495,49.0,false,6.25,1.000,0.476,ft8
rtty,snr-3,64,0.3237,5,27.6,11.7,2,2,0.015,0.535,51.0,false,6.25,1.000,0.565,ft8
rtty,snr-3,64,0.3596,6,26.4,17.6,2,2,0.014,0.500,53.5,false,6.25,1.000,0.472,js8call
rtty,snr-3,64,0.3527,6,26.7,17.6,2,2,0.015,0.515,48.0,false,6.25,1.000,0.473,js8call
rtty,snr-3,64,0.3567,4,26.1,17.6,2,2,0.015,0.525,48.0,false,6.25,1.000,0.490,ft8
rtty,snr-3,64,0.2888,4,27.4,11.7,2,2,0.015,0.500,49.0,false,6.25,1.000,0.511,ft8
rtty,snr-3,64,0.4449,7,25.5,17.6,2,2,0.015,0.525,53.5,false,6.25,1.000,0.536,ft8
rtty,snr-3,64,0.3453,5,26.3,17.6,2,2,0.014,0.465,51.5,false,6.25,1.000,0.563,js8call
rtty,snr-3,64,0.3142,4,27.6,11.7,2,2,0.015,0.480,49.0,false,6.25,1.000,0.676,js8call
rtty,snr-3,64,0.3792,5,26.2,17.6,2,2,0.015,0.525,48.5,false,6.25,1.000,0.476,js8call
rtty,snr-3,58,0.4523,6,25.9,17.6,2,2,0.015,0.535,51.0,false,6.25,1.000,0.558,js8call
rtty,snr-3,64,0.3599,4,26.5,17.6,2,2,0.016,0.490,55.5,false,6.25,1.000,0.464,js8call
rtty,itu-good,351,0.1856,15,38.9,23.4,2,2,0.054,0.490,6.5,false,6.25,1.000,0.577,ft8
rtty,itu-good,351,0.1644,11,40.3,17.6,2,2,0.054,0.515,8.5,false,6.25,1.000,0.479,js8call
rtty,itu-good,351,0.1502,10,39.2,17.6,2,2,0.053,0.510,3.5,false,6.25,1.000,0.747,js8call
rtty,itu-good,363,0.1485,9,39.9,17.6,2,2,0.055,0.525,4.5,false,6.25,1.000,0.482,js8call
rtty,itu-good,351,0.1530,11,41.3,11.7,2,2,0.053,0.535,5.5,false,6.25,1.000,0.776,js8call
rtty,itu-good,363,0.1414,12,39.2,17.6,2,2,0.055,0.505,4.5,false,6.25,1.000,0.751,js8call
rtty,itu-good,351,0.1604,10,40.0,17.6,2,2,0.055,0.475,6.5,false,6.25,1.000,0.480,js8call
rtty,itu-good,351,0.1870,14,38.9,23.4,3,2,0.056,0.515,4.5,false,6.25,1.000,0.600,ft8
rtty,itu-good,351,0.1753,13,39.6,17.6,2,2,0.055,0.530,2.5,false,6.25,1.000,0.555,js8call
rtty,itu-good,351,0.1859,16,38.9,23.4,3,3,0.054,0.520,6.5,false,6.25,1.000,0.597,ft8
rtty,itu-good,351,0.1565,11,41.5,11.7,3,3,0.053,0.535,6.5,false,6.25,1.000,0.751,js8call
rtty,itu-good,351,0.1643,12,39.5,17.6,2,2,0.055,0.500,2.5,false,6.25,1.000,0.457,js8call
rtty,itu-good,351,0.1522,12,39.0,17.6,2,2,0.056,0.540,5.5,false,6.25,1.000,0.738,js8call
rtty,itu-good,351,0.1852,14,38.9,23.4,2,2,0.054,0.510,6.5,false,6.25,1.000,0.594,ft8
rtty,itu-good,351,0.1524,11,41.4,11.7,2,2,0.053,0.510,5.5,false,6.25,1.000,0.777,js8call
rtty,itu-good,351,0.1528,12,39.2,17.6,2,2,0.054,0.500,3.5,false,6.25,1.000,0.747,js8call
rtty,itu-good,351,0.1522,12,39.1,17.6,2,2,0.055,0.525,5.5,false,6.25,1.000,0.739,js8call
rtty,itu-good,392,0.1264,10,41.4,11.7,2,2,0.054,0.540,5.5,false,6.25,1.000,0.802,js8call
rtty,itu-good,351,0.1532,10,41.4,11.7,2,2,0.053,0.500,3.5,false,6.25,1.000,0.771,js8call
rtty,itu-good,351,0.1510,11,41.2,11.7,2,2,0.054,0.530,8.5,false,6.25,1.000,0.760,js8call
rtty,itu-good,351,0.1766,12,39.6,17.6,2,2,0.054,0.510,3.5,false,6.25,1.000,0.528,js8call
rtty,itu-good,386,0.1314,10,39.8,17.6,2,2,0.055,0.490,6.5,false,6.25,1.000,0.478,js8call
rtty,itu-good,369,0.1389,12,39.2,17.6,2,2,0.055,0.530,4.5,false,6.25,1.000,0.751,js8call
rtty,itu-good,351,0.1518,10,41.4,11.7,2,2,0.053,0.500,7.5,false,6.25,1.000,0.761,js8call
rtty,itu-good,351,0.1465,9,41.2,11.7,2,2,0.053,0.525,5.5,false,6.25,1.000,0.523,ft8
rtty,itu-good,351,0.1604,11,39.9,17.6,2,2,0.056,0.510,7.5,false,6.25,1.000,0.489,js8call
rtty,itu-good,351,0.1520,11,38.9,17.6,2,2,0.054,0.510,3.5,false,6.25,1.000,0.745,js8call
rtty,itu-good,351,0.1758,12,39.5,17.6,2,2,0.055,0.505,2.5,false,6.25,1.000,0.520,js8call
rtty,itu-good,351,0.1660,10,39.5,17.6,2,2,0.055,0.505,4.5,false,6.25,1.000,0.450,js8call
rtty,itu-good,351,0.1840,14,38.8,23.4,2,2,0.054,0.510,3.5,false,6.25,1.000,0.592,ft8
rtty,itu-moderate,351,0.1504,8,39.9,17.6,2,2,0.174,0.530,3.0,false,6.25,1.000,0.393,js8call
rtty,itu-moderate,304,0.1902,9,40.9,11.7,2,2,0.177,0.560,4.0,false,6.25,1.000,0.631,js8call
rtty,itu-moderate,339,0.1597,8,39.8,17.6,2,2,0.175,0.540,4.0,false,6.25,1.000,0.392,js8call
rtty,itu-moderate,339,0.1718,10,39.6,17.6,2,2,0.175,0.555,4.0,false,6.25,1.000,0.340,js8call
rtty,itu-moderate,339,0.1703,8,39.8,17.6,2,2,0.177,0.565,4.0,false,6.25,1.000,0.343,js8call
rtty,itu-moderate,345,0.1549,9,40.9,11.7,2,2,0.176,0.550,3.0,false,6.25,1.000,0.641,js8call
rtty,itu-moderate,339,0.1540,10,38.7,17.6,2,2,0.175,0.550,4.0,false,6.25,1.000,0.879,ft8
rtty,itu-moderate,339,0.1550,10,38.7,17.6,2,2,0.175,0.565,3.0,false,6.25,1.000,0.863,ft8
rtty,itu-moderate,339,0.1531,10,38.8,17.6,2,2,0.175,0.565,4.0,false,6.25,1.000,0.860,ft8
rtty,itu-moderate,351,0.1409,8,41.0,17.6,2,2,0.177,0.540,3.0,false,6.25,1.000,0.387,ft8
rtty,itu-moderate,339,0.1605,10,40.3,17.6,2,2,0.174,0.535,3.0,false,6.25,1.000,0.391,js8call
rtty,itu-moderate,351,0.1743,12,39.0,17.6,2,2,0.174,0.540,4.0,false,6.25,1.000,0.491,ft8
rtty,itu-moderate,339,0.1608,9,39.8,17.6,2,2,0.176,0.545,3.0,false,6.25,1.000,0.388,js8call
rtty,itu-moderate,339,0.1491,8,40.9,17.6,2,2,0.178,0.540,4.0,false,6.25,1.000,0.386,ft8
rtty,itu-moderate,304,0.1766,8,40.9,17.6,2,2,0.177,0.560,3.0,false,6.25,1.000,0.392,ft8
rtty,itu-moderate,339,0.1592,8,39.8,17.6,2,2,0.176,0.550,2.0,false,6.25,1.000,0.387,js8call
rtty,itu-moderate,345,0.1525,9,40.9,11.7,2,2,0.179,0.555,3.0,false,6.25,1.000,0.621,js8call
rtty,itu-moderate,339,0.1526,11,38.7,17.6,2,2,0.173,0.545,3.0,false,6.25,1.000,0.865,ft8
rtty,itu-moderate,339,0.1606,10,40.2,17.6,2,2,0.176,0.555,5.0,false,6.25,1.000,0.395,js8call
rtty,itu-moderate,351,0.1494,9,40.4,17.6,2,2,0.176,0.545,6.0,false,6.25,1.000,0.391,js8call
rtty,itu-moderate,351,0.1408,10,39.7,17.6,2,2,0.175,0.540,3.0,false,6.25,1.000,0.395,js8call
rtty,itu-moderate,339,0.1727,10,39.7,17.6,2,2,0.174,0.555,3.0,false,6.25,1.000,0.325,js8call
rtty,itu-moderate,339,0.1630,9,39.8,17.6,2,2,0.175,0.550,4.0,false,6.25,1.000,0.388,js8call
rtty,itu-moderate,345,0.1438,8,40.9,17.6,2,2,0.176,0.550,4.0,false,6.25,1.000,0.388,ft8
rtty,itu-moderate,339,0.1894,13,38.9,17.6,2,2,0.174,0.535,6.0,false,6.25,1.000,0.497,ft8
rtty,itu-moderate,351,0.1650,13,39.6,17.6,2,2,0.177,0.550,4.0,false,6.25,1.000,0.441,js8call
rtty,itu-moderate,351,0.1386,8,40.9,17.6,2,2,0.176,0.540,3.0,false,6.25,1.000,0.395,ft8
rtty,itu-moderate,345,0.1522,9,40.8,11.7,2,2,0.177,0.540,5.0,false,6.25,1.000,0.633,js8call
rtty,itu-moderate,339,0.1594,11,40.4,17.6,2,2,0.173,0.540,4.0,false,6.25,1.000,0.387,js8call
rtty,itu-moderate,351,0.1520,9,40.2,17.6,2,2,0.175,0.555,5.0,false,6.25,1.000,0.393,js8call
rtty,itu-poor,339,0.1496,7,39.2,17.6,2,2,0.154,0.510,14.0,false,6.25,1.000,0.631,js8call
rtty,itu-poor,298,0.2076,7,39.8,17.6,2,2,0.154,0.490,15.0,false,6.25,1.000,0.389,ft8
rtty,itu-poor,310,0.1906,7,39.0,17.6,2,2,0.155,0.520,13.0,false,6.25,1.000,0.512,js8call
rtty,itu-poor,310,0.1898,8,38.8,17.6,2,2,0.158,0.520,14.0,false,6.25,1.000,0.511,js8call
rtty,itu-poor,298,0.2089,7,39.8,17.6,2,2,0.156,0.510,16.0,false,6.25,1.000,0.392,ft8
rtty,itu-poor,310,0.1892,7,39.9,17.6,2,2,0.155,0.470,18.0,false,6.25,1.000,0.535,js8call
rtty,itu-poor,339,0.1505,6,39.1,17.6,2,2,0.155,0.530,12.0,false,6.25,1.000,0.611,js8call
rtty,itu-poor,333,0.1542,7,38.9,17.6,2,2,0.151,0.505,13.0,false,6.25,1.000,0.602,ft8
rtty,itu-poor,339,0.1518,6,39.0,17.6,2,2,0.154,0.515,14.0,false,6.25,1.000,0.607,js8call
rtty,itu-poor,328,0.1913,10,38.7,17.6,2,2,0.158,0.495,15.0,false,6.25,1.000,0.620,js8call
rtty,itu-poor,339,0.1574,6,39.3,17.6,2,2,0.154,0.530,14.0,false,6.25,1.000,0.532,js8call
rtty,itu-poor,310,0.2083,10,38.8,17.6,2,2,0.157,0.495,17.0,false,6.25,1.000,0.478,ft8
rtty,itu-poor,310,0.1886,8,39.8,17.6,2,2,0.154,0.490,14.0,false,6.25,1.000,0.550,js8call
rtty,itu-poor,339,0.1498,6,39.1,17.6,2,2,0.154,0.520,15.0,false,6.25,1.000,0.628,js8call
rtty,itu-poor,310,0.1897,7,39.9,17.6,2,2,0.153,0.480,16.0,false,6.25,1.000,0.560,js8call
rtty,itu-poor,328,0.1910,11,38.7,17.6,2,2,0.158,0.495,18.0,false,6.25,1.000,0.601,js8call
rtty,itu-poor,328,0.1659,7,39.1,17.6,2,2,0.156,0.520,15.0,false,6.25,1.000,0.543,js8call
rtty,itu-poor,304,0.1955,7,40.6,11.7,2,2,0.153,0.465,12.0,false,6.25,1.000,0.625,js8call
rtty,itu-poor,304,0.1848,7,40.4,17.6,2,2,0.157,0.500,11.0,false,6.25,1.000,0.535,ft8
rtty,itu-poor,310,0.1863,6,39.2,17.6,2,2,0.156,0.525,15.0,false,6.25,1.000,0.531,js8call
rtty,itu-poor,304,0.2232,9,38.6,17.6,2,2,0.157,0.515,16.0,false,6.25,1.000,0.592,js8call
rtty,itu-poor,333,0.1519,7,38.9,17.6,2,2,0.150,0.490,14.0,false,6.25,1.000,0.609,ft8
rtty,itu-poor,298,0.1913,7,40.4,17.6,2,2,0.157,0.470,12.0,false,6.25,1.000,0.533,ft8
rtty,itu-poor,310,0.1901,7,40.6,11.7,2,2,0.154,0.475,13.0,false,6.25,1.000,0.653,js8call
rtty,itu-poor,304,0.1810,7,40.3,17.6,2,2,0.158,0.475,12.0,false,6.25,1.000,0.541,ft8
rtty,itu-poor,333,0.1559,9,39.1,17.6,2,1,0.154,0.520,15.0,false,6.25,1.000,0.627,js8call
rtty,itu-poor,333,0.1863,8,38.2,11.7,2,2,0.157,0.555,14.0,false,6.25,1.000,0.528,ft8
rtty,itu-poor,339,0.1758,10,38.6,17.6,2,2,0.156,0.505,17.0,false,6.25,1.000,0.606,js8call
rtty,itu-poor,310,0.1895,8,39.8,17.6,2,2,0.155,0.505,16.0,false,6.25,1.000,0.390,ft8
rtty,itu-poor,298,0.1914,7,40.4,17.6,2,2,0.160,0.485,11.0,false,6.25,1.000,0.537,ft8
rtty,fade-0.2Hz,1078,0.0088,20,62.2,17.6,10,7,0.109,0.470,0.5,false,6.25,1.000,0.491,js8call
rtty,fade-0.2Hz,990,0.0112,20,63.2,17.6,10,6,0.109,0.475,0.5,false,6.25,1.000,0.466,js8call
rtty,fade-0.2Hz,1078,0.0088,20,63.1,17.6,10,6,0.109,0.475,0.5,false,6.25,1.000,0.466,js8call
rtty,fade-0.2Hz,1171,0.0066,20,62.9,17.6,9,2,0.109,0.475,0.5,false,6.25,1.000,0.496,js8call
rtty,fade-0.2Hz,1136,0.0075,20,62.7,17.6,10,4,0.109,0.475,0.5,false,6.25,1.000,0.466,js8call
rtty,fade-0.2Hz,1078,0.0088,20,62.2,17.6,10,7,0.109,0.470,0.5,false,6.25,1.000,0.491,js8call
rtty,fade-0.2Hz,896,0.0131,20,64.5,11.7,10,9,0.109,0.470,0.5,false,6.25,1.000,0.515,ft8
rtty,fade-0.2Hz,896,0.0131,20,64.5,11.7,10,9,0.109,0.470,0.5,false,6.25,1.000,0.515,ft8
rtty,fade-0.2Hz,1136,0.0075,20,62.7,17.6,10,4,0.109,0.475,0.5,false,6.25,1.000,0.466,js8call
rtty,fade-0.2Hz,1078,0.0083,20,62.5,17.6,10,6,0.109,0.475,0.5,false,6.25,1.000,0.759,js8call
rtty,fade-0.2Hz,984,0.0108,20,64.4,11.7,10,9,0.109,0.470,1.5,false,6.25,1.000,0.790,js8call
rtty,fade-0.2Hz,1136,0.0075,20,62.7,17.6,10,4,0.109,0.475,0.5,false,6.25,1.000,0.466,js8call
rtty,fade-0.2Hz,1136,0.0075,20,62.7,17.6,10,4,0.109,0.475,0.5,false,6.25,1.000,0.466,js8call
rtty,fade-0.2Hz,1171,0.0066,20,62.9,17.6,9,2,0.109,0.475,0.5,false,6.25,1.000,0.496,js8call
rtty,fade-0.2Hz,1136,0.0075,20,62.7,17.6,10,4,0.109,0.475,0.5,false,6.25,1.000,0.466,js8call
rtty,fade-0.2Hz,1078,0.0088,20,62.2,17.6,10,7,0.109,0.470,0.5,false,6.25,1.000,0.491,js8call
rtty,fade-0.2Hz,984,0.0108,20,64.4,11.7,10,9,0.109,0.470,1.5,false,6.25,1.000,0.790,js8call
rtty,fade-0.2Hz,1078,0.0088,20,62.2,17.6,10,7,0.109,0.470,0.5,false,6.25,1.000,0.491,js8call
rtty,fade-0.2Hz,990,0.0112,20,63.2,17.6,10,6,0.109,0.475,0.5,false,6.25,1.000,0.466,js8call
rtty,fade-0.2Hz,1171,0.0066,20,62.9,17.6,9,2,0.109,0.475,0.5,false,6.25,1.000,0.496,js8call
rtty,fade-0.2Hz,1078,0.0088,20,63.1,17.6,10,6,0.109,0.475,0.5,false,6.25,1.000,0.466,js8call
rtty,fade-0.2Hz,990,0.0112,20,63.2,17.6,10,6,0.109,0.475,0.5,false,6.25,1.000,0.466,js8call
rtty,fade-0.2Hz,1078,0.0103,20,61.0,23.4,10,6,0.109,0.475,0.5,false,6.25,1.000,0.577,ft8
rtty,fade-0.2Hz,990,0.0124,20,61.6,23.4,10,8,0.109,0.475,0.5,false,6.25,1.000,0.553,js8call
rtty,fade-0.2Hz,1171,0.0066,20,62.9,17.6,9,2,0.109,0.475,0.5,false,6.25,1.000,0.496,js8call
rtty,fade-0.2Hz,1136,0.0075,20,62.7,17.6,10,4,0.109,0.475,0.5,false,6.25,1.000,0.466,js8call
rtty,fade-0.2Hz,1078,0.0103,20,61.0,23.4,10,6,0.109,0.475,0.5,false,6.25,1.000,0.577,ft8
rtty,fade-0.2Hz,990,0.0112,20,63.2,17.6,10,6,0.109,0.475,0.5,false,6.25,1.000,0.466,js8call
rtty,fade-0.2Hz,1136,0.0075,20,62.7,17.6,10,4,0.109,0.475,0.5,false,6.25,1.000,0.466,js8call
rtty,fade-0.2Hz,1136,0.0075,20,62.7,17.6,10,4,0.109,0.475,0.5,false,6.25,1.000,0.466,js8call
rtty,fade-0.5Hz,1078,0.0094,20,62.5,17.6,10,6,0.236,0.500,1.0,false,6.25,1.000,0.483,js8call
rtty,fade-0.5Hz,1078,0.0094,20,62.5,17.6,10,6,0.236,0.500,1.0,false,6.25,1.000,0.483,js8call
rtty,fade-0.5Hz,1078,0.0094,20,62.5,17.6,10,6,0.236,0.500,1.0,false,6.25,1.000,0.483,js8call
rtty,fade-0.5Hz,990,0.0118,20,63.1,11.7,10,7,0.236,0.500,1.0,false,6.25,1.000,1.000,js8call
rtty,fade-0.5Hz,1078,0.0089,20,62.6,17.6,9,2,0.236,0.500,1.0,false,6.25,1.000,0.483,js8call
rtty,fade-0.5Hz,1078,0.0085,20,62.5,17.6,10,5,0.236,0.500,1.0,false,6.25,1.000,0.778,js8call
rtty,fade-0.5Hz,1078,0.0091,20,62.8,17.6,9,3,0.236,0.500,1.0,false,6.25,1.000,0.483,js8call
rtty,fade-0.5Hz,990,0.0128,20,61.4,23.4,10,8,0.236,0.500,1.0,false,6.25,1.000,0.629,js8call
rtty,fade-0.5Hz,990,0.0128,20,61.4,23.4,10,8,0.236,0.500,1.0,false,6.25,1.000,0.629,js8call
rtty,fade-0.5Hz,1171,0.0070,20,63.0,17.6,10,2,0.236,0.500,1.0,false,6.25,1.000,0.483,js8call
rtty,fade-0.5Hz,990,0.0118,20,63.1,11.7,10,7,0.236,0.500,1.0,false,6.25,1.000,1.000,js8call
rtty,fade-0.5Hz,896,0.0132,20,64.8,11.7,10,9,0.236,0.495,1.0,false,6.25,1.000,0.387,ft8
rtty,fade-0.5Hz,1078,0.0094,20,62.5,17.6,10,6,0.236,0.500,1.0,false,6.25,1.000,0.483,js8call
rtty,fade-0.5Hz,990,0.0118,20,63.1,11.7,10,7,0.236,0.500,1.0,false,6.25,1.000,1.000,js8call
rtty,fade-0.5Hz,990,0.0118,20,63.1,11.7,10,7,0.236,0.500,1.0,false,6.25,1.000,1.000,js8call
rtty,fade-0.5Hz,1078,0.0091,20,62.8,17.6,9,3,0.236,0.500,1.0,false,6.25,1.000,0.483,js8call
rtty,fade-0.5Hz,990,0.0120,20,62.1,11.7,10,7,0.236,0.500,1.0,false,6.25,1.000,0.502,js8call
rtty,fade-0.5Hz,990,0.0118,20,63.1,11.7,10,7,0.236,0.500,1.0,false,6.25,1.000,1.000,js8call
rtty,fade-0.5Hz,990,0.0128,20,61.4,23.4,10,8,0.236,0.500,1.0,false,6.25,1.000,0.629,js8call
rtty,fade-0.5Hz,990,0.0118,20,63.1,11.7,10,7,0.236,0.500,1.0,false,6.25,1.000,1.000,js8call
rtty,fade-0.5Hz,1078,0.0105,20,61.0,11.7,10,6,0.236,0.500,1.0,false,6.25,1.000,0.637,js8call
rtty,fade-0.5Hz,1078,0.0085,20,62.5,17.6,10,5,0.236,0.500,1.0,false,6.25,1.000,0.778,js8call
rtty,fade-0.5Hz,1078,0.0091,20,62.8,17.6,9,3,0.236,0.500,1.0,false,6.25,1.000,0.483,js8call
rtty,fade-0.5Hz,1171,0.0070,20,63.0,17.6,10,2,0.236,0.500,1.0,false,6.25,1.000,0.483,js8call
rtty,fade-0.5Hz,1078,0.0105,20,61.0,11.7,10,6,0.236,0.500,1.0,false,6.25,1.000,0.637,js8call
rtty,fade-0.5Hz,1078,0.0094,20,62.5,17.6,10,6,0.236,0.500,1.0,false,6.25,1.000,0.483,js8call
rtty,fade-0.5Hz,990,0.0120,20,62.1,11.7,10,7,0.236,0.500,1.0,false,6.25,1.000,0.502,js8call
rtty,fade-0.5Hz,1078,0.0105,20,61.0,11.7,10,6,0.236,0.500,1.0,false,6.25,1.000,0.637,js8call
rtty,fade-0.5Hz,1171,0.0070,20,63.0,17.6,10,2,0.236,0.500,1.0,false,6.25,1.000,0.483,js8call
rtty,fade-0.5Hz,1078,0.0094,20,62.5,17.6,10,6,0.236,0.500,1.0,false,6.25,1.000,0.483,js8call
rtty,fade-1.0Hz,1166,0.0077,20,62.1,17.6,10,6,0.236,0.500,2.0,false,6.25,1.000,0.637,ft8
rtty,fade-1.0Hz,1166,0.0064,20,63.7,17.6,10,2,0.236,0.500,2.0,false,6.25,1.000,0.453,ft8
rtty,fade-1.0Hz,943,0.0108,20,65.5,17.6,10,9,0.236,0.500,2.0,false,6.25,1.000,0.476,ft8
rtty,fade-1.0Hz,990,0.0106,20,63.8,17.6,10,6,0.236,0.500,2.0,false,6.25,1.000,0.453,ft8
rtty,fade-1.0Hz,1166,0.0077,20,62.1,17.6,10,6,0.236,0.500,2.0,false,6.25,1.000,0.637,ft8
rtty,fade-1.0Hz,990,0.0106,20,63.8,17.6,10,6,0.236,0.500,2.0,false,6.25,1.000,0.453,ft8
rtty,fade-1.0Hz,896,0.0136,20,64.5,11.7,10,9,0.236,0.500,2.0,false,6.25,1.000,0.598,ft8
rtty,fade-1.0Hz,990,0.0106,20,63.8,17.6,10,6,0.236,0.500,2.0,false,6.25,1.000,0.453,ft8
rtty,fade-1.0Hz,990,0.0106,20,63.8,17.6,10,6,0.236,0.500,2.0,false,6.25,1.000,0.453,ft8
rtty,fade-1.0Hz,990,0.0106,20,63.8,17.6,10,6,0.236,0.500,2.0,false,6.25,1.000,0.453,ft8
rtty,fade-1.0Hz,1166,0.0062,20,62.9,17.6,10,4,0.236,0.500,2.0,false,6.25,1.000,1.000,ft8
rtty,fade-1.0Hz,1078,0.0087,20,62.8,17.6,10,7,0.236,0.500,2.0,false,6.25,1.000,0.393,ft8
rtty,fade-1.0Hz,990,0.0106,20,63.8,17.6,10,6,0.236,0.500,2.0,false,6.25,1.000,0.453,ft8
rtty,fade-1.0Hz,990,0.0106,20,63.8,17.6,10,6,0.236,0.500,2.0,false,6.25,1.000,0.453,ft8
rtty,fade-1.0Hz,990,0.0106,20,63.8,17.6,10,6,0.236,0.500,2.0,false,6.25,1.000,0.453,ft8
rtty,fade-1.0Hz,896,0.0136,20,64.5,11.7,10,9,0.236,0.500,2.0,false,6.25,1.000,0.598,ft8
rtty,fade-1.0Hz,896,0.0136,20,64.5,11.7,10,9,0.236,0.500,2.0,false,6.25,1.000,0.598,ft8
rtty,fade-1.0Hz,990,0.0106,20,63.8,17.6,10,6,0.236,0.500,2.0,false,6.25,1.000,0.453,ft8
rtty,fade-1.0Hz,1171,0.0061,20,64.0,17.6,10,4,0.236,0.500,2.0,false,6.25,1.000,0.453,ft8
rtty,fade-1.0Hz,990,0.0116,20,62.9,17.6,10,9,0.236,0.500,2.0,false,6.25,1.000,0.439,ft8
rtty,fade-1.0Hz,896,0.0136,20,64.5,11.7,10,9,0.236,0.500,2.0,false,6.25,1.000,0.598,ft8
rtty,fade-1.0Hz,1166,0.0064,20,63.7,17.6,10,2,0.236,0.500,2.0,false,6.25,1.000,0.453,ft8
rtty,fade-1.0Hz,896,0.0136,20,64.5,11.7,10,9,0.236,0.500,2.0,false,6.25,1.000,0.598,ft8
rtty,fade-1.0Hz,990,0.0116,20,62.9,17.6,10,9,0.236,0.500,2.0,false,6.25,1.000,0.439,ft8
rtty,fade-1.0Hz,1166,0.0077,20,62.1,17.6,10,6,0.236,0.500,2.0,false,6.25,1.000,0.637,ft8
rtty,fade-1.0Hz,1171,0.0061,20,64.0,17.6,10,4,0.236,0.500,2.0,false,6.25,1.000,0.453,ft8
rtty,fade-1.0Hz,943,0.0108,20,65.5,17.6,10,9,0.236,0.500,2.0,false,6.25,1.000,0.476,ft8
rtty,fade-1.0Hz,1078,0.0087,20,62.8,17.6,10,7,0.236,0.500,2.0,false,6.25,1.000,0.393,ft8
rtty,fade-1.0Hz,943,0.0108,20,65.5,17.6,10,9,0.236,0.500,2.0,false,6.25,1.000,0.476,ft8
rtty,fade-1.0Hz,1166,0.0077,20,62.1,17.6,10,6,0.236,0.500,2.0,false,6.25,1.000,0.637,ft8
rtty,fade-2.0Hz,984,0.0105,20,64.6,11.7,10,9,0.125,0.485,4.0,false,6.25,1.000,0.616,js8call
rtty,fade-2.0Hz,1078,0.0099,20,61.7,17.6,10,6,0.125,0.485,4.0,false,6.25,1.000,0.455,ft8
rtty,fade-2.0Hz,1171,0.0063,20,63.8,17.6,9,2,0.125,0.490,4.0,false,6.25,1.000,0.555,js8call
rtty,fade-2.0Hz,1166,0.0066,20,63.5,17.6,10,4,0.125,0.500,4.0,false,6.25,1.000,0.360,js8call
rtty,fade-2.0Hz,1171,0.0063,20,63.8,17.6,9,2,0.125,0.490,4.0,false,6.25,1.000,0.555,js8call
rtty,fade-2.0Hz,990,0.0119,20,62.4,17.6,10,7,0.125,0.480,4.0,false,6.25,1.000,0.535,js8call
rtty,fade-2.0Hz,1166,0.0066,20,63.5,17.6,10,4,0.125,0.500,4.0,false,6.25,1.000,0.360,js8call
rtty,fade-2.0Hz,990,0.0106,20,63.9,17.6,10,7,0.125,0.500,4.0,false,6.25,1.000,0.360,js8call
rtty,fade-2.0Hz,984,0.0105,20,64.6,11.7,10,9,0.125,0.485,4.0,false,6.25,1.000,0.616,js8call
rtty,fade-2.0Hz,990,0.0119,20,62.4,17.6,10,7,0.125,0.480,4.0,false,6.25,1.000,0.535,js8call
rtty,fade-2.0Hz,990,0.0109,20,63.7,17.6,10,8,0.125,0.485,4.0,false,6.25,1.000,0.360,js8call
rtty,fade-2.0Hz,990,0.0119,20,62.4,17.6,10,7,0.125,0.480,4.0,false,6.25,1.000,0.535,js8call
rtty,fade-2.0Hz,1171,0.0063,20,63.8,17.6,9,2,0.125,0.490,4.0,false,6.25,1.000,0.555,js8call
rtty,fade-2.0Hz,1078,0.0085,20,63.0,17.6,10,7,0.125,0.500,4.0,false,6.25,1.000,0.477,js8call
rtty,fade-2.0Hz,1136,0.0069,20,62.5,17.6,10,6,0.125,0.505,4.0,false,6.25,1.000,0.676,ft8
rtty,fade-2.0Hz,1078,0.0085,20,63.0,17.6,10,7,0.125,0.500,4.0,false,6.25,1.000,0.477,js8call
rtty,fade-2.0Hz,1171,0.0063,20,63.8,17.6,9,2,0.125,0.490,4.0,false,6.25,1.000,0.555,js8call
rtty,fade-2.0Hz,1136,0.0069,20,62.5,17.6,10,6,0.125,0.505,4.0,false,6.25,1.000,0.676,ft8
rtty,fade-2.0Hz,990,0.0106,20,63.9,17.6,10,7,0.125,0.500,4.0,false,6.25,1.000,0.360,js8call
rtty,fade-2.0Hz,990,0.0109,20,63.7,17.6,10,8,0.125,0.485,4.0,false,6.25,1.000,0.360,js8call
rtty,fade-2.0Hz,1171,0.0063,20,63.8,17.6,9,2,0.125,0.490,4.0,false,6.25,1.000,0.555,js8call
rtty,fade-2.0Hz,990,0.0119,20,62.4,17.6,10,7,0.125,0.480,4.0,false,6.25,1.000,0.535,js8call
rtty,fade-2.0Hz,896,0.0128,20,64.9,11.7,10,9,0.125,0.480,4.0,false,6.25,1.000,0.417,ft8
rtty,fade-2.0Hz,1166,0.0066,20,63.5,17.6,10,4,0.125,0.500,4.0,false,6.25,1.000,0.360,js8call
rtty,fade-2.0Hz,990,0.0106,20,63.9,17.6,10,7,0.125,0.500,4.0,false,6.25,1.000,0.360,js8call
rtty,fade-2.0Hz,990,0.0119,20,62.4,17.6,10,7,0.125,0.480,4.0,false,6.25,1.000,0.535,js8call
rtty,fade-2.0Hz,896,0.0128,20,64.9,11.7,10,9,0.125,0.480,4.0,false,6.25,1.000,0.417,ft8
rtty,fade-2.0Hz,1078,0.0085,20,63.0,17.6,10,7,0.125,0.500,4.0,false,6.25,1.000,0.477,js8call
rtty,fade-2.0Hz,1136,0.0069,20,62.5,17.6,10,6,0.125,0.505,4.0,false,6.25,1.000,0.676,ft8
rtty,fade-2.0Hz,990,0.0109,20,63.7,17.6,10,8,0.125,0.485,4.0,false,6.25,1.000,0.360,js8call
psk31,clean-800Hz,1371,0.0000,20,121.7,35.2,12,1,0.318,0.616,35.4,false,31.25,1.000,0.499,js8call
psk31,clean-800Hz,1371,0.0000,20,121.7,29.3,12,1,0.305,0.652,31.8,false,31.25,1.000,0.459,js8call
psk31,clean-800Hz,1417,0.0000,20,121.4,29.3,12,1,0.312,0.631,33.8,false,31.25,1.000,0.466,ft8
psk31,clean-800Hz,1371,0.0000,20,121.6,29.3,12,1,0.305,0.652,31.8,false,31.25,1.000,0.459,js8call
psk31,clean-800Hz,1371,0.0000,20,122.1,29.3,12,1,0.307,0.646,32.3,false,31.25,1.000,0.459,js8call
psk31,clean-800Hz,1371,0.0000,20,122.1,29.3,12,1,0.307,0.646,32.3,false,31.25,1.000,0.459,js8call
psk31,clean-800Hz,1371,0.0000,20,121.6,29.3,12,1,0.313,0.626,34.3,false,31.25,1.000,1.000,ft8
psk31,clean-800Hz,1417,0.0000,20,122.0,29.3,12,1,0.303,0.657,31.3,false,31.25,1.000,0.443,js8call
psk31,clean-800Hz,1371,0.0000,20,121.6,29.3,12,1,0.305,0.652,31.8,false,31.25,1.000,0.459,js8call
psk31,clean-800Hz,1371,0.0000,20,121.1,41.0,12,1,0.320,0.621,34.8,false,31.25,1.000,0.339,ft8
psk31,clean-800Hz,1417,0.0000,20,122.0,29.3,12,1,0.303,0.657,31.3,false,31.25,1.000,0.443,js8call
psk31,clean-800Hz,1417,0.0000,20,122.0,29.3,12,1,0.303,0.657,31.3,false,31.25,1.000,0.443,js8call
psk31,clean-800Hz,1371,0.0000,20,122.1,29.3,12,1,0.307,0.646,32.3,false,31.25,1.000,0.459,js8call
psk31,clean-800Hz,1371,0.0000,20,121.5,35.2,12,1,0.315,0.621,34.8,false,31.25,1.000,0.354,ft8
psk31,clean-800Hz,1371,0.0000,20,121.5,35.2,12,1,0.315,0.621,34.8,false,31.25,1.000,0.354,ft8
psk31,clean-800Hz,1371,0.0000,20,121.7,35.2,12,1,0.318,0.616,35.4,false,31.25,1.000,0.499,js8call
psk31,clean-800Hz,1417,0.0000,20,122.0,29.3,12,1,0.303,0.657,31.3,false,31.25,1.000,0.443,js8call
psk31,clean-800Hz,1371,0.0000,20,122.1,29.3,12,1,0.300,0.662,30.8,false,31.25,1.000,0.459,js8call
psk31,clean-800Hz,1371,0.0000,20,121.6,29.3,12,1,0.313,0.626,34.3,false,31.25,1.000,1.000,ft8
psk31,clean-800Hz,1371,0.0000,20,121.6,29.3,12,1,0.305,0.652,31.8,false,31.25,1.000,0.459,js8call
psk31,clean-800Hz,1417,0.0000,20,122.0,29.3,12,1,0.303,0.657,31.3,false,31.25,1.000,0.443,js8call
psk31,clean-800Hz,1371,0.0000,20,122.1,29.3,12,1,0.300,0.662,30.8,false,31.25,1.000,0.459,js8call
psk31,clean-800Hz,1371,0.0000,20,121.6,29.3,12,1,0.313,0.626,34.3,false,31.25,1.000,1.000,ft8
psk31,clean-800Hz,1371,0.0000,20,122.1,29.3,12,1,0.300,0.662,30.8,false,31.25,1.000,0.459,js8call
psk31,clean-800Hz,1371,0.0000,20,121.6,29.3,12,1,0.305,0.652,31.8,false,31.25,1.000,0.459,js8call
psk31,clean-800Hz,1417,0.0000,20,121.4,29.3,12,1,0.312,0.631,33.8,false,31.25,1.000,0.466,ft8
psk31,clean-800Hz,1371,0.0000,20,121.5,35.2,12,1,0.315,0.621,34.8,false,31.25,1.000,0.354,ft8
psk31,clean-800Hz,1371,0.0000,20,121.7,29.3,12,1,0.305,0.652,31.8,false,31.25,1.000,0.459,js8call
psk31,clean-800Hz,1371,0.0000,20,121.6,29.3,12,1,0.305,0.652,31.8,false,31.25,1.000,0.459,js8call
psk31,clean-800Hz,1371,0.0000,20,121.7,29.3,12,1,0.305,0.652,31.8,false,31.25,1.000,0.459,js8call
psk31,clean-1000Hz,1458,0.0000,20,118.6,29.3,11,0,0.303,0.657,31.3,false,31.25,1.000,0.549,js8call
psk31,clean-1000Hz,1412,0.0000,20,118.6,29.3,11,0,0.300,0.662,30.8,false,31.25,1.000,0.528,js8call
psk31,clean-1000Hz,1412,0.0000,20,118.6,29.3,11,0,0.300,0.662,30.8,false,31.25,1.000,0.528,js8call
psk31,clean-1000Hz,1365,0.0000,20,117.7,35.2,11,0,0.318,0.616,35.4,false,31.25,1.000,0.500,js8call
psk31,clean-1000Hz,1365,0.0000,20,117.7,35.2,11,0,0.318,0.616,35.4,false,31.25,1.000,0.500,js8call
psk31,clean-1000Hz,1365,0.0000,20,117.3,35.2,10,0,0.320,0.621,34.8,false,31.25,1.000,0.339,ft8
psk31,clean-1000Hz,1365,0.0000,20,117.7,35.2,11,0,0.318,0.616,35.4,false,31.25,1.000,0.500,js8call
psk31,clean-1000Hz,1300,0.0000,20,117.9,35.2,11,0,0.313,0.626,34.3,false,31.25,1.000,0.549,js8call
psk31,clean-1000Hz,1300,0.0000,20,117.9,35.2,11,0,0.313,0.626,34.3,false,31.25,1.000,0.549,js8call
psk31,clean-1000Hz,1376,0.0000,20,118.2,29.3,11,0,0.305,0.652,31.8,false,31.25,1.000,0.528,js8call
psk31,clean-1000Hz,1365,0.0000,20,117.7,35.2,11,0,0.318,0.616,35.4,false,31.25,1.000,0.500,js8call
psk31,clean-1000Hz,1394,0.0000,20,117.7,35.2,11,0,0.315,0.621,34.8,false,31.25,1.000,0.338,ft8
psk31,clean-1000Hz,1365,0.0000,20,117.7,35.2,11,0,0.318,0.616,35.4,false,31.25,1.000,0.500,js8call
psk31,clean-1000Hz,1365,0.0000,20,117.3,35.2,10,0,0.320,0.621,34.8,false,31.25,1.000,0.339,ft8
psk31,clean-1000Hz,1458,0.0000,20,118.6,29.3,11,0,0.303,0.657,31.3,false,31.25,1.000,0.549,js8call
psk31,clean-1000Hz,1412,0.0000,20,118.5,29.3,11,0,0.307,0.646,32.3,false,31.25,1.000,0.528,js8call
psk31,clean-1000Hz,1412,0.0000,20,118.6,29.3,11,0,0.300,0.662,30.8,false,31.25,1.000,0.528,js8call
psk31,clean-1000Hz,1365,0.0000,20,117.7,35.2,11,0,0.318,0.616,35.4,false,31.25,1.000,0.500,js8call
psk31,clean-1000Hz,1412,0.0000,20,118.5,29.3,11,0,0.307,0.646,32.3,false,31.25,1.000,0.528,js8call
psk31,clean-1000Hz,1365,0.0000,20,117.7,35.2,11,0,0.318,0.616,35.4,false,31.25,1.000,0.500,js8call
psk31,clean-1000Hz,1458,0.0000,20,118.6,29.3,11,0,0.303,0.657,31.3,false,31.25,1.000,0.549,js8call
psk31,clean-1000Hz,1376,0.0000,20,118.2,29.3,11,0,0.305,0.652,31.8,false,31.25,1.000,0.528,js8call
psk31,clean-1000Hz,1412,0.0000,20,118.4,29.3,11,0,0.305,0.652,31.8,false,31.25,1.000,0.528,js8call
psk31,clean-1000Hz,1412,0.0000,20,118.6,29.3,11,0,0.300,0.662,30.8,false,31.25,1.000,0.528,js8call
psk31,clean-1000Hz,1412,0.0000,20,118.4,29.3,11,0,0.305,0.652,31.8,false,31.25,1.000,0.528,js8call
psk31,clean-1000Hz,1300,0.0000,20,117.9,35.2,11,0,0.313,0.626,34.3,false,31.25,1.000,0.549,js8call
psk31,clean-1000Hz,1458,0.0000,20,117.9,35.2,11,0,0.312,0.631,33.8,false,31.25,1.000,0.458,ft8
psk31,clean-1000Hz,1412,0.0000,20,118.5,29.3,11,0,0.307,0.646,32.3,false,31.25,1.000,0.528,js8call
psk31,clean-1000Hz,1412,0.0000,20,118.6,29.3,11,0,0.300,0.662,30.8,false,31.25,1.000,0.528,js8call
psk31,clean-1000Hz,1365,0.0000,20,117.3,35.2,10,0,0.320,0.621,34.8,false,31.25,1.000,0.339,ft8
psk31,clean-1200Hz,1300,0.0000,20,116.6,35.2,9,0,0.315,0.621,34.8,false,31.25,1.000,0.354,ft8
psk31,clean-1200Hz,1300,0.0000,20,116.9,29.3,9,0,0.300,0.662,30.8,false,31.25,1.000,0.444,js8call
psk31,clean-1200Hz,1300,0.0000,20,117.0,29.3,9,0,0.307,0.646,32.3,false,31.25,1.000,0.444,js8call
psk31,clean-1200Hz,1300,0.0000,20,116.9,35.2,9,0,0.305,0.652,31.8,false,31.25,1.000,0.444,js8call
psk31,clean-1200Hz,1300,0.0000,20,117.0,29.3,9,0,0.307,0.646,32.3,false,31.25,1.000,0.444,js8call
psk31,clean-1200Hz,1300,0.0000,20,116.6,35.2,9,0,0.315,0.621,34.8,false,31.25,1.000,0.354,ft8
psk31,clean-1200Hz,1207,0.0000,20,116.7,35.2,9,0,0.313,0.626,34.3,false,31.25,1.000,0.970,ft8
psk31,clean-1200Hz,1300,0.0000,20,116.6,35.2,9,0,0.318,0.616,35.4,false,31.25,1.000,0.504,js8call
psk31,clean-1200Hz,1300,0.0000,20,117.0,29.3,9,0,0.307,0.646,32.3,false,31.25,1.000,0.444,js8call
psk31,clean-1200Hz,1300,0.0000,20,116.5,35.2,9,0,0.320,0.621,34.8,false,31.25,1.000,0.337,ft8
psk31,clean-1200Hz,1300,0.0000,20,116.9,29.3,9,0,0.300,0.662,30.8,false,31.25,1.000,0.444,js8call
psk31,clean-1200Hz,1300,0.0000,20,116.6,35.2,9,0,0.318,0.616,35.4,false,31.25,1.000,0.504,js8call
psk31,clean-1200Hz,1300,0.0000,20,117.0,29.3,9,0,0.307,0.646,32.3,false,31.25,1.000,0.444,js8call
psk31,clean-1200Hz,1207,0.0000,20,116.7,35.2,9,0,0.313,0.626,34.3,false,31.25,1.000,0.970,ft8
psk31,clean-1200Hz,1318,0.0000,20,117.0,29.3,9,0,0.303,0.657,31.3,false,31.25,1.000,0.460,js8call
psk31,clean-1200Hz,1300,0.0000,20,116.6,35.2,9,0,0.318,0.616,35.4,false,31.25,1.000,0.504,js8call
psk31,clean-1200Hz,1207,0.0000,20,116.7,35.2,9,0,0.313,0.626,34.3,false,31.25,1.000,0.970,ft8
psk31,clean-1200Hz,1300,0.0000,20,116.9,35.2,9,0,0.305,0.652,31.8,false,31.25,1.000,0.444,js8call
psk31,clean-1200Hz,1300,0.0000,20,116.9,35.2,9,0,0.305,0.652,31.8,false,31.25,1.000,0.444,js8call
psk31,clean-1200Hz,1300,0.0000,20,116.5,35.2,9,0,0.320,0.621,34.8,false,31.25,1.000,0.337,ft8
psk31,clean-1200Hz,1300,0.0000,20,116.6,35.2,9,0,0.318,0.616,35.4,false,31.25,1.000,0.504,js8call
psk31,clean-1200Hz,1300,0.0000,20,116.6,35.2,9,0,0.312,0.631,33.8,false,31.25,1.000,0.462,ft8
psk31,clean-1200Hz,1300,0.0000,20,116.9,35.2,9,0,0.305,0.652,31.8,false,31.25,1.000,0.444,js8call
psk31,clean-1200Hz,1300,0.0000,20,116.9,35.2,9,0,0.305,0.652,31.8,false,31.25,1.000,0.444,js8call
psk31,clean-1200Hz,1300,0.0000,20,116.5,35.2,9,0,0.320,0.621,34.8,false,31.25,1.000,0.337,ft8
psk31,clean-1200Hz,1300,0.0000,20,116.6,35.2,9,0,0.318,0.616,35.4,false,31.25,1.000,0.504,js8call
psk31,clean-1200Hz,1300,0.0000,20,116.5,35.2,9,0,0.320,0.621,34.8,false,31.25,1.000,0.337,ft8
psk31,clean-1200Hz,1300,0.0000,20,116.6,35.2,9,0,0.312,0.631,33.8,false,31.25,1.000,0.462,ft8
psk31,clean-1200Hz,1300,0.0000,20,116.9,35.2,9,0,0.305,0.652,31.8,false,31.25,1.000,0.444,js8call
psk31,clean-1200Hz,1300,0.0000,20,116.5,35.2,9,0,0.320,0.621,34.8,false,31.25,1.000,0.337,ft8
psk31,clean-1500Hz,1300,0.0000,20,117.8,35.2,9,0,0.315,0.621,34.8,false,31.25,1.000,0.353,ft8
psk31,clean-1500Hz,1300,0.0000,20,117.4,35.2,9,0,0.307,0.646,32.3,false,31.25,1.000,0.541,js8call
psk31,clean-1500Hz,1300,0.0000,20,117.6,35.2,9,0,0.300,0.662,30.8,false,31.25,1.000,0.541,js8call
psk31,clean-1500Hz,1347,0.0000,20,117.6,35.2,10,0,0.312,0.631,33.8,false,31.25,1.000,0.470,ft8
psk31,clean-1500Hz,1300,0.0000,20,117.4,35.2,9,0,0.307,0.646,32.3,false,31.25,1.000,0.541,js8call
psk31,clean-1500Hz,1300,0.0000,20,117.6,35.2,9,0,0.300,0.662,30.8,false,31.25,1.000,0.541,js8call
psk31,clean-1500Hz,1300,0.0000,20,117.4,35.2,9,0,0.320,0.621,34.8,false,31.25,1.000,0.340,ft8
psk31,clean-1500Hz,1300,0.0000,20,118.0,35.2,9,1,0.313,0.626,34.3,false,31.25,1.000,0.552,js8call
psk31,clean-1500Hz,1300,0.0000,20,117.4,35.2,9,0,0.307,0.646,32.3,false,31.25,1.000,0.541,js8call
psk31,clean-1500Hz,1347,0.0000,20,117.8,35.2,9,0,0.303,0.657,31.3,false,31.25,1.000,0.563,js8call
psk31,clean-1500Hz,1347,0.0000,20,117.6,35.2,10,0,0.312,0.631,33.8,false,31.25,1.000,0.470,ft8
psk31,clean-1500Hz,1347,0.0000,20,117.6,35.2,10,0,0.312,0.631,33.8,false,31.25,1.000,0.470,ft8
psk31,clean-1500Hz,1300,0.0000,20,117.9,35.2,9,0,0.318,0.616,35.4,false,31.25,1.000,0.506,js8call
psk31,clean-1500Hz,1300,0.0000,20,117.8,35.2,9,0,0.315,0.621,34.8,false,31.25,1.000,0.353,ft8
psk31,clean-1500Hz,1347,0.0000,20,117.6,35.2,10,0,0.312,0.631,33.8,false,31.25,1.000,0.470,ft8
psk31,clean-1500Hz,1347,0.0000,20,117.6,35.2,10,0,0.312,0.631,33.8,false,31.25,1.000,0.470,ft8
psk31,clean-1500Hz,1300,0.0000,20,117.9,35.2,9,0,0.318,0.616,35.4,false,31.25,1.000,0.506,js8call
psk31,clean-1500Hz,1300,0.0000,20,117.6,35.2,9,0,0.300,0.662,30.8,false,31.25,1.000,0.541,js8call
psk31,clean-1500Hz,1300,0.0000,20,117.9,35.2,9,0,0.318,0.616,35.4,false,31.25,1.000,0.506,js8call
psk31,clean-1500Hz,1300,0.0000,20,117.6,35.2,9,0,0.305,0.652,31.8,false,31.25,1.000,0.541,js8call
psk31,clean-1500Hz,1300,0.0000,20,117.5,35.2,9,0,0.305,0.652,31.8,false,31.25,1.000,0.541,js8call
psk31,clean-1500Hz,1300,0.0000,20,117.5,35.2,9,0,0.305,0.652,31.8,false,31.25,1.000,0.541,js8call
psk31,clean-1500Hz,1300,0.0000,20,118.0,35.2,9,1,0.313,0.626,34.3,false,31.25,1.000,0.552,js8call
psk31,clean-1500Hz,1347,0.0000,20,117.8,35.2,9,0,0.303,0.657,31.3,false,31.25,1.000,0.563,js8call
psk31,clean-1500Hz,1300,0.0000,20,117.5,35.2,9,0,0.305,0.652,31.8,false,31.25,1.000,0.541,js8call
psk31,clean-1500Hz,1300,0.0000,20,118.0,35.2,9,1,0.313,0.626,34.3,false,31.25,1.000,0.552,js8call
psk31,clean-1500Hz,1300,0.0000,20,117.4,35.2,9,0,0.320,0.621,34.8,false,31.25,1.000,0.340,ft8
psk31,clean-1500Hz,1347,0.0000,20,117.8,35.2,9,0,0.303,0.657,31.3,false,31.25,1.000,0.563,js8call
psk31,clean-1500Hz,1300,0.0000,20,117.9,35.2,9,0,0.318,0.616,35.4,false,31.25,1.000,0.506,js8call
psk31,clean-1500Hz,1300,0.0000,20,117.4,35.2,9,0,0.320,0.621,34.8,false,31.25,1.000,0.340,ft8
psk31,clean-2000Hz,1400,0.0000,20,117.6,35.2,9,0,0.312,0.631,33.8,false,31.25,1.000,0.452,ft8
psk31,clean-2000Hz,1271,0.0000,20,117.9,35.2,9,0,0.313,0.626,34.3,false,31.25,1.000,0.884,ft8
psk31,clean-2000Hz,1365,0.0000,20,117.9,29.3,11,0,0.303,0.657,31.3,false,31.25,1.000,0.492,js8call
psk31,clean-2000Hz,1318,0.0000,20,117.8,29.3,11,0,0.305,0.652,31.8,false,31.25,1.000,0.413,js8call
psk31,clean-2000Hz,1300,0.0000,20,117.4,35.2,9,0,0.320,0.621,34.8,false,31.25,1.000,0.339,ft8
psk31,clean-2000Hz,1300,0.0000,20,117.4,35.2,9,0,0.320,0.621,34.8,false,31.25,1.000,0.339,ft8
psk31,clean-2000Hz,1335,0.0000,20,117.8,35.2,9,0,0.318,0.616,35.4,false,31.25,1.000,0.508,js8call
psk31,clean-2000Hz,1318,0.0000,20,117.8,29.3,11,0,0.307,0.646,32.3,false,31.25,1.000,0.413,js8call
psk31,clean-2000Hz,1400,0.0000,20,117.6,35.2,9,0,0.312,0.631,33.8,false,31.25,1.000,0.452,ft8
psk31,clean-2000Hz,1318,0.0000,20,117.7,29.3,11,0,0.305,0.652,31.8,false,31.25,1.000,0.413,js8call
psk31,clean-2000Hz,1318,0.0000,20,117.7,29.3,11,0,0.305,0.652,31.8,false,31.25,1.000,0.413,js8call
psk31,clean-2000Hz,1318,0.0000,20,117.7,29.3,11,0,0.300,0.662,30.8,false,31.25,1.000,0.413,js8call
psk31,clean-2000Hz,1318,0.0000,20,117.7,29.3,11,0,0.300,0.662,30.8,false,31.25,1.000,0.413,js8call
psk31,clean-2000Hz,1318,0.0000,20,117.8,29.3,11,0,0.307,0.646,32.3,false,31.25,1.000,0.413,js8call
psk31,clean-2000Hz,1300,0.0000,20,117.4,35.2,9,0,0.320,0.621,34.8,false,31.25,1.000,0.339,ft8
psk31,clean-2000Hz,1365,0.0000,20,117.9,29.3,11,0,0.303,0.657,31.3,false,31.25,1.000,0.492,js8call
psk31,clean-2000Hz,1365,0.0000,20,117.9,29.3,11,0,0.303,0.657,31.3,false,31.25,1.000,0.492,js8call
psk31,clean-2000Hz,1335,0.0000,20,117.8,35.2,9,0,0.318,0.616,35.4,false,31.25,1.000,0.508,js8call
psk31,clean-2000Hz,1400,0.0000,20,117.6,35.2,9,0,0.312,0.631,33.8,false,31.25,1.000,0.452,ft8
psk31,clean-2000Hz,1318,0.0000,20,117.8,29.3,11,0,0.305,0.652,31.8,false,31.25,1.000,0.413,js8call
psk31,clean-2000Hz,1318,0.0000,20,117.7,29.3,11,0,0.300,0.662,30.8,false,31.25,1.000,0.413,js8call
psk31,clean-2000Hz,1335,0.0000,20,117.4,35.2,9,0,0.315,0.621,34.8,false,31.25,1.000,0.351,ft8
psk31,clean-2000Hz,1318,0.0000,20,117.8,29.3,11,0,0.305,0.652,31.8,false,31.25,1.000,0.413,js8call
psk31,clean-2000Hz,1335,0.0000,20,117.8,35.2,9,0,0.318,0.616,35.4,false,31.25,1.000,0.508,js8call
psk31,clean-2000Hz,1300,0.0000,20,117.4,35.2,9,0,0.320,0.621,34.8,false,31.25,1.000,0.339,ft8
psk31,clean-2000Hz,1300,0.0000,20,117.4,35.2,9,0,0.320,0.621,34.8,false,31.25,1.000,0.339,ft8
psk31,clean-2000Hz,1335,0.0000,20,117.8,35.2,9,0,0.318,0.616,35.4,false,31.25,1.000,0.508,js8call
psk31,clean-2000Hz,1318,0.0000,20,117.7,29.3,11,0,0.305,0.652,31.8,false,31.25,1.000,0.413,js8call
psk31,clean-2000Hz,1300,0.0000,20,117.4,35.2,9,0,0.320,0.621,34.8,false,31.25,1.000,0.339,ft8
psk31,clean-2000Hz,1365,0.0000,20,117.9,29.3,11,0,0.303,0.657,31.3,false,31.25,1.000,0.492,js8call
psk31,clean-2500Hz,1300,0.0000,20,117.0,35.2,11,2,0.320,0.621,34.8,false,31.25,1.000,0.339,ft8
psk31,clean-2500Hz,1271,0.0000,20,117.4,35.2,11,2,0.313,0.626,34.3,false,31.25,1.000,0.549,js8call
psk31,clean-2500Hz,1300,0.0000,20,117.0,35.2,11,2,0.320,0.621,34.8,false,31.25,1.000,0.339,ft8
psk31,clean-2500Hz,1335,0.0000,20,117.0,35.2,11,2,0.315,0.621,34.8,false,31.25,1.000,0.338,ft8
psk31,clean-2500Hz,1318,0.0000,20,117.1,29.3,11,2,0.305,0.652,31.8,false,31.25,1.000,0.529,js8call
psk31,clean-2500Hz,1318,0.0000,20,117.1,35.2,11,2,0.312,0.631,33.8,false,31.25,1.000,0.458,ft8
psk31,clean-2500Hz,1300,0.0000,20,117.1,29.3,11,2,0.305,0.652,31.8,false,31.25,1.000,0.529,js8call
psk31,clean-2500Hz,1318,0.0000,20,117.1,29.3,11,2,0.305,0.652,31.8,false,31.25,1.000,0.529,js8call
psk31,clean-2500Hz,1318,0.0000,20,117.3,29.3,11,2,0.303,0.657,31.3,false,31.25,1.000,0.548,js8call
psk31,clean-2500Hz,1335,0.0000,20,117.0,35.2,11,2,0.315,0.621,34.8,false,31.25,1.000,0.338,ft8
psk31,clean-2500Hz,1335,0.0000,20,117.0,35.2,11,2,0.315,0.621,34.8,false,31.25,1.000,0.338,ft8
psk31,clean-2500Hz,1300,0.0000,20,117.0,35.2,11,2,0.320,0.621,34.8,false,31.25,1.000,0.339,ft8
psk31,clean-2500Hz,1300,0.0000,20,117.1,29.3,11,2,0.305,0.652,31.8,false,31.25,1.000,0.529,js8call
psk31,clean-2500Hz,1335,0.0000,20,117.3,35.2,11,2,0.318,0.616,35.4,false,31.25,1.000,0.500,js8call
psk31,clean-2500Hz,1318,0.0000,20,117.1,29.3,11,2,0.300,0.662,30.8,false,31.25,1.000,0.529,js8call
psk31,clean-2500Hz,1318,0.0000,20,117.1,29.3,11,2,0.300,0.662,30.8,false,31.25,1.000,0.529,js8call
psk31,clean-2500Hz,1335,0.0000,20,117.0,35.2,11,2,0.315,0.621,34.8,false,31.25,1.000,0.338,ft8
psk31,clean-2500Hz,1300,0.0000,20,117.2,29.3,11,2,0.307,0.646,32.3,false,31.25,1.000,0.529,js8call
psk31,clean-2500Hz,1318,0.0000,20,117.3,29.3,11,2,0.303,0.657,31.3,false,31.25,1.000,0.548,js8call
psk31,clean-2500Hz,1318,0.0000,20,117.1,29.3,11,2,0.305,0.652,31.8,false,31.25,1.000,0.529,js8call
psk31,clean-2500Hz,1318,0.0000,20,117.3,29.3,11,2,0.303,0.657,31.3,false,31.25,1.000,0.548,js8call
psk31,clean-2500Hz,1318,0.0000,20,117.1,29.3,11,2,0.300,0.662,30.8,false,31.25,1.000,0.529,js8call
psk31,clean-2500Hz,1335,0.0000,20,117.3,35.2,11,2,0.318,0.616,35.4,false,31.25,1.000,0.500,js8call
psk31,clean-2500Hz,1300,0.0000,20,117.2,29.3,11,2,0.307,0.646,32.3,false,31.25,1.000,0.529,js8call
psk31,clean-2500Hz,1271,0.0000,20,117.4,35.2,11,2,0.313,0.626,34.3,false,31.25,1.000,0.549,js8call
psk31,clean-2500Hz,1318,0.0000,20,117.1,29.3,11,2,0.300,0.662,30.8,false,31.25,1.000,0.529,js8call
psk31,clean-2500Hz,1300,0.0000,20,117.1,29.3,11,2,0.305,0.652,31.8,false,31.25,1.000,0.529,js8call
psk31,clean-2500Hz,1318,0.0000,20,117.3,29.3,11,2,0.303,0.657,31.3,false,31.25,1.000,0.548,js8call
psk31,clean-2500Hz,1318,0.0000,20,117.3,29.3,11,2,0.303,0.657,31.3,false,31.25,1.000,0.548,js8call
psk31,clean-2500Hz,1335,0.0000,20,117.0,35.2,11,2,0.315,0.621,34.8,false,31.25,1.000,0.338,ft8
psk31,snr30,169,0.0059,5,60.0,29.3,0,0,0.306,0.646,32.3,false,31.25,1.000,0.527,js8call
psk31,snr30,164,0.0067,5,60.1,29.3,0,0,0.306,0.646,32.3,false,31.25,1.000,0.528,js8call
psk31,snr30,146,0.0109,5,59.7,29.3,0,0,0.304,0.652,31.8,false,31.25,1.000,0.527,js8call
psk31,snr30,158,0.0077,5,59.9,29.3,0,0,0.304,0.652,31.8,false,31.25,1.000,0.528,js8call
psk31,snr30,146,0.0108,4,59.8,29.3,0,0,0.302,0.657,31.3,false,31.25,1.000,0.548,js8call
psk31,snr30,169,0.0056,3,59.2,35.2,0,0,0.314,0.621,34.8,false,31.25,1.000,0.337,ft8
psk31,snr30,164,0.0068,5,59.9,29.3,0,0,0.300,0.662,30.8,false,31.25,1.000,0.528,js8call
psk31,snr30,146,0.0113,4,59.4,35.2,0,0,0.311,0.631,33.8,false,31.25,1.000,0.458,ft8
psk31,snr30,158,0.0079,5,60.0,29.3,0,0,0.306,0.646,32.3,false,31.25,1.000,0.529,js8call
psk31,snr30,164,0.0063,3,59.3,35.2,0,0,0.314,0.621,34.8,false,31.25,1.000,0.338,ft8
psk31,snr30,169,0.0051,3,59.4,35.2,0,0,0.312,0.626,34.3,false,31.25,1.000,0.549,js8call
psk31,snr30,169,0.0059,5,59.8,29.3,0,0,0.305,0.652,31.8,false,31.25,1.000,0.528,js8call
psk31,snr30,169,0.0051,3,59.4,35.2,0,0,0.313,0.626,34.3,false,31.25,1.000,0.550,js8call
psk31,snr30,158,0.0074,3,59.4,35.2,0,0,0.314,0.621,34.8,false,31.25,1.000,0.337,ft8
psk31,snr30,146,0.0098,3,59.3,35.2,0,0,0.312,0.626,34.3,false,31.25,1.000,0.550,js8call
psk31,snr30,169,0.0053,3,59.3,35.2,0,0,0.317,0.616,35.4,false,31.25,1.000,0.499,js8call
psk31,snr30,146,0.0111,4,59.9,29.3,0,0,0.302,0.657,31.3,false,31.25,1.000,0.548,js8call
psk31,snr30,152,0.0091,3,59.7,29.3,0,0,0.302,0.657,31.3,false,31.25,1.000,0.547,js8call
psk31,snr30,146,0.0110,5,59.7,29.3,0,0,0.305,0.652,31.8,false,31.25,1.000,0.528,js8call
psk31,snr30,158,0.0074,3,59.4,35.2,0,0,0.314,0.621,34.8,false,31.25,1.000,0.339,ft8
psk31,snr30,169,0.0054,2,59.1,35.2,0,0,0.319,0.621,34.8,false,31.25,1.000,0.339,ft8
psk31,snr30,152,0.0083,3,59.5,35.2,0,0,0.312,0.626,34.3,false,31.25,1.000,0.549,js8call
psk31,snr30,164,0.0059,3,59.3,35.2,0,0,0.312,0.626,34.3,false,31.25,1.000,0.550,js8call
psk31,snr30,158,0.0071,3,59.3,35.2,0,0,0.317,0.616,35.4,false,31.25,1.000,0.500,js8call
psk31,snr30,158,0.0078,5,59.6,29.3,0,0,0.304,0.652,31.8,false,31.25,1.000,0.528,js8call
psk31,snr30,169,0.0055,3,59.4,35.2,0,0,0.314,0.621,34.8,false,31.25,1.000,0.338,ft8
psk31,snr30,169,0.0055,4,59.3,35.2,0,0,0.314,0.621,34.8,false,31.25,1.000,0.339,ft8
psk31,snr30,146,0.0111,5,60.1,29.3,0,0,0.306,0.646,32.3,false,31.25,1.000,0.527,js8call
psk31,snr30,169,0.0059,5,60.1,29.3,0,0,0.306,0.646,32.3,false,31.25,1.000,0.528,js8call
psk31,snr30,146,0.0109,5,59.8,29.3,0,0,0.304,0.652,31.8,false,31.25,1.000,0.527,js8call
psk31,snr20,117,0.0303,4,49.9,29.3,0,0,0.310,0.650,31.0,false,31.25,1.000,0.555,js8call
psk31,snr20,111,0.0366,3,49.4,35.2,0,0,0.322,0.615,34.5,false,31.25,1.000,0.337,ft8
psk31,snr20,111,0.0379,4,50.0,29.3,0,0,0.308,0.655,30.5,false,31.25,1.000,0.526,js8call
psk31,snr20,111,0.0377,4,50.1,29.3,0,0,0.313,0.640,32.0,false,31.25,1.000,0.527,js8call
psk31,snr20,111,0.0379,4,49.8,29.3,0,0,0.313,0.645,31.5,false,31.25,1.000,0.526,js8call
psk31,snr20,111,0.0369,4,50.0,29.3,0,0,0.307,0.655,30.5,false,31.25,1.000,0.525,js8call
psk31,snr20,111,0.0375,4,50.0,29.3,0,0,0.307,0.655,30.5,false,31.25,1.000,0.528,js8call
psk31,snr20,111,0.0374,4,50.0,29.3,0,0,0.310,0.650,31.0,false,31.25,1.000,0.555,js8call
psk31,snr20,111,0.0381,2,49.2,35.2,0,0,0.326,0.615,34.5,false,31.25,1.000,0.339,ft8
psk31,snr20,111,0.0378,4,49.8,29.3,0,0,0.312,0.645,31.5,false,31.25,1.000,0.524,js8call
psk31,snr20,111,0.0370,3,49.9,29.3,0,0,0.310,0.650,31.0,false,31.25,1.000,0.551,js8call
psk31,snr20,111,0.0366,3,49.4,35.2,0,0,0.324,0.610,35.0,false,31.25,1.000,0.500,js8call
psk31,snr20,111,0.0367,4,49.8,29.3,0,0,0.312,0.645,31.5,false,31.25,1.000,0.529,js8call
psk31,snr20,111,0.0370,2,49.1,35.2,0,0,0.326,0.615,34.5,false,31.25,1.000,0.338,ft8
psk31,snr20,111,0.0385,4,49.7,35.2,0,0,0.318,0.625,33.5,false,31.25,1.000,0.459,ft8
psk31,snr20,111,0.0376,2,49.2,35.2,0,0,0.325,0.615,34.5,false,31.25,1.000,0.340,ft8
psk31,snr20,111,0.0370,2,49.2,35.2,0,0,0.326,0.615,34.5,false,31.25,1.000,0.339,ft8
psk31,snr20,111,0.0372,4,50.0,29.3,0,0,0.310,0.650,31.0,false,31.25,1.000,0.550,js8call
psk31,snr20,117,0.0307,4,50.1,29.3,0,0,0.310,0.650,31.0,false,31.25,1.000,0.549,js8call
psk31,snr20,111,0.0367,3,49.5,35.2,0,0,0.322,0.615,34.5,false,31.25,1.000,0.336,ft8
psk31,snr20,111,0.0378,4,50.0,29.3,0,0,0.313,0.645,31.5,false,31.25,1.000,0.527,js8call
psk31,snr20,111,0.0352,3,49.6,35.2,0,0,0.320,0.685,34.0,false,31.25,1.000,0.551,js8call
psk31,snr20,111,0.0375,4,49.7,29.3,0,0,0.312,0.645,31.5,false,31.25,1.000,0.526,js8call
psk31,snr20,111,0.0373,4,50.1,29.3,0,0,0.313,0.640,32.0,false,31.25,1.000,0.527,js8call
psk31,snr20,111,0.0352,2,49.4,35.2,0,0,0.324,0.610,35.0,false,31.25,1.000,0.500,js8call
psk31,snr20,111,0.0381,2,49.7,35.2,0,0,0.318,0.625,33.5,false,31.25,1.000,0.456,ft8
psk31,snr20,111,0.0395,2,49.7,35.2,0,0,0.318,0.625,33.5,false,31.25,1.000,0.458,ft8
psk31,snr20,111,0.0378,4,50.0,29.3,0,0,0.313,0.645,31.5,false,31.25,1.000,0.528,js8call
psk31,snr20,111,0.0371,3,49.8,29.3,0,0,0.310,0.650,31.0,false,31.25,1.000,0.549,js8call
psk31,snr20,111,0.0351,2,49.5,35.2,0,0,0.320,0.685,34.0,false,31.25,1.000,0.545,js8call
psk31,snr15,87,0.1021,2,44.5,35.2,0,0,0.306,0.615,34.5,false,31.25,1.000,0.342,ft8
psk31,snr15,93,0.0763,3,44.5,35.2,0,0,0.304,0.675,34.0,false,31.25,1.000,0.551,js8call
psk31,snr15,87,0.1049,3,45.3,29.3,0,0,0.298,0.640,32.0,false,31.25,1.000,0.524,js8call
psk31,snr15,87,0.1052,3,44.8,29.3,0,0,0.297,0.645,31.5,false,31.25,1.000,0.518,js8call
psk31,snr15,87,0.1030,3,45.1,29.3,0,0,0.299,0.640,32.0,false,31.25,1.000,0.522,js8call
psk31,snr15,87,0.1109,2,44.7,35.2,0,0,0.302,0.625,33.5,false,31.25,1.000,0.454,ft8
psk31,snr15,87,0.1024,2,44.3,35.2,0,0,0.310,0.615,34.5,false,31.25,1.000,0.335,ft8
psk31,snr15,87,0.1015,2,44.4,35.2,0,0,0.307,0.615,34.5,false,31.25,1.000,0.637,js8call
psk31,snr15,87,0.1028,2,44.4,35.2,0,0,0.306,0.615,34.5,false,31.25,1.000,0.632,js8call
psk31,snr15,87,0.1025,2,44.6,35.2,0,0,0.306,0.615,34.5,false,31.25,1.000,0.332,ft8
psk31,snr15,87,0.1039,2,44.4,35.2,0,0,0.306,0.615,34.5,false,31.25,1.000,0.338,ft8
psk31,snr15,93,0.0812,2,45.1,29.3,0,0,0.296,0.650,31.0,false,31.25,1.000,0.550,js8call
psk31,snr15,87,0.1062,2,45.2,29.3,0,0,0.298,0.640,32.0,false,31.25,1.000,0.525,js8call
psk31,snr15,93,0.0827,2,44.4,35.2,0,0,0.307,0.615,34.5,false,31.25,1.000,0.338,ft8
psk31,snr15,87,0.1055,3,44.8,29.3,0,0,0.296,0.645,31.5,false,31.25,1.000,0.529,js8call
psk31,snr15,87,0.1069,2,44.7,35.2,0,0,0.303,0.625,33.5,false,31.25,1.000,0.458,ft8
psk31,snr15,87,0.1053,3,45.2,29.3,0,0,0.297,0.645,31.5,false,31.25,1.000,0.525,js8call
psk31,snr15,87,0.1049,3,45.2,29.3,0,0,0.298,0.640,32.0,false,31.25,1.000,0.529,js8call
psk31,snr15,87,0.1053,2,45.2,29.3,0,0,0.296,0.645,31.5,false,31.25,1.000,0.524,js8call
psk31,snr15,87,0.0987,3,44.4,35.2,0,0,0.304,0.675,34.0,false,31.25,1.000,0.550,js8call
psk31,snr15,87,0.0980,3,44.5,35.2,0,0,0.305,0.680,34.0,false,31.25,1.000,0.550,js8call
psk31,snr15,87,0.1048,2,44.7,29.3,0,0,0.296,0.645,31.5,false,31.25,1.000,0.528,js8call
psk31,snr15,87,0.1070,2,44.8,29.3,0,0,0.296,0.645,31.5,false,31.25,1.000,0.523,js8call
psk31,snr15,87,0.1034,2,44.3,35.2,0,0,0.310,0.615,34.5,false,31.25,1.000,0.339,ft8
psk31,snr15,87,0.1043,3,45.0,29.3,0,0,0.297,0.645,31.5,false,31.25,1.000,0.529,js8call
psk31,snr15,87,0.1048,3,45.1,29.3,0,0,0.297,0.645,31.5,false,31.25,1.000,0.518,js8call
psk31,snr15,87,0.1020,3,45.1,29.3,0,0,0.296,0.650,31.0,false,31.25,1.000,0.553,js8call
psk31,snr15,87,0.1011,2,44.6,35.2,0,0,0.308,0.610,35.0,false,31.25,1.000,0.501,js8call
psk31,snr15,87,0.1066,2,44.7,35.2,0,0,0.304,0.625,33.5,false,31.25,1.000,0.453,ft8
psk31,snr15,87,0.0992,3,44.6,35.2,0,0,0.304,0.685,34.0,false,31.25,1.000,0.549,js8call
psk31,snr10,87,0.1216,2,39.8,35.2,0,0,0.266,0.625,33.5,false,31.25,1.000,0.461,ft8
psk31,snr10,87,0.1160,2,40.2,29.3,0,0,0.254,0.655,30.5,false,31.25,1.000,0.524,js8call
psk31,snr10,87,0.1155,2,39.4,35.2,0,0,0.272,0.615,34.5,false,31.25,1.000,0.341,ft8
psk31,snr10,87,0.1181,2,40.3,29.3,0,0,0.256,0.655,30.5,false,31.25,1.000,0.529,js8call
psk31,snr10,87,0.1159,2,40.2,29.3,0,0,0.255,0.655,30.5,false,31.25,1.000,0.517,js8call
psk31,snr10,87,0.1090,3,39.6,35.2,0,0,0.267,0.640,34.0,false,31.25,1.000,0.543,js8call
psk31,snr10,87,0.1189,2,40.2,29.3,0,0,0.255,0.655,30.5,false,31.25,1.000,0.506,js8call
psk31,snr10,87,0.1111,2,39.3,35.2,0,0,0.272,0.615,34.5,false,31.25,1.000,0.339,ft8
psk31,snr10,87,0.1107,3,39.8,35.2,0,0,0.267,0.655,34.0,false,31.25,1.000,0.551,js8call
psk31,snr10,87,0.1223,2,39.7,35.2,0,0,0.265,0.625,33.5,false,31.25,1.000,0.455,ft8
psk31,snr10,87,0.1168,3,40.2,29.3,0,0,0.257,0.655,30.5,false,31.25,1.000,0.521,js8call
psk31,snr10,87,0.1245,2,39.8,35.2,0,0,0.265,0.625,33.5,false,31.25,1.000,0.455,ft8
psk31,snr10,87,0.1116,3,39.6,35.2,0,0,0.267,0.670,34.0,false,31.25,1.000,0.560,js8call
psk31,snr10,87,0.1116,2,39.5,35.2,0,0,0.269,0.610,35.0,false,31.25,1.000,0.498,js8call
psk31,snr10,87,0.1128,2,39.7,35.2,0,0,0.271,0.610,35.0,false,31.25,1.000,0.499,js8call
psk31,snr10,87,0.1189,2,39.9,35.2,0,0,0.263,0.625,33.5,false,31.25,1.000,0.451,ft8
psk31,snr10,87,0.1092,3,39.6,35.2,0,0,0.266,0.665,34.0,false,31.25,1.000,0.553,js8call
psk31,snr10,82,0.1451,2,40.1,29.3,0,0,0.259,0.650,31.0,false,31.25,1.000,0.558,js8call
psk31,snr10,87,0.1225,2,39.7,35.2,0,0,0.265,0.625,33.5,false,31.25,1.000,0.460,ft8
psk31,snr10,87,0.1136,2,39.6,35.2,0,0,0.272,0.610,35.0,false,31.25,1.000,0.500,js8call
psk31,snr10,87,0.1158,2,40.1,29.3,0,0,0.259,0.650,31.0,false,31.25,1.000,0.556,js8call
psk31,snr10,87,0.1239,2,39.8,35.2,0,0,0.266,0.625,33.5,false,31.25,1.000,0.461,ft8
psk31,snr10,87,0.1175,2,40.1,29.3,0,0,0.258,0.650,31.0,false,31.25,1.000,0.549,js8call
psk31,snr10,87,0.1206,2,40.2,29.3,0,0,0.256,0.655,30.5,false,31.25,1.000,0.527,js8call
psk31,snr10,87,0.1168,3,40.1,29.3,0,0,0.259,0.645,31.5,false,31.25,1.000,0.530,js8call
psk31,snr10,87,0.1048,3,39.6,35.2,0,0,0.269,0.675,34.0,false,31.25,1.000,0.549,js8call
psk31,snr10,87,0.1177,2,39.6,35.2,0,0,0.269,0.610,35.0,false,31.25,1.000,0.499,js8call
psk31,snr10,87,0.1124,2,39.6,35.2,0,0,0.267,0.615,34.5,false,31.25,1.000,0.644,js8call
psk31,snr10,82,0.1414,2,39.5,35.2,0,0,0.270,0.615,34.5,false,31.25,1.000,0.340,ft8
psk31,snr10,87,0.1126,2,39.3,35.2,0,0,0.270,0.615,34.5,false,31.25,1.000,0.340,ft8
psk31,snr5,82,0.1664,2,34.4,35.2,0,0,0.190,0.620,34.5,false,31.25,1.000,0.659,js8call
psk31,snr5,76,0.1882,3,34.4,35.2,0,0,0.191,0.645,34.0,false,31.25,1.000,0.559,js8call
psk31,snr5,76,0.2045,2,34.8,35.2,0,0,0.189,0.625,33.5,false,31.25,1.000,0.463,ft8
psk31,snr5,76,0.1963,3,35.0,29.3,0,0,0.185,0.635,31.5,false,31.25,1.000,0.503,js8call
psk31,snr5,70,0.2355,2,34.2,35.2,0,0,0.194,0.615,34.5,false,31.25,1.000,0.343,ft8
psk31,snr5,76,0.1956,2,35.0,29.3,0,0,0.184,0.650,31.0,false,31.25,1.000,0.574,js8call
psk31,snr5,76,0.2019,2,35.0,29.3,0,0,0.184,0.650,31.0,false,31.25,1.000,0.548,js8call
psk31,snr5,82,0.1573,3,34.2,35.2,0,0,0.190,0.615,34.5,false,31.25,1.000,0.340,ft8
psk31,snr5,82,0.1636,3,34.5,35.2,0,0,0.196,0.610,35.0,false,31.25,1.000,0.501,js8call
psk31,snr5,82,0.1754,2,34.8,35.2,0,0,0.190,0.625,33.5,false,31.25,1.000,0.454,ft8
psk31,snr5,82,0.1597,3,35.2,29.3,0,0,0.184,0.640,32.0,false,31.25,1.000,0.510,js8call
psk31,snr5,87,0.1427,3,34.9,29.3,0,0,0.185,0.640,31.5,false,31.25,1.000,0.522,js8call
psk31,snr5,82,0.1664,3,34.8,29.3,0,0,0.185,0.640,31.5,false,31.25,1.000,0.510,js8call
psk31,snr5,82,0.1673,3,34.5,35.2,0,0,0.194,0.615,34.5,false,31.25,1.000,0.339,ft8
psk31,snr5,82,0.1672,3,35.2,29.3,0,0,0.184,0.630,32.0,false,31.25,1.000,0.525,js8call
psk31,snr5,82,0.1689,2,35.1,29.3,0,0,0.185,0.645,31.0,false,31.25,1.000,0.536,js8call
psk31,snr5,82,0.1757,3,34.7,35.2,0,0,0.188,0.625,33.5,false,31.25,1.000,0.468,ft8
psk31,snr5,70,0.2474,2,34.4,35.2,0,0,0.190,0.620,34.5,false,31.25,1.000,0.338,ft8
psk31,snr5,70,0.2299,3,34.7,35.2,0,0,0.191,0.635,34.0,false,31.25,1.000,0.571,js8call
psk31,snr5,82,0.1632,2,35.1,29.3,0,0,0.187,0.645,31.5,false,31.25,1.000,0.522,js8call
psk31,snr5,82,0.1632,2,35.0,29.3,0,0,0.183,0.645,31.0,false,31.25,1.000,0.529,js8call
psk31,snr5,82,0.1665,3,35.0,29.3,0,0,0.185,0.645,31.5,false,31.25,1.000,0.530,js8call
psk31,snr5,76,0.1996,3,34.9,29.3,0,0,0.187,0.645,31.5,false,31.25,1.000,0.508,js8call
psk31,snr5,82,0.1630,3,34.3,35.2,0,0,0.193,0.615,34.5,false,31.25,1.000,0.340,ft8
psk31,snr5,82,0.1613,3,35.3,29.3,0,0,0.185,0.655,32.0,false,31.25,1.000,0.515,js8call
psk31,snr5,82,0.1654,3,34.5,35.2,0,0,0.190,0.620,34.5,false,31.25,1.000,0.335,ft8
psk31,snr5,82,0.1686,3,35.4,29.3,0,0,0.184,0.640,32.0,false,31.25,1.000,0.519,js8call
psk31,snr5,82,0.1663,2,34.5,35.2,0,0,0.194,0.620,35.0,false,31.25,1.000,0.502,js8call
psk31,snr5,70,0.2334,3,34.5,35.2,0,0,0.187,0.630,34.0,false,31.25,1.000,0.546,js8call
psk31,snr5,82,0.1686,3,35.2,29.3,0,0,0.181,0.655,30.5,false,31.25,1.000,0.520,js8call
psk31,snr3,70,0.2465,3,33.1,29.3,0,0,0.144,0.635,31.5,false,31.25,1.000,0.501,js8call
psk31,snr3,58,0.4302,3,32.4,35.2,0,0,0.151,0.625,34.5,false,31.25,1.000,0.341,ft8
psk31,snr3,76,0.2094,2,33.0,29.3,0,0,0.143,0.640,31.0,false,31.25,1.000,0.543,js8call
psk31,snr3,58,0.4269,3,32.3,35.2,0,0,0.154,0.610,34.5,false,31.25,1.000,0.344,ft8
psk31,snr3,58,0.4198,3,32.2,35.2,0,0,0.152,0.610,34.5,false,31.25,1.000,0.347,ft8
psk31,snr3,76,0.2062,2,32.9,29.3,0,0,0.144,0.650,31.0,false,31.25,1.000,0.551,js8call
psk31,snr3,70,0.2453,2,33.2,29.3,0,0,0.143,0.645,30.5,false,31.25,1.000,0.506,js8call
psk31,snr3,70,0.2462,4,32.5,35.2,0,0,0.146,0.630,34.0,false,31.25,1.000,0.564,js8call
psk31,snr3,64,0.3218,3,32.6,35.2,0,0,0.150,0.625,34.5,false,31.25,1.000,0.341,ft8
psk31,snr3,64,0.3137,2,32.5,35.2,0,0,0.149,0.635,34.0,false,31.25,1.000,0.548,js8call
psk31,snr3,70,0.2618,2,32.6,35.2,0,0,0.149,0.625,33.5,false,31.25,1.000,0.469,ft8
psk31,snr3,64,0.3233,3,32.4,35.2,0,0,0.150,0.615,34.5,false,31.25,1.000,0.359,ft8
psk31,snr3,64,0.3121,2,32.9,29.3,0,0,0.144,0.655,31.0,false,31.25,1.000,0.526,js8call
psk31,snr3,64,0.3166,3,33.1,29.3,0,0,0.144,0.640,32.0,false,31.25,1.000,0.515,js8call
psk31,snr3,76,0.2077,3,33.0,29.3,0,0,0.143,0.660,30.5,false,31.25,1.000,0.549,js8call
psk31,snr3,58,0.4136,3,32.4,35.2,0,0,0.155,0.615,35.0,false,31.25,1.000,0.505,js8call
psk31,snr3,70,0.2590,3,32.9,29.3,0,0,0.143,0.630,31.5,false,31.25,1.000,0.518,js8call
psk31,snr3,64,0.3198,3,33.0,29.3,0,0,0.143,0.645,31.5,false,31.25,1.000,0.495,js8call
psk31,snr3,70,0.2491,3,33.1,29.3,0,0,0.144,0.645,32.0,false,31.25,1.000,0.504,js8call
psk31,snr3,70,0.2540,2,32.3,35.2,0,0,0.151,0.615,34.5,false,31.25,1.000,0.345,ft8
psk31,snr3,58,0.4126,3,32.4,35.2,0,0,0.152,0.615,35.0,false,31.25,1.000,0.506,js8call
psk31,snr3,64,0.3171,3,32.7,29.3,0,0,0.144,0.640,31.5,false,31.25,1.000,0.518,js8call
psk31,snr3,58,0.4044,3,33.0,29.3,0,0,0.142,0.655,30.5,false,31.25,1.000,0.518,js8call
psk31,snr3,64,0.3212,2,32.3,35.2,0,0,0.151,0.620,34.5,false,31.25,1.000,0.342,ft8
psk31,snr3,64,0.3196,3,32.7,29.3,0,0,0.145,0.645,31.5,false,31.25,1.000,0.519,js8call
psk31,snr3,58,0.4088,3,33.3,29.3,0,0,0.147,0.640,32.0,false,31.25,1.000,0.514,js8call
psk31,snr3,58,0.4190,4,32.2,35.2,0,0,0.152,0.625,34.5,false,31.25,1.000,0.339,ft8
psk31,snr3,70,0.2551,3,32.9,29.3,0,0,0.144,0.640,31.5,false,31.25,1.000,0.507,js8call
psk31,snr3,58,0.4129,3,32.4,35.2,0,0,0.149,0.650,34.0,false,31.25,1.000,0.562,js8call
psk31,snr3,58,0.4169,3,32.4,35.2,0,0,0.150,0.610,35.0,false,31.25,1.000,0.515,js8call
psk31,snr0,58,0.4416,1,29.5,35.2,0,0,0.090,0.635,33.5,false,31.25,1.000,0.457,ft8
psk31,snr0,58,0.4098,1,29.8,29.3,0,0,0.082,0.630,31.0,false,31.25,1.000,0.510,js8call
psk31,snr0,52,0.5251,1,30.0,29.3,0,0,0.085,0.635,30.5,false,31.25,1.000,0.511,js8call
psk31,snr0,52,0.5838,1,29.0,35.2,0,0,0.089,0.605,34.5,false,31.25,1.000,0.344,ft8
psk31,snr0,58,0.4400,3,29.7,35.2,0,0,0.085,0.645,33.5,false,31.25,1.000,0.433,ft8
psk31,snr0,52,0.5798,1,29.3,35.2,0,0,0.087,0.640,34.0,false,31.25,1.000,0.559,js8call
psk31,snr0,58,0.4120,2,29.9,29.3,0,0,0.083,0.625,32.0,false,31.25,1.000,0.543,js8call
psk31,snr0,52,0.5747,1,29.3,35.2,0,0,0.089,0.625,34.0,false,31.25,1.000,0.497,js8call
psk31,snr0,52,0.5434,2,29.9,29.3,0,0,0.085,0.625,32.0,false,31.25,1.000,0.522,js8call
psk31,snr0,52,0.5825,1,29.0,35.2,0,0,0.093,0.635,34.5,false,31.25,1.000,0.344,ft8
psk31,snr0,58,0.4352,2,29.4,35.2,0,0,0.088,0.625,33.5,false,31.25,1.000,0.444,ft8
psk31,snr0,52,0.5868,1,29.0,35.2,0,0,0.090,0.635,34.5,false,31.25,1.000,0.350,ft8
psk31,snr0,52,0.5629,1,29.3,35.2,0,0,0.089,0.610,35.0,false,31.25,1.000,0.484,js8call
psk31,snr0,52,0.5720,1,29.3,35.2,0,0,0.093,0.625,35.0,false,31.25,1.000,0.498,js8call
psk31,snr0,58,0.4052,2,30.1,29.3,0,0,0.084,0.635,30.5,false,31.25,1.000,0.524,js8call
psk31,snr0,52,0.5807,1,29.0,35.2,0,0,0.090,0.625,34.5,false,31.25,1.000,0.353,ft8
psk31,snr0,58,0.4152,1,29.9,29.3,0,0,0.086,0.630,31.5,false,31.25,1.000,0.509,js8call
psk31,snr0,58,0.4102,2,30.0,29.3,0,0,0.087,0.620,31.0,false,31.25,1.000,0.515,js8call
psk31,snr0,58,0.4292,2,29.7,29.3,0,0,0.085,0.645,31.5,false,31.25,1.000,0.512,js8call
psk31,snr0,58,0.4403,1,29.2,35.2,0,0,0.088,0.625,34.5,false,31.25,1.000,0.646,js8call
psk31,snr0,52,0.5835,1,29.1,35.2,0,0,0.090,0.605,34.5,false,31.25,1.000,0.340,ft8
psk31,snr0,52,0.5693,1,29.3,35.2,0,0,0.089,0.610,35.0,false,31.25,1.000,0.557,js8call
psk31,snr0,58,0.4047,3,30.0,29.3,0,0,0.085,0.640,30.5,false,31.25,1.000,0.529,js8call
psk31,snr0,52,0.5733,1,28.8,35.2,0,0,0.091,0.620,34.5,false,31.25,1.000,0.349,ft8
psk31,snr0,58,0.4502,2,29.6,35.2,0,0,0.087,0.645,33.5,false,31.25,1.000,0.443,ft8
psk31,snr0,58,0.4257,1,29.6,29.3,0,0,0.087,0.625,32.5,false,31.25,1.000,0.513,js8call
psk31,snr0,58,0.4259,2,29.7,29.3,0,0,0.083,0.645,31.5,false,31.25,1.000,0.555,js8call
psk31,snr0,52,0.5725,1,29.2,35.2,0,0,0.093,0.610,34.5,false,31.25,1.000,0.338,ft8
psk31,snr0,58,0.4035,1,29.9,29.3,0,0,0.082,0.635,30.5,false,31.25,1.000,0.513,js8call
psk31,snr0,52,0.5686,2,29.5,35.2,0,0,0.088,0.620,33.5,false,31.25,1.000,0.458,ft8
psk31,snr-3,52,0.5542,1,26.8,29.3,0,0,0.043,0.640,32.0,false,31.25,1.000,0.510,js8call
psk31,snr-3,52,0.5420,1,26.7,29.3,0,0,0.041,0.600,32.5,false,31.25,1.000,0.495,js8call
psk31,snr-3,52,0.5612,1,26.3,29.3,0,0,0.044,0.635,33.5,false,31.25,1.000,0.524,js8call
psk31,snr-3,52,0.5261,1,26.5,29.3,0,0,0.041,0.580,33.0,false,31.25,1.000,0.547,js8call
psk31,snr-3,52,0.5429,1,26.6,29.3,0,0,0.045,0.615,32.5,false,31.25,1.000,0.538,js8call
psk31,snr-3,52,0.5741,1,25.9,35.2,0,0,0.045,0.595,35.5,false,31.25,1.000,0.366,js8call
psk31,snr-3,58,0.4347,1,26.5,29.3,0,0,0.041,0.630,33.5,false,31.25,1.000,0.430,js8call
psk31,snr-3,52,0.5409,1,26.5,29.3,0,0,0.044,0.575,32.5,false,31.25,1.000,0.518,js8call
psk31,snr-3,52,0.5203,1,26.4,29.3,0,0,0.042,0.615,31.0,false,31.25,1.000,0.599,js8call
psk31,snr-3,52,0.5691,1,25.7,35.2,0,0,0.044,0.610,36.5,false,31.25,1.000,0.325,ft8
psk31,snr-3,52,0.5794,1,26.0,35.2,0,0,0.043,0.580,33.5,false,31.25,1.000,0.357,ft8
psk31,snr-3,52,0.5690,1,25.9,35.2,0,0,0.047,0.610,33.5,false,31.25,1.000,0.319,ft8
psk31,snr-3,52,0.5871,1,26.0,35.2,0,0,0.044,0.620,35.5,false,31.25,1.000,0.660,js8call
psk31,snr-3,52,0.5867,1,25.9,35.2,0,0,0.044,0.600,35.0,false,31.25,1.000,0.504,js8call
psk31,snr-3,52,0.5352,1,26.7,29.3,0,0,0.044,0.615,34.0,false,31.25,1.000,0.537,js8call
psk31,snr-3,52,0.5828,1,26.1,35.2,0,0,0.045,0.570,32.5,false,31.25,1.000,0.653,js8call
psk31,snr-3,52,0.5719,1,26.0,35.2,0,0,0.046,0.600,36.0,false,31.25,1.000,0.492,js8call
psk31,snr-3,52,0.5386,1,26.5,29.3,0,0,0.042,0.630,29.0,false,31.25,1.000,0.512,js8call
psk31,snr-3,52,0.5675,1,26.0,35.2,0,0,0.044,0.590,34.0,false,31.25,1.000,0.487,js8call
psk31,snr-3,52,0.5479,1,26.5,29.3,0,0,0.043,0.580,33.0,false,31.25,1.000,0.653,ft8
psk31,snr-3,52,0.5829,1,25.7,35.2,0,0,0.044,0.595,35.5,false,31.25,1.000,0.351,ft8
psk31,snr-3,52,0.5295,1,26.7,29.3,0,0,0.044,0.585,33.0,false,31.25,1.000,0.551,js8call
psk31,snr-3,52,0.5909,1,26.2,35.2,0,0,0.046,0.615,38.0,false,31.25,1.000,0.439,ft8
psk31,snr-3,52,0.5399,1,26.4,29.3,0,0,0.041,0.625,30.5,false,31.25,1.000,0.503,js8call
psk31,snr-3,52,0.5899,1,25.8,35.2,0,0,0.044,0.590,34.5,false,31.25,1.000,0.377,ft8
psk31,snr-3,52,0.5473,1,26.6,29.3,0,0,0.042,0.635,36.0,false,31.25,1.000,0.571,js8call
psk31,snr-3,52,0.5394,1,26.4,29.3,0,0,0.041,0.595,34.0,false,31.25,1.000,0.566,js8call
psk31,snr-3,52,0.5694,1,25.9,35.2,0,0,0.044,0.645,36.0,false,31.25,1.000,0.541,js8call
psk31,snr-3,52,0.5769,1,25.9,35.2,0,0,0.046,0.580,32.0,false,31.25,1.000,0.472,js8call
psk31,snr-3,52,0.5263,1,26.7,29.3,0,0,0.044,0.600,32.5,false,31.25,1.000,0.510,js8call
psk31,offset-50Hz,1365,0.0000,20,112.8,35.2,10,0,0.289,0.626,34.3,false,100.00,1.000,0.567,js8call
psk31,offset-50Hz,1359,0.0000,20,112.5,35.2,10,0,0.293,0.621,34.8,false,100.00,1.000,0.340,ft8
psk31,offset-50Hz,1382,0.0000,20,113.2,35.2,10,0,0.282,0.652,31.8,false,100.00,1.000,0.523,js8call
psk31,offset-50Hz,1382,0.0000,20,113.2,35.2,10,0,0.282,0.652,31.8,false,100.00,1.000,0.523,js8call
psk31,offset-50Hz,1365,0.0000,20,112.1,35.2,10,0,0.292,0.616,35.4,false,100.00,1.000,0.491,js8call
psk31,offset-50Hz,1394,0.0000,20,112.6,35.2,10,0,0.290,0.621,34.8,false,100.00,1.000,0.348,ft8
psk31,offset-50Hz,1394,0.0000,20,112.6,35.2,10,0,0.288,0.631,33.8,false,100.00,1.000,0.471,ft8
psk31,offset-50Hz,1400,0.0000,20,113.1,35.2,10,0,0.279,0.662,30.8,false,100.00,1.000,0.523,js8call
psk31,offset-50Hz,1394,0.0000,20,113.0,35.2,10,0,0.282,0.652,31.8,false,100.00,1.000,0.523,js8call
psk31,offset-50Hz,1394,0.0000,20,113.2,35.2,10,0,0.281,0.657,31.3,false,100.00,1.000,0.329,js8call
psk31,offset-50Hz,1365,0.0000,20,112.8,35.2,10,0,0.289,0.626,34.3,false,100.00,1.000,0.567,js8call
psk31,offset-50Hz,1365,0.0000,20,112.1,35.2,10,0,0.292,0.616,35.4,false,100.00,1.000,0.491,js8call
psk31,offset-50Hz,1400,0.0000,20,113.2,29.3,10,0,0.284,0.646,32.3,false,100.00,1.000,0.523,js8call
psk31,offset-50Hz,1394,0.0000,20,112.6,35.2,10,0,0.288,0.631,33.8,false,100.00,1.000,0.471,ft8
psk31,offset-50Hz,1365,0.0000,20,112.1,35.2,10,0,0.292,0.616,35.4,false,100.00,1.000,0.491,js8call
psk31,offset-50Hz,1394,0.0000,20,112.6,35.2,10,0,0.288,0.631,33.8,false,100.00,1.000,0.471,ft8
psk31,offset-50Hz,1365,0.0000,20,112.1,35.2,10,0,0.292,0.616,35.4,false,100.00,1.000,0.491,js8call
psk31,offset-50Hz,1400,0.0000,20,113.2,29.3,10,0,0.284,0.646,32.3,false,100.00,1.000,0.523,js8call
psk31,offset-50Hz,1400,0.0000,20,113.2,29.3,10,0,0.284,0.646,32.3,false,100.00,1.000,0.523,js8call
psk31,offset-50Hz,1400,0.0000,20,113.1,35.2,10,0,0.279,0.662,30.8,false,100.00,1.000,0.523,js8call
psk31,offset-50Hz,1394,0.0000,20,113.2,35.2,10,0,0.281,0.657,31.3,false,100.00,1.000,0.329,js8call
psk31,offset-50Hz,1400,0.0000,20,113.2,29.3,10,0,0.284,0.646,32.3,false,100.00,1.000,0.523,js8call
psk31,offset-50Hz,1365,0.0000,20,112.8,35.2,10,0,0.289,0.626,34.3,false,100.00,1.000,0.567,js8call
psk31,offset-50Hz,1394,0.0000,20,112.6,35.2,10,0,0.290,0.621,34.8,false,100.00,1.000,0.348,ft8
psk31,offset-50Hz,1365,0.0000,20,112.8,35.2,10,0,0.289,0.626,34.3,false,100.00,1.000,0.567,js8call
psk31,offset-50Hz,1400,0.0000,20,113.1,35.2,10,0,0.279,0.662,30.8,false,100.00,1.000,0.523,js8call
psk31,offset-50Hz,1365,0.0000,20,112.8,35.2,10,0,0.289,0.626,34.3,false,100.00,1.000,0.567,js8call
psk31,offset-50Hz,1400,0.0000,20,113.2,29.3,10,0,0.284,0.646,32.3,false,100.00,1.000,0.523,js8call
psk31,offset-50Hz,1359,0.0000,20,112.5,35.2,10,0,0.293,0.621,34.8,false,100.00,1.000,0.340,ft8
psk31,offset-50Hz,1400,0.0000,20,113.1,35.2,10,0,0.279,0.662,30.8,false,100.00,1.000,0.523,js8call
psk31,offset-20Hz,1359,0.0000,20,113.7,35.2,9,0,0.447,0.429,64.1,false,31.25,1.000,0.398,js8call
psk31,offset-20Hz,1359,0.0000,20,113.9,29.3,9,0,0.442,0.439,65.2,false,31.25,1.000,0.398,js8call
psk31,offset-20Hz,1359,0.0000,20,113.9,29.3,9,0,0.442,0.439,65.2,false,31.25,1.000,0.398,js8call
psk31,offset-20Hz,1359,0.0000,20,113.9,29.3,9,0,0.442,0.439,65.2,false,31.25,1.000,0.398,js8call
psk31,offset-20Hz,1388,0.0000,20,112.8,35.2,10,0,0.455,0.424,63.1,false,31.25,1.000,0.298,ft8
psk31,offset-20Hz,1429,0.0000,20,113.7,35.2,9,0,0.450,0.460,64.6,false,31.25,1.000,0.310,ft8
psk31,offset-20Hz,1359,0.0000,20,113.7,35.2,9,0,0.447,0.429,64.1,false,31.25,1.000,0.398,js8call
psk31,offset-20Hz,1394,0.0000,20,113.2,35.2,9,0,0.459,0.444,62.1,false,31.25,1.000,0.321,js8call
psk31,offset-20Hz,1435,0.0000,20,113.7,29.3,9,0,0.443,0.449,66.2,false,31.25,1.000,0.398,js8call
psk31,offset-20Hz,1394,0.0000,20,113.2,35.2,9,0,0.459,0.444,62.1,false,31.25,1.000,0.321,js8call
psk31,offset-20Hz,1394,0.0000,20,113.2,35.2,9,0,0.459,0.444,62.1,false,31.25,1.000,0.321,js8call
psk31,offset-20Hz,1417,0.0000,20,113.7,29.3,9,0,0.445,0.460,65.7,false,31.25,1.000,0.398,js8call
psk31,offset-20Hz,1359,0.0000,20,113.9,29.3,9,0,0.442,0.439,65.2,false,31.25,1.000,0.398,js8call
psk31,offset-20Hz,1394,0.0000,20,113.2,35.2,9,0,0.459,0.444,62.1,false,31.25,1.000,0.321,js8call
psk31,offset-20Hz,1429,0.0000,20,113.7,35.2,9,0,0.450,0.460,64.6,false,31.25,1.000,0.310,ft8
psk31,offset-20Hz,1429,0.0000,20,113.7,35.2,9,0,0.450,0.460,64.6,false,31.25,1.000,0.310,ft8
psk31,offset-20Hz,1435,0.0000,20,113.7,29.3,9,0,0.443,0.449,66.2,false,31.25,1.000,0.398,js8call
psk31,offset-20Hz,1423,0.0000,20,113.4,35.2,9,0,0.455,0.449,63.6,false,31.25,1.000,0.537,js8call
psk31,offset-20Hz,1453,0.0000,20,113.2,35.2,9,0,0.449,0.449,64.1,false,31.25,1.000,0.417,js8call
psk31,offset-20Hz,1359,0.0000,20,113.9,29.3,9,0,0.442,0.439,65.2,false,31.25,1.000,0.398,js8call
psk31,offset-20Hz,1394,0.0000,20,113.2,35.2,9,0,0.459,0.444,62.1,false,31.25,1.000,0.321,js8call
psk31,offset-20Hz,1429,0.0000,20,113.7,35.2,9,0,0.450,0.460,64.6,false,31.25,1.000,0.310,ft8
psk31,offset-20Hz,1371,0.0000,20,113.1,35.2,10,0,0.451,0.424,62.6,false,31.25,1.000,0.551,js8call
psk31,offset-20Hz,1423,0.0000,20,113.4,35.2,9,0,0.455,0.449,63.6,false,31.25,1.000,0.537,js8call
psk31,offset-20Hz,1435,0.0000,20,113.7,29.3,9,0,0.443,0.449,66.2,false,31.25,1.000,0.398,js8call
psk31,offset-20Hz,1453,0.0000,20,113.2,35.2,9,0,0.449,0.449,64.1,false,31.25,1.000,0.417,js8call
psk31,offset-20Hz,1435,0.0000,20,113.7,29.3,9,0,0.443,0.449,66.2,false,31.25,1.000,0.398,js8call
psk31,offset-20Hz,1417,0.0000,20,113.7,29.3,9,0,0.445,0.460,65.7,false,31.25,1.000,0.398,js8call
psk31,offset-20Hz,1394,0.0000,20,113.2,35.2,9,0,0.459,0.444,62.1,false,31.25,1.000,0.321,js8call
psk31,offset-20Hz,1429,0.0000,20,113.7,35.2,9,0,0.450,0.460,64.6,false,31.25,1.000,0.310,ft8
psk31,offset-10Hz,1365,0.0000,20,116.4,23.4,10,0,0.547,0.543,40.1,false,31.25,1.000,0.435,js8call
psk31,offset-10Hz,1429,0.0000,20,115.2,52.7,9,0,0.545,0.579,47.2,false,31.25,1.000,0.310,ft8
psk31,offset-10Hz,1412,0.0000,20,116.6,23.4,9,0,0.546,0.553,40.6,false,31.25,1.000,0.435,js8call
psk31,offset-10Hz,1412,0.0000,20,116.6,23.4,9,0,0.546,0.553,40.6,false,31.25,1.000,0.435,js8call
psk31,offset-10Hz,1347,0.0000,20,115.3,46.9,9,0,0.545,0.574,42.6,false,31.25,1.000,0.557,js8call
psk31,offset-10Hz,1412,0.0000,20,116.4,35.2,9,0,0.538,0.543,40.1,false,31.25,1.000,0.435,js8call
psk31,offset-10Hz,1365,0.0000,20,116.6,17.6,9,0,0.552,0.543,40.1,false,31.25,1.000,0.504,ft8
psk31,offset-10Hz,1347,0.0000,20,116.0,35.2,10,0,0.539,0.553,42.1,false,31.25,1.000,0.435,js8call
psk31,offset-10Hz,1347,0.0000,20,115.3,46.9,9,0,0.545,0.574,42.6,false,31.25,1.000,0.557,js8call
psk31,offset-10Hz,1365,0.0000,20,116.6,17.6,9,0,0.552,0.543,40.1,false,31.25,1.000,0.504,ft8
psk31,offset-10Hz,1347,0.0000,20,116.0,35.2,10,0,0.539,0.553,42.1,false,31.25,1.000,0.435,js8call
psk31,offset-10Hz,1347,0.0000,20,116.9,29.3,9,0,0.557,0.538,39.6,false,31.25,1.000,0.414,ft8
psk31,offset-10Hz,1347,0.0000,20,116.0,35.2,10,0,0.539,0.553,42.1,false,31.25,1.000,0.435,js8call
psk31,offset-10Hz,1365,0.0000,20,116.6,17.6,9,0,0.552,0.543,40.1,false,31.25,1.000,0.504,ft8
psk31,offset-10Hz,1429,0.0000,20,115.2,52.7,9,0,0.545,0.579,47.2,false,31.25,1.000,0.310,ft8
psk31,offset-10Hz,1412,0.0000,20,116.6,23.4,9,0,0.546,0.553,40.6,false,31.25,1.000,0.435,js8call
psk31,offset-10Hz,1347,0.0000,20,116.9,29.3,9,0,0.557,0.538,39.6,false,31.25,1.000,0.414,ft8
psk31,offset-10Hz,1347,0.0000,20,116.0,35.2,10,0,0.539,0.553,42.1,false,31.25,1.000,0.435,js8call
psk31,offset-10Hz,1365,0.0000,20,116.4,23.4,10,0,0.547,0.543,40.1,false,31.25,1.000,0.435,js8call
psk31,offset-10Hz,1382,0.0000,20,116.4,41.0,9,0,0.552,0.543,41.1,false,31.25,1.000,0.414,ft8
psk31,offset-10Hz,1365,0.0000,20,116.4,23.4,10,0,0.547,0.543,40.1,false,31.25,1.000,0.435,js8call
psk31,offset-10Hz,1412,0.0000,20,116.4,35.2,9,0,0.538,0.543,40.1,false,31.25,1.000,0.435,js8call
psk31,offset-10Hz,1412,0.0000,20,116.4,35.2,9,0,0.538,0.543,40.1,false,31.25,1.000,0.435,js8call
psk31,offset-10Hz,1347,0.0000,20,115.3,46.9,9,0,0.545,0.574,42.6,false,31.25,1.000,0.557,js8call
psk31,offset-10Hz,1412,0.0000,20,116.6,23.4,9,0,0.546,0.553,40.6,false,31.25,1.000,0.435,js8call
psk31,offset-10Hz,1412,0.0000,20,116.4,35.2,9,0,0.538,0.543,40.1,false,31.25,1.000,0.435,js8call
psk31,offset-10Hz,1382,0.0000,20,116.4,41.0,9,0,0.552,0.543,41.1,false,31.25,1.000,0.414,ft8
psk31,offset-10Hz,1429,0.0000,20,115.2,52.7,9,0,0.545,0.579,47.2,false,31.25,1.000,0.310,ft8
psk31,offset-10Hz,1347,0.0000,20,115.3,46.9,9,0,0.545,0.574,42.6,false,31.25,1.000,0.557,js8call
psk31,offset-10Hz,1365,0.0000,20,116.6,17.6,9,0,0.552,0.543,40.1,false,31.25,1.000,0.504,ft8
psk31,offset-5Hz,1470,0.0000,20,117.3,41.0,9,0,0.572,0.480,31.8,false,31.25,1.000,0.298,js8call
psk31,offset-5Hz,1412,0.0000,20,116.2,41.0,10,0,0.579,0.460,29.8,false,31.25,1.000,0.536,ft8
psk31,offset-5Hz,1412,0.0000,20,115.4,41.0,9,0,0.567,0.490,30.8,false,31.25,1.000,0.562,ft8
psk31,offset-5Hz,1470,0.0000,20,116.6,35.2,9,0,0.581,0.490,29.8,false,31.25,1.000,0.673,ft8
psk31,offset-5Hz,1470,0.0000,20,116.6,35.2,9,0,0.581,0.490,29.8,false,31.25,1.000,0.673,ft8
psk31,offset-5Hz,1458,0.0000,20,116.8,35.2,9,0,0.586,0.434,29.8,false,31.25,1.000,0.739,ft8
psk31,offset-5Hz,1406,0.0000,20,116.5,41.0,9,0,0.575,0.561,33.8,false,31.25,1.000,0.688,ft8
psk31,offset-5Hz,1470,0.0000,20,116.6,35.2,9,0,0.581,0.490,29.8,false,31.25,1.000,0.673,ft8
psk31,offset-5Hz,1458,0.0000,20,117.6,29.3,9,0,0.587,0.449,24.2,true,31.25,1.000,0.513,js8call
psk31,offset-5Hz,1470,0.0000,20,117.3,41.0,9,0,0.572,0.480,31.8,false,31.25,1.000,0.298,js8call
psk31,offset-5Hz,1470,0.0000,20,117.3,41.0,9,0,0.572,0.480,31.8,false,31.25,1.000,0.298,js8call
psk31,offset-5Hz,1406,0.0000,20,116.5,41.0,9,0,0.575,0.561,33.8,false,31.25,1.000,0.688,ft8
psk31,offset-5Hz,1412,0.0000,20,117.0,35.2,10,0,0.570,0.460,28.8,false,31.25,1.000,0.410,js8call
psk31,offset-5Hz,1412,0.0000,20,117.0,35.2,10,0,0.570,0.460,28.8,false,31.25,1.000,0.410,js8call
psk31,offset-5Hz,1470,0.0000,20,117.3,41.0,9,0,0.572,0.480,31.8,false,31.25,1.000,0.298,js8call
psk31,offset-5Hz,1412,0.0000,20,116.1,41.0,9,0,0.566,0.470,30.8,false,31.25,1.000,0.486,ft8
psk31,offset-5Hz,1458,0.0000,20,117.6,29.3,9,0,0.587,0.449,24.2,true,31.25,1.000,0.513,js8call
psk31,offset-5Hz,1406,0.0000,20,116.5,41.0,9,0,0.575,0.561,33.8,false,31.25,1.000,0.688,ft8
psk31,offset-5Hz,1412,0.0000,20,116.1,41.0,9,0,0.566,0.470,30.8,false,31.25,1.000,0.486,ft8
psk31,offset-5Hz,1412,0.0000,20,115.4,41.0,9,0,0.567,0.490,30.8,false,31.25,1.000,0.562,ft8
psk31,offset-5Hz,1412,0.0000,20,116.2,41.0,10,0,0.579,0.460,29.8,false,31.25,1.000,0.536,ft8
psk31,offset-5Hz,1412,0.0000,20,117.0,35.2,10,0,0.570,0.460,28.8,false,31.25,1.000,0.410,js8call
psk31,offset-5Hz,1412,0.0000,20,116.8,35.2,9,0,0.574,0.460,28.8,false,31.25,1.000,0.536,ft8
psk31,offset-5Hz,1412,0.0000,20,117.0,35.2,10,0,0.570,0.460,28.8,false,31.25,1.000,0.410,js8call
psk31,offset-5Hz,1406,0.0000,20,116.5,41.0,9,0,0.575,0.561,33.8,false,31.25,1.000,0.688,ft8
psk31,offset-5Hz,1412,0.0000,20,116.8,35.2,9,0,0.574,0.460,28.8,false,31.25,1.000,0.536,ft8
psk31,offset-5Hz,1458,0.0000,20,117.6,29.3,9,0,0.587,0.449,24.2,true,31.25,1.000,0.513,js8call
psk31,offset-5Hz,1412,0.0000,20,115.4,41.0,9,0,0.567,0.490,30.8,false,31.25,1.000,0.562,ft8
psk31,offset-5Hz,1412,0.0000,20,117.0,35.2,10,0,0.570,0.460,28.8,false,31.25,1.000,0.410,js8call
psk31,offset-5Hz,1412,0.0000,20,116.8,35.2,9,0,0.574,0.460,28.8,false,31.25,1.000,0.536,ft8
psk31,offset5Hz,1470,0.0000,20,117.3,41.0,9,0,0.572,0.480,31.8,false,31.25,1.000,0.298,js8call
psk31,offset5Hz,1412,0.0000,20,116.1,41.0,9,0,0.566,0.470,30.8,false,31.25,1.000,0.486,ft8
psk31,offset5Hz,1412,0.0000,20,115.4,41.0,9,0,0.567,0.490,30.8,false,31.25,1.000,0.562,ft8
psk31,offset5Hz,1412,0.0000,20,116.2,41.0,10,0,0.579,0.460,29.8,false,31.25,1.000,0.536,ft8
psk31,offset5Hz,1412,0.0000,20,116.1,41.0,9,0,0.566,0.470,30.8,false,31.25,1.000,0.486,ft8
psk31,offset5Hz,1470,0.0000,20,117.3,41.0,9,0,0.572,0.480,31.8,false,31.25,1.000,0.298,js8call
psk31,offset5Hz,1406,0.0000,20,116.5,41.0,9,0,0.575,0.561,33.8,false,31.25,1.000,0.688,ft8
psk31,offset5Hz,1412,0.0000,20,116.8,35.2,9,0,0.574,0.460,28.8,false,31.25,1.000,0.536,ft8
psk31,offset5Hz,1458,0.0000,20,116.8,35.2,9,0,0.586,0.434,29.8,false,31.25,1.000,0.739,ft8
psk31,offset5Hz,1412,0.0000,20,116.8,35.2,9,0,0.574,0.460,28.8,false,31.25,1.000,0.536,ft8
psk31,offset5Hz,1470,0.0000,20,117.3,41.0,9,0,0.572,0.480,31.8,false,31.25,1.000,0.298,js8call
psk31,offset5Hz,1406,0.0000,20,116.5,41.0,9,0,0.575,0.561,33.8,false,31.25,1.000,0.688,ft8
psk31,offset5Hz,1470,0.0000,20,116.6,35.2,9,0,0.581,0.490,29.8,false,31.25,1.000,0.673,ft8
psk31,offset5Hz,1470,0.0000,20,117.3,41.0,9,0,0.572,0.480,31.8,false,31.25,1.000,0.298,js8call
psk31,offset5Hz,1458,0.0000,20,116.8,35.2,9,0,0.586,0.434,29.8,false,31.25,1.000,0.739,ft8
psk31,offset5Hz,1412,0.0000,20,115.4,41.0,9,0,0.567,0.490,30.8,false,31.25,1.000,0.562,ft8
psk31,offset5Hz,1406,0.0000,20,116.5,41.0,9,0,0.575,0.561,33.8,false,31.25,1.000,0.688,ft8
psk31,offset5Hz,1412,0.0000,20,116.2,41.0,10,0,0.579,0.460,29.8,false,31.25,1.000,0.536,ft8
psk31,offset5Hz,1412,0.0000,20,117.0,35.2,10,0,0.570,0.460,28.8,false,31.25,1.000,0.410,js8call
psk31,offset5Hz,1412,0.0000,20,116.1,41.0,9,0,0.566,0.470,30.8,false,31.25,1.000,0.486,ft8
psk31,offset5Hz,1406,0.0000,20,116.5,41.0,9,0,0.575,0.561,33.8,false,31.25,1.000,0.688,ft8
psk31,offset5Hz,1406,0.0000,20,116.5,41.0,9,0,0.575,0.561,33.8,false,31.25,1.000,0.688,ft8
psk31,offset5Hz,1412,0.0000,20,116.1,41.0,9,0,0.566,0.470,30.8,false,31.25,1.000,0.486,ft8
psk31,offset5Hz,1412,0.0000,20,116.8,35.2,9,0,0.574,0.460,28.8,false,31.25,1.000,0.536,ft8
psk31,offset5Hz,1458,0.0000,20,116.8,35.2,9,0,0.586,0.434,29.8,false,31.25,1.000,0.739,ft8
psk31,offset5Hz,1470,0.0000,20,116.6,35.2,9,0,0.581,0.490,29.8,false,31.25,1.000,0.673,ft8
psk31,offset5Hz,1412,0.0000,20,116.2,41.0,10,0,0.579,0.460,29.8,false,31.25,1.000,0.536,ft8
psk31,offset5Hz,1470,0.0000,20,116.6,35.2,9,0,0.581,0.490,29.8,false,31.25,1.000,0.673,ft8
psk31,offset5Hz,1412,0.0000,20,116.8,35.2,9,0,0.574,0.460,28.8,false,31.25,1.000,0.536,ft8
psk31,offset5Hz,1412,0.0000,20,116.2,41.0,10,0,0.579,0.460,29.8,false,31.25,1.000,0.536,ft8
psk31,offset10Hz,1412,0.0000,20,116.4,35.2,9,0,0.538,0.543,40.1,false,31.25,1.000,0.435,js8call
psk31,offset10Hz,1347,0.0000,20,115.3,46.9,9,0,0.545,0.574,42.6,false,31.25,1.000,0.557,js8call
psk31,offset10Hz,1347,0.0000,20,116.9,29.3,9,0,0.557,0.538,39.6,false,31.25,1.000,0.414,ft8
psk31,offset10Hz,1394,0.0000,20,116.9,23.4,9,0,0.542,0.548,38.6,false,31.25,1.000,0.466,ft8
psk31,offset10Hz,1347,0.0000,20,116.9,29.3,9,0,0.557,0.538,39.6,false,31.25,1.000,0.414,ft8
psk31,offset10Hz,1347,0.0000,20,115.3,46.9,9,0,0.545,0.574,42.6,false,31.25,1.000,0.557,js8call
psk31,offset10Hz,1347,0.0000,20,116.0,35.2,10,0,0.539,0.553,42.1,false,31.25,1.000,0.435,js8call
psk31,offset10Hz,1347,0.0000,20,115.3,46.9,9,0,0.545,0.574,42.6,false,31.25,1.000,0.557,js8call
psk31,offset10Hz,1412,0.0000,20,116.6,23.4,9,0,0.546,0.553,40.6,false,31.25,1.000,0.435,js8call
psk31,offset10Hz,1382,0.0000,20,116.4,41.0,9,0,0.552,0.543,41.1,false,31.25,1.000,0.414,ft8
psk31,offset10Hz,1365,0.0000,20,116.6,17.6,9,0,0.552,0.543,40.1,false,31.25,1.000,0.504,ft8
psk31,offset10Hz,1429,0.0000,20,115.2,52.7,9,0,0.545,0.579,47.2,false,31.25,1.000,0.310,ft8
psk31,offset10Hz,1347,0.0000,20,116.9,29.3,9,0,0.557,0.538,39.6,false,31.25,1.000,0.414,ft8
psk31,offset10Hz,1429,0.0000,20,115.2,52.7,9,0,0.545,0.579,47.2,false,31.25,1.000,0.310,ft8
psk31,offset10Hz,1412,0.0000,20,116.6,23.4,9,0,0.546,0.553,40.6,false,31.25,1.000,0.435,js8call
psk31,offset10Hz,1365,0.0000,20,116.6,17.6,9,0,0.552,0.543,40.1,false,31.25,1.000,0.504,ft8
psk31,offset10Hz,1412,0.0000,20,116.4,35.2,9,0,0.538,0.543,40.1,false,31.25,1.000,0.435,js8call
psk31,offset10Hz,1429,0.0000,20,115.2,52.7,9,0,0.545,0.579,47.2,false,31.25,1.000,0.310,ft8
psk31,offset10Hz,1394,0.0000,20,116.9,23.4,9,0,0.542,0.548,38.6,false,31.25,1.000,0.466,ft8
psk31,offset10Hz,1347,0.0000,20,116.9,29.3,9,0,0.557,0.538,39.6,false,31.25,1.000,0.414,ft8
psk31,offset10Hz,1382,0.0000,20,116.4,41.0,9,0,0.552,0.543,41.1,false,31.25,1.000,0.414,ft8
psk31,offset10Hz,1347,0.0000,20,115.3,46.9,9,0,0.545,0.574,42.6,false,31.25,1.000,0.557,js8call
psk31,offset10Hz,1347,0.0000,20,116.0,35.2,10,0,0.539,0.553,42.1,false,31.25,1.000,0.435,js8call
psk31,offset10Hz,1347,0.0000,20,116.0,35.2,10,0,0.539,0.553,42.1,false,31.25,1.000,0.435,js8call
psk31,offset10Hz,1412,0.0000,20,116.4,35.2,9,0,0.538,0.543,40.1,false,31.25,1.000,0.435,js8call
psk31,offset10Hz,1412,0.0000,20,116.4,35.2,9,0,0.538,0.543,40.1,false,31.25,1.000,0.435,js8call
psk31,offset10Hz,1394,0.0000,20,116.9,23.4,9,0,0.542,0.548,38.6,false,31.25,1.000,0.466,ft8
psk31,offset10Hz,1412,0.0000,20,116.6,23.4,9,0,0.546,0.553,40.6,false,31.25,1.000,0.435,js8call
psk31,offset10Hz,1365,0.0000,20,116.6,17.6,9,0,0.552,0.543,40.1,false,31.25,1.000,0.504,ft8
psk31,offset10Hz,1365,0.0000,20,116.4,23.4,10,0,0.547,0.543,40.1,false,31.25,1.000,0.435,js8call
psk31,offset20Hz,1359,0.0000,20,113.7,35.2,9,0,0.447,0.429,64.1,false,31.25,1.000,0.398,js8call
psk31,offset20Hz,1429,0.0000,20,113.7,35.2,9,0,0.450,0.460,64.6,false,31.25,1.000,0.310,ft8
psk31,offset20Hz,1423,0.0000,20,113.4,35.2,9,0,0.455,0.449,63.6,false,31.25,1.000,0.537,js8call
psk31,offset20Hz,1388,0.0000,20,112.8,35.2,10,0,0.455,0.424,63.1,false,31.25,1.000,0.298,ft8
psk31,offset20Hz,1423,0.0000,20,113.4,35.2,9,0,0.455,0.449,63.6,false,31.25,1.000,0.537,js8call
psk31,offset20Hz,1394,0.0000,20,113.2,35.2,9,0,0.459,0.444,62.1,false,31.25,1.000,0.321,js8call
psk31,offset20Hz,1371,0.0000,20,113.1,35.2,10,0,0.451,0.424,62.6,false,31.25,1.000,0.551,js8call
psk31,offset20Hz,1394,0.0000,20,113.2,35.2,9,0,0.459,0.444,62.1,false,31.25,1.000,0.321,js8call
psk31,offset20Hz,1435,0.0000,20,113.7,29.3,9,0,0.443,0.449,66.2,false,31.25,1.000,0.398,js8call
psk31,offset20Hz,1371,0.0000,20,113.1,35.2,10,0,0.451,0.424,62.6,false,31.25,1.000,0.551,js8call
psk31,offset20Hz,1453,0.0000,20,113.2,35.2,9,0,0.449,0.449,64.1,false,31.25,1.000,0.417,js8call
psk31,offset20Hz,1359,0.0000,20,113.7,35.2,9,0,0.447,0.429,64.1,false,31.25,1.000,0.398,js8call
psk31,offset20Hz,1417,0.0000,20,113.7,29.3,9,0,0.445,0.460,65.7,false,31.25,1.000,0.398,js8call
psk31,offset20Hz,1417,0.0000,20,113.7,29.3,9,0,0.445,0.460,65.7,false,31.25,1.000,0.398,js8call
psk31,offset20Hz,1359,0.0000,20,113.9,29.3,9,0,0.442,0.439,65.2,false,31.25,1.000,0.398,js8call
psk31,offset20Hz,1394,0.0000,20,113.2,35.2,9,0,0.459,0.444,62.1,false,31.25,1.000,0.321,js8call
psk31,offset20Hz,1429,0.0000,20,113.7,35.2,9,0,0.450,0.460,64.6,false,31.25,1.000,0.310,ft8
psk31,offset20Hz,1388,0.0000,20,112.8,35.2,10,0,0.455,0.424,63.1,false,31.25,1.000,0.298,ft8
psk31,offset20Hz,1359,0.0000,20,113.9,29.3,9,0,0.442,0.439,65.2,false,31.25,1.000,0.398,js8call
psk31,offset20Hz,1453,0.0000,20,113.2,35.2,9,0,0.449,0.449,64.1,false,31.25,1.000,0.417,js8call
psk31,offset20Hz,1371,0.0000,20,113.1,35.2,10,0,0.451,0.424,62.6,false,31.25,1.000,0.551,js8call
psk31,offset20Hz,1423,0.0000,20,113.4,35.2,9,0,0.455,0.449,63.6,false,31.25,1.000,0.537,js8call
psk31,offset20Hz,1388,0.0000,20,112.8,35.2,10,0,0.455,0.424,63.1,false,31.25,1.000,0.298,ft8
psk31,offset20Hz,1359,0.0000,20,113.7,35.2,9,0,0.447,0.429,64.1,false,31.25,1.000,0.398,js8call
psk31,offset20Hz,1435,0.0000,20,113.7,29.3,9,0,0.443,0.449,66.2,false,31.25,1.000,0.398,js8call
psk31,offset20Hz,1453,0.0000,20,113.2,35.2,9,0,0.449,0.449,64.1,false,31.25,1.000,0.417,js8call
psk31,offset20Hz,1371,0.0000,20,113.1,35.2,10,0,0.451,0.424,62.6,false,31.25,1.000,0.551,js8call
psk31,offset20Hz,1359,0.0000,20,113.9,29.3,9,0,0.442,0.439,65.2,false,31.25,1.000,0.398,js8call
psk31,offset20Hz,1417,0.0000,20,113.7,29.3,9,0,0.445,0.460,65.7,false,31.25,1.000,0.398,js8call
psk31,offset20Hz,1394,0.0000,20,113.2,35.2,9,0,0.459,0.444,62.1,false,31.25,1.000,0.321,js8call
psk31,offset50Hz,1382,0.0000,20,113.2,35.2,10,0,0.282,0.652,31.8,false,100.00,1.000,0.523,js8call
psk31,offset50Hz,1382,0.0000,20,113.2,35.2,10,0,0.282,0.652,31.8,false,100.00,1.000,0.523,js8call
psk31,offset50Hz,1400,0.0000,20,113.1,35.2,10,0,0.279,0.662,30.8,false,100.00,1.000,0.523,js8call
psk31,offset50Hz,1400,0.0000,20,113.2,29.3,10,0,0.284,0.646,32.3,false,100.00,1.000,0.523,js8call
psk31,offset50Hz,1400,0.0000,20,113.1,35.2,10,0,0.279,0.662,30.8,false,100.00,1.000,0.523,js8call
psk31,offset50Hz,1394,0.0000,20,113.2,35.2,10,0,0.281,0.657,31.3,false,100.00,1.000,0.329,js8call
psk31,offset50Hz,1394,0.0000,20,113.2,35.2,10,0,0.281,0.657,31.3,false,100.00,1.000,0.329,js8call
psk31,offset50Hz,1365,0.0000,20,112.8,35.2,10,0,0.289,0.626,34.3,false,100.00,1.000,0.567,js8call
psk31,offset50Hz,1359,0.0000,20,112.5,35.2,10,0,0.293,0.621,34.8,false,100.00,1.000,0.340,ft8
psk31,offset50Hz,1394,0.0000,20,113.2,35.2,10,0,0.281,0.657,31.3,false,100.00,1.000,0.329,js8call
psk31,offset50Hz,1365,0.0000,20,112.8,35.2,10,0,0.289,0.626,34.3,false,100.00,1.000,0.567,js8call
psk31,offset50Hz,1382,0.0000,20,113.2,35.2,10,0,0.282,0.652,31.8,false,100.00,1.000,0.523,js8call
psk31,offset50Hz,1365,0.0000,20,112.8,35.2,10,0,0.289,0.626,34.3,false,100.00,1.000,0.567,js8call
psk31,offset50Hz,1400,0.0000,20,113.2,29.3,10,0,0.284,0.646,32.3,false,100.00,1.000,0.523,js8call
psk31,offset50Hz,1365,0.0000,20,112.1,35.2,10,0,0.292,0.616,35.4,false,100.00,1.000,0.491,js8call
psk31,offset50Hz,1394,0.0000,20,113.0,35.2,10,0,0.282,0.652,31.8,false,100.00,1.000,0.523,js8call
psk31,offset50Hz,1382,0.0000,20,113.2,35.2,10,0,0.282,0.652,31.8,false,100.00,1.000,0.523,js8call
psk31,offset50Hz,1365,0.0000,20,112.8,35.2,10,0,0.289,0.626,34.3,false,100.00,1.000,0.567,js8call
psk31,offset50Hz,1394,0.0000,20,112.6,35.2,10,0,0.290,0.621,34.8,false,100.00,1.000,0.348,ft8
psk31,offset50Hz,1394,0.0000,20,113.0,35.2,10,0,0.282,0.652,31.8,false,100.00,1.000,0.523,js8call
psk31,offset50Hz,1400,0.0000,20,113.1,35.2,10,0,0.279,0.662,30.8,false,100.00,1.000,0.523,js8call
psk31,offset50Hz,1394,0.0000,20,113.2,35.2,10,0,0.281,0.657,31.3,false,100.00,1.000,0.329,js8call
psk31,offset50Hz,1400,0.0000,20,113.1,35.2,10,0,0.279,0.662,30.8,false,100.00,1.000,0.523,js8call
psk31,offset50Hz,1394,0.0000,20,112.6,35.2,10,0,0.290,0.621,34.8,false,100.00,1.000,0.348,ft8
psk31,offset50Hz,1394,0.0000,20,113.2,35.2,10,0,0.281,0.657,31.3,false,100.00,1.000,0.329,js8call
psk31,offset50Hz,1394,0.0000,20,112.6,35.2,10,0,0.290,0.621,34.8,false,100.00,1.000,0.348,ft8
psk31,offset50Hz,1365,0.0000,20,112.8,35.2,10,0,0.289,0.626,34.3,false,100.00,1.000,0.567,js8call
psk31,offset50Hz,1365,0.0000,20,112.8,35.2,10,0,0.289,0.626,34.3,false,100.00,1.000,0.567,js8call
psk31,offset50Hz,1400,0.0000,20,113.2,29.3,10,0,0.284,0.646,32.3,false,100.00,1.000,0.523,js8call
psk31,offset50Hz,1365,0.0000,20,112.8,35.2,10,0,0.289,0.626,34.3,false,100.00,1.000,0.567,js8call
psk31,itu-good,82,0.1229,1,39.7,29.3,0,0,0.616,0.405,17.0,false,31.25,1.000,0.489,js8call
psk31,itu-good,76,0.1465,1,39.9,29.3,0,0,0.620,0.420,14.5,false,31.25,1.000,0.598,js8call
psk31,itu-good,82,0.1213,1,39.8,29.3,0,0,0.611,0.420,14.5,false,31.25,1.000,0.793,ft8
psk31,itu-good,82,0.1250,1,39.6,29.3,0,0,0.608,0.400,14.5,false,31.25,1.000,0.488,js8call
psk31,itu-good,76,0.1609,1,39.8,29.3,0,0,0.611,0.375,14.0,false,31.25,1.000,0.486,ft8
psk31,itu-good,82,0.1139,1,39.9,29.3,0,0,0.618,0.410,14.5,false,31.25,1.000,0.514,ft8
psk31,itu-good,82,0.1253,1,39.6,29.3,0,0,0.615,0.415,14.5,false,31.25,1.000,0.485,js8call
psk31,itu-good,82,0.1232,1,39.5,29.3,0,0,0.606,0.395,15.5,false,31.25,1.000,0.488,js8call
psk31,itu-good,82,0.1240,1,39.8,29.3,0,0,0.608,0.375,15.0,false,31.25,1.000,0.482,ft8
psk31,itu-good,82,0.1147,1,39.9,29.3,0,0,0.622,0.400,14.5,false,31.25,1.000,0.599,js8call
psk31,itu-good,82,0.1289,1,39.6,29.3,0,0,0.612,0.410,14.5,false,31.25,1.000,0.494,js8call
psk31,itu-good,76,0.1556,1,39.6,29.3,0,0,0.613,0.420,15.5,false,31.25,1.000,0.494,js8call
psk31,itu-good,76,0.1571,1,39.7,29.3,0,0,0.613,0.410,16.5,false,31.25,1.000,0.490,js8call
psk31,itu-good,82,0.1267,1,39.9,29.3,0,0,0.608,0.370,15.0,false,31.25,1.000,0.490,ft8
psk31,itu-good,82,0.1073,2,40.3,29.3,0,0,0.614,0.440,16.0,false,31.25,1.000,0.533,js8call
psk31,itu-good,76,0.1552,1,39.6,29.3,0,0,0.609,0.400,17.5,false,31.25,1.000,0.483,js8call
psk31,itu-good,82,0.1277,1,39.7,29.3,0,0,0.607,0.375,15.0,false,31.25,1.000,0.482,ft8
psk31,itu-good,82,0.1243,1,39.6,29.3,0,0,0.612,0.405,15.5,false,31.25,1.000,0.486,js8call
psk31,itu-good,76,0.1565,1,39.6,29.3,0,0,0.615,0.410,16.0,false,31.25,1.000,0.489,ft8
psk31,itu-good,76,0.1598,1,39.7,29.3,0,0,0.607,0.400,15.0,false,31.25,1.000,0.480,ft8
psk31,itu-good,82,0.1200,1,40.0,29.3,0,0,0.620,0.415,12.0,false,31.25,1.000,0.711,js8call
psk31,itu-good,82,0.1231,1,39.8,29.3,0,0,0.611,0.405,11.5,false,31.25,1.000,0.795,ft8
psk31,itu-good,82,0.1196,1,39.8,29.3,0,0,0.619,0.430,13.0,false,31.25,1.000,0.706,js8call
psk31,itu-good,82,0.1155,1,39.9,29.3,0,0,0.619,0.420,14.0,false,31.25,1.000,0.712,js8call
psk31,itu-good,82,0.1189,1,40.0,29.3,0,0,0.620,0.430,14.0,false,31.25,1.000,0.718,js8call
psk31,itu-good,82,0.1217,1,39.9,29.3,0,0,0.617,0.395,15.5,false,31.25,1.000,0.513,ft8
psk31,itu-good,82,0.1287,1,39.7,29.3,0,0,0.612,0.410,17.5,false,31.25,1.000,0.489,js8call
psk31,itu-good,82,0.1233,1,39.6,29.3,0,0,0.612,0.435,13.5,false,31.25,1.000,0.498,js8call
psk31,itu-good,76,0.1563,1,39.6,29.3,0,0,0.610,0.410,15.5,false,31.25,1.000,0.492,js8call
psk31,itu-good,82,0.1198,1,40.0,29.3,0,0,0.615,0.400,14.5,false,31.25,1.000,0.512,ft8
psk31,itu-moderate,111,0.1144,6,38.6,41.0,0,0,0.278,0.590,30.0,false,31.25,1.000,0.514,js8call
psk31,itu-moderate,111,0.1273,6,38.8,35.2,0,0,0.279,0.580,29.5,false,31.25,1.000,0.468,ft8
psk31,itu-moderate,111,0.1200,6,39.1,29.3,0,0,0.269,0.595,26.5,false,31.25,1.000,0.536,ft8
psk31,itu-moderate,111,0.1214,6,38.8,35.2,0,0,0.283,0.585,28.0,false,31.25,1.000,0.553,js8call
psk31,itu-moderate,111,0.1247,6,38.6,35.2,0,0,0.285,0.585,28.5,false,31.25,1.000,0.459,ft8
psk31,itu-moderate,111,0.1209,6,39.2,29.3,0,0,0.273,0.600,26.5,false,31.25,1.000,0.530,ft8
psk31,itu-moderate,111,0.1195,5,39.2,29.3,0,0,0.273,0.590,26.5,false,31.25,1.000,0.529,ft8
psk31,itu-moderate,111,0.1211,6,39.2,29.3,0,0,0.270,0.605,26.5,false,31.25,1.000,0.533,ft8
psk31,itu-moderate,111,0.1214,6,39.4,29.3,0,0,0.275,0.590,27.0,false,31.25,1.000,0.520,ft8
psk31,itu-moderate,105,0.1406,5,39.2,29.3,0,0,0.275,0.610,26.0,false,31.25,1.000,0.513,ft8
psk31,itu-moderate,105,0.1357,6,38.5,41.0,0,0,0.278,0.590,30.0,false,31.25,1.000,0.521,js8call
psk31,itu-moderate,111,0.1213,6,38.8,35.2,0,0,0.282,0.575,28.0,false,31.25,1.000,0.561,js8call
psk31,itu-moderate,111,0.1232,6,38.9,35.2,0,0,0.273,0.585,27.5,false,31.25,1.000,0.488,ft8
psk31,itu-moderate,105,0.1401,5,39.0,29.3,0,0,0.277,0.600,26.0,false,31.25,1.000,0.507,ft8
psk31,itu-moderate,111,0.1226,6,38.7,35.2,0,0,0.285,0.575,28.5,false,31.25,1.000,0.465,ft8
psk31,itu-moderate,111,0.1232,6,38.6,35.2,0,0,0.288,0.610,28.5,false,31.25,1.000,0.354,js8call
psk31,itu-moderate,111,0.1197,6,39.2,29.3,0,0,0.272,0.605,26.5,false,31.25,1.000,0.525,ft8
psk31,itu-moderate,111,0.1202,6,39.2,29.3,0,0,0.272,0.605,26.5,false,31.25,1.000,0.519,ft8
psk31,itu-moderate,111,0.1230,6,39.4,29.3,0,0,0.274,0.590,28.0,false,31.25,1.000,0.511,ft8
psk31,itu-moderate,111,0.1229,6,38.9,35.2,0,0,0.274,0.595,27.5,false,31.25,1.000,0.495,ft8
psk31,itu-moderate,111,0.1220,6,38.6,35.2,0,0,0.289,0.580,28.5,false,31.25,1.000,0.330,ft8
psk31,itu-moderate,111,0.1252,6,39.3,29.3,0,0,0.275,0.600,28.0,false,31.25,1.000,0.518,ft8
psk31,itu-moderate,111,0.1240,6,38.6,35.2,0,0,0.289,0.610,28.5,false,31.25,1.000,0.357,js8call
psk31,itu-moderate,105,0.1345,6,38.7,41.0,0,0,0.278,0.595,30.0,false,31.25,1.000,0.521,js8call
psk31,itu-moderate,111,0.1213,5,39.1,29.3,0,0,0.271,0.595,26.5,false,31.25,1.000,0.521,ft8
psk31,itu-moderate,111,0.1252,6,39.4,29.3,0,0,0.277,0.580,27.0,false,31.25,1.000,0.515,ft8
psk31,itu-moderate,111,0.1241,6,39.0,35.2,0,0,0.275,0.585,27.5,false,31.25,1.000,0.503,ft8
psk31,itu-moderate,105,0.1323,6,38.7,41.0,0,0,0.278,0.590,30.0,false,31.25,1.000,0.522,js8call
psk31,itu-moderate,111,0.1258,6,38.8,35.2,0,0,0.279,0.595,29.5,false,31.25,1.000,0.472,ft8
psk31,itu-moderate,111,0.1260,6,39.3,29.3,0,0,0.274,0.600,27.5,false,31.25,1.000,0.507,ft8
psk31,itu-poor,105,0.1426,6,39.1,35.2,0,0,0.255,0.570,31.5,false,31.25,1.000,0.365,js8call
psk31,itu-poor,105,0.1250,6,39.1,35.2,0,0,0.266,0.595,30.5,false,31.25,1.000,0.410,js8call
psk31,itu-poor,105,0.1241,5,39.5,29.3,0,0,0.250,0.600,27.5,false,31.25,1.000,0.395,js8call
psk31,itu-poor,111,0.1107,6,38.8,35.2,0,0,0.259,0.575,30.5,false,31.25,1.000,0.355,ft8
psk31,itu-poor,105,0.1426,6,39.0,35.2,0,0,0.255,0.585,32.5,false,31.25,1.000,0.368,js8call
psk31,itu-poor,111,0.1048,6,38.9,35.2,0,0,0.261,0.600,29.0,false,31.25,1.000,0.716,js8call
psk31,itu-poor,111,0.1114,5,39.0,35.2,0,0,0.263,0.580,28.5,false,31.25,1.000,0.406,js8call
psk31,itu-poor,111,0.1059,4,39.5,29.3,0,0,0.253,0.590,27.5,false,31.25,1.000,0.400,js8call
psk31,itu-poor,111,0.1043,5,39.1,35.2,0,0,0.265,0.585,32.0,false,31.25,1.000,0.442,js8call
psk31,itu-poor,111,0.1049,5,39.5,29.3,0,0,0.252,0.600,27.5,false,31.25,1.000,0.406,js8call
psk31,itu-poor,105,0.1450,6,39.0,35.2,0,0,0.254,0.580,31.5,false,31.25,1.000,0.367,js8call
psk31,itu-poor,111,0.1037,5,39.7,29.3,0,0,0.253,0.580,27.0,false,31.25,1.000,0.380,js8call
psk31,itu-poor,111,0.1046,5,39.4,29.3,0,0,0.252,0.595,27.5,false,31.25,1.000,0.403,js8call
psk31,itu-poor,111,0.1027,4,39.5,29.3,0,0,0.251,0.605,26.5,false,31.25,1.000,0.392,js8call
psk31,itu-poor,105,0.1177,5,39.7,29.3,0,0,0.252,0.585,28.0,false,31.25,1.000,0.383,js8call
psk31,itu-poor,111,0.1204,6,39.0,35.2,0,0,0.256,0.585,31.5,false,31.25,1.000,0.369,js8call
psk31,itu-poor,111,0.1019,5,39.6,29.3,0,0,0.252,0.595,25.5,false,31.25,1.000,0.386,js8call
psk31,itu-poor,111,0.1128,6,39.3,29.3,0,0,0.245,0.585,29.0,false,31.25,1.000,0.589,js8call
psk31,itu-poor,111,0.1033,4,39.6,29.3,0,0,0.250,0.605,26.5,false,31.25,1.000,0.379,js8call
psk31,itu-poor,111,0.1041,5,39.8,29.3,0,0,0.253,0.580,27.0,false,31.25,1.000,0.381,js8call
psk31,itu-poor,105,0.1424,6,39.0,35.2,0,0,0.254,0.575,32.5,false,31.25,1.000,0.372,js8call
psk31,itu-poor,111,0.1016,4,39.6,29.3,0,0,0.252,0.590,25.5,false,31.25,1.000,0.383,js8call
psk31,itu-poor,111,0.1152,6,39.4,29.3,0,0,0.246,0.590,30.0,false,31.25,1.000,0.585,js8call
psk31,itu-poor,111,0.1147,6,39.4,29.3,0,0,0.247,0.585,29.0,false,31.25,1.000,0.591,js8call
psk31,itu-poor,111,0.1035,5,39.4,29.3,0,0,0.255,0.615,27.5,false,31.25,1.000,0.397,js8call
psk31,itu-poor,111,0.1147,6,39.4,29.3,0,0,0.243,0.585,29.0,false,31.25,1.000,0.586,js8call
psk31,itu-poor,105,0.1395,6,39.0,35.2,0,0,0.257,0.580,31.5,false,31.25,1.000,0.370,js8call
psk31,itu-poor,111,0.1125,6,39.4,29.3,0,0,0.246,0.585,29.0,false,31.25,1.000,0.588,js8call
psk31,itu-poor,105,0.1253,6,39.0,35.2,0,0,0.261,0.590,29.0,false,31.25,1.000,0.697,js8call
psk31,itu-poor,105,0.1412,6,39.1,35.2,0,0,0.257,0.590,32.5,false,31.25,1.000,0.373,js8call
bpsk63,clean-800Hz,1277,0.0000,20,109.4,52.7,11,10,0.216,0.573,40.2,false,62.50,1.000,0.561,js8call
bpsk63,clean-800Hz,1277,0.0000,20,107.8,52.7,11,9,0.215,0.583,46.2,false,62.50,1.000,0.478,ft8
bpsk63,clean-800Hz,1277,0.0000,20,108.3,52.7,11,9,0.216,0.593,47.2,false,62.50,1.000,0.503,ft8
bpsk63,clean-800Hz,1277,0.0000,20,107.8,52.7,11,9,0.215,0.583,46.2,false,62.50,1.000,0.478,ft8
bpsk63,clean-800Hz,1277,0.0000,20,107.8,52.7,11,9,0.215,0.583,46.2,false,62.50,1.000,0.478,ft8
bpsk63,clean-800Hz,1277,0.0000,20,107.8,52.7,11,9,0.215,0.583,46.2,false,62.50,1.000,0.478,ft8
bpsk63,clean-800Hz,1277,0.0000,20,107.4,64.5,11,7,0.215,0.578,45.7,false,62.50,1.000,0.662,ft8
bpsk63,clean-800Hz,1277,0.0000,20,107.9,64.5,11,6,0.220,0.568,48.2,false,62.50,1.000,0.608,ft8
bpsk63,clean-800Hz,1277,0.0000,20,108.9,52.7,11,8,0.215,0.608,48.2,false,62.50,1.000,0.507,ft8
bpsk63,clean-800Hz,1277,0.0000,20,108.9,52.7,11,8,0.215,0.608,48.2,false,62.50,1.000,0.507,ft8
bpsk63,clean-800Hz,1371,0.0000,20,108.2,52.7,11,10,0.224,0.578,48.2,false,62.50,1.000,0.589,ft8
bpsk63,clean-800Hz,1277,0.0000,20,107.9,64.5,11,6,0.220,0.568,48.2,false,62.50,1.000,0.608,ft8
bpsk63,clean-800Hz,1277,0.0000,20,107.9,64.5,11,6,0.220,0.568,48.2,false,62.50,1.000,0.608,ft8
bpsk63,clean-800Hz,1277,0.0000,20,108.2,52.7,11,10,0.222,0.603,48.2,false,62.50,1.000,0.428,js8call
bpsk63,clean-800Hz,1277,0.0000,20,107.8,52.7,11,9,0.215,0.583,46.2,false,62.50,1.000,0.478,ft8
bpsk63,clean-800Hz,1277,0.0000,20,108.2,52.7,11,10,0.222,0.603,48.2,false,62.50,1.000,0.428,js8call
bpsk63,clean-800Hz,1277,0.0000,20,107.8,52.7,11,9,0.215,0.583,46.2,false,62.50,1.000,0.478,ft8
bpsk63,clean-800Hz,1371,0.0000,20,108.2,52.7,11,10,0.224,0.578,48.2,false,62.50,1.000,0.589,ft8
bpsk63,clean-800Hz,1277,0.0000,20,108.7,52.7,11,10,0.220,0.598,47.7,false,62.50,1.000,0.524,js8call
bpsk63,clean-800Hz,1277,0.0000,20,107.4,64.5,11,7,0.215,0.578,45.7,false,62.50,1.000,0.662,ft8
bpsk63,clean-800Hz,1277,0.0000,20,108.7,52.7,11,10,0.220,0.598,47.7,false,62.50,1.000,0.524,js8call
bpsk63,clean-800Hz,1277,0.0000,20,107.4,64.5,11,7,0.215,0.578,45.7,false,62.50,1.000,0.662,ft8
bpsk63,clean-800Hz,1277,0.0000,20,108.9,52.7,11,8,0.215,0.608,48.2,false,62.50,1.000,0.507,ft8
bpsk63,clean-800Hz,1277,0.0000,20,108.9,52.7,11,8,0.215,0.608,48.2,false,62.50,1.000,0.507,ft8
bpsk63,clean-800Hz,1277,0.0000,20,109.4,52.7,11,10,0.216,0.573,40.2,false,62.50,1.000,0.561,js8call
bpsk63,clean-800Hz,1277,0.0000,20,108.3,52.7,11,9,0.216,0.593,47.2,false,62.50,1.000,0.503,ft8
bpsk63,clean-800Hz,1277,0.0000,20,107.8,64.5,11,8,0.224,0.568,46.7,false,62.50,1.000,0.572,ft8
bpsk63,clean-800Hz,1277,0.0000,20,108.7,52.7,11,10,0.220,0.598,47.7,false,62.50,1.000,0.524,js8call
bpsk63,clean-800Hz,1277,0.0000,20,107.4,64.5,11,7,0.215,0.578,45.7,false,62.50,1.000,0.662,ft8
bpsk63,clean-800Hz,1277,0.0000,20,107.8,52.7,11,9,0.215,0.583,46.2,false,62.50,1.000,0.478,ft8
bpsk63,clean-1000Hz,1300,0.0000,20,105.3,52.7,11,9,0.216,0.593,47.2,false,62.50,1.000,0.525,ft8
bpsk63,clean-1000Hz,1300,0.0000,20,104.6,52.7,11,9,0.215,0.583,46.2,false,62.50,1.000,0.490,ft8
bpsk63,clean-1000Hz,1300,0.0000,20,104.9,58.6,11,9,0.220,0.568,48.2,false,62.50,1.000,0.584,ft8
bpsk63,clean-1000Hz,1300,0.0000,20,105.6,52.7,11,9,0.220,0.598,47.7,false,62.50,1.000,0.467,ft8
bpsk63,clean-1000Hz,1300,0.0000,20,104.9,58.6,11,8,0.215,0.578,45.7,false,62.50,1.000,0.648,ft8
bpsk63,clean-1000Hz,1300,0.0000,20,104.6,52.7,11,9,0.215,0.583,46.2,false,62.50,1.000,0.490,ft8
bpsk63,clean-1000Hz,1300,0.0000,20,104.6,52.7,11,9,0.215,0.583,46.2,false,62.50,1.000,0.490,ft8
bpsk63,clean-1000Hz,1300,0.0000,20,105.6,52.7,11,9,0.222,0.603,48.2,false,62.50,1.000,0.501,js8call
bpsk63,clean-1000Hz,1300,0.0000,20,106.3,23.4,11,9,0.215,0.608,48.2,false,62.50,1.000,0.508,ft8
bpsk63,clean-1000Hz,1300,0.0000,20,105.3,52.7,11,9,0.216,0.593,47.2,false,62.50,1.000,0.525,ft8
bpsk63,clean-1000Hz,1300,0.0000,20,104.6,52.7,11,9,0.215,0.583,46.2,false,62.50,1.000,0.490,ft8
bpsk63,clean-1000Hz,1300,0.0000,20,105.6,52.7,11,9,0.222,0.603,48.2,false,62.50,1.000,0.501,js8call
bpsk63,clean-1000Hz,1300,0.0000,20,104.9,58.6,11,8,0.215,0.578,45.7,false,62.50,1.000,0.648,ft8
bpsk63,clean-1000Hz,1236,0.0000,20,104.7,58.6,11,9,0.224,0.568,46.7,false,62.50,1.000,0.564,ft8
bpsk63,clean-1000Hz,1300,0.0000,20,106.3,52.7,11,9,0.216,0.573,40.2,false,62.50,1.000,0.490,ft8
bpsk63,clean-1000Hz,1300,0.0000,20,105.6,52.7,11,9,0.220,0.598,47.7,false,62.50,1.000,0.467,ft8
bpsk63,clean-1000Hz,1300,0.0000,20,105.3,52.7,11,9,0.216,0.593,47.2,false,62.50,1.000,0.525,ft8
bpsk63,clean-1000Hz,1300,0.0000,20,105.6,52.7,11,9,0.222,0.603,48.2,false,62.50,1.000,0.501,js8call
bpsk63,clean-1000Hz,1300,0.0000,20,105.3,52.7,11,9,0.216,0.593,47.2,false,62.50,1.000,0.525,ft8
bpsk63,clean-1000Hz,1300,0.0000,20,105.6,52.7,11,9,0.222,0.603,48.2,false,62.50,1.000,0.501,js8call
bpsk63,clean-1000Hz,1300,0.0000,20,106.3,23.4,11,9,0.215,0.608,48.2,false,62.50,1.000,0.508,ft8
bpsk63,clean-1000Hz,1300,0.0000,20,104.9,58.6,11,9,0.220,0.568,48.2,false,62.50,1.000,0.584,ft8
bpsk63,clean-1000Hz,1300,0.0000,20,104.9,58.6,11,8,0.215,0.578,45.7,false,62.50,1.000,0.648,ft8
bpsk63,clean-1000Hz,1300,0.0000,20,106.3,23.4,11,9,0.215,0.608,48.2,false,62.50,1.000,0.508,ft8
bpsk63,clean-1000Hz,1300,0.0000,20,104.9,58.6,11,9,0.220,0.568,48.2,false,62.50,1.000,0.584,ft8
bpsk63,clean-1000Hz,1300,0.0000,20,106.3,23.4,11,9,0.215,0.608,48.2,false,62.50,1.000,0.508,ft8
bpsk63,clean-1000Hz,1300,0.0000,20,106.3,52.7,11,9,0.216,0.573,40.2,false,62.50,1.000,0.490,ft8
bpsk63,clean-1000Hz,1365,0.0000,20,105.0,52.7,11,9,0.224,0.578,48.2,false,62.50,1.000,0.610,ft8
bpsk63,clean-1000Hz,1300,0.0000,20,105.6,52.7,11,9,0.222,0.603,48.2,false,62.50,1.000,0.501,js8call
bpsk63,clean-1000Hz,1300,0.0000,20,106.3,52.7,11,9,0.216,0.573,40.2,false,62.50,1.000,0.490,ft8
bpsk63,clean-1500Hz,1113,0.0000,20,101.3,46.9,11,10,0.224,0.578,48.2,false,62.50,1.000,0.610,ft8
bpsk63,clean-1500Hz,1113,0.0000,20,101.5,58.6,11,10,0.224,0.568,46.7,false,62.50,1.000,0.571,ft8
bpsk63,clean-1500Hz,1113,0.0000,20,101.7,58.6,11,8,0.220,0.568,48.2,false,62.50,1.000,0.601,ft8
bpsk63,clean-1500Hz,1113,0.0000,20,101.8,46.9,11,10,0.220,0.598,47.7,false,62.50,1.000,0.548,js8call
bpsk63,clean-1500Hz,1113,0.0000,20,101.9,46.9,11,10,0.216,0.573,40.2,false,62.50,1.000,0.564,js8call
bpsk63,clean-1500Hz,1113,0.0000,20,101.3,46.9,11,10,0.224,0.578,48.2,false,62.50,1.000,0.610,ft8
bpsk63,clean-1500Hz,1113,0.0000,20,101.8,46.9,11,10,0.220,0.598,47.7,false,62.50,1.000,0.548,js8call
bpsk63,clean-1500Hz,1113,0.0000,20,102.0,46.9,11,10,0.222,0.603,48.2,false,62.50,1.000,0.455,js8call
bpsk63,clean-1500Hz,1113,0.0000,20,101.3,46.9,11,10,0.224,0.578,48.2,false,62.50,1.000,0.610,ft8
bpsk63,clean-1500Hz,1113,0.0000,20,101.4,58.6,11,6,0.215,0.578,45.7,false,62.50,1.000,0.630,ft8
bpsk63,clean-1500Hz,1113,0.0000,20,101.9,46.9,11,10,0.216,0.573,40.2,false,62.50,1.000,0.564,js8call
bpsk63,clean-1500Hz,1113,0.0000,20,101.3,58.6,11,6,0.215,0.583,46.2,false,62.50,1.000,0.465,ft8
bpsk63,clean-1500Hz,1113,0.0000,20,102.0,46.9,11,10,0.222,0.603,48.2,false,62.50,1.000,0.455,js8call
bpsk63,clean-1500Hz,1113,0.0000,20,101.8,46.9,11,10,0.220,0.598,47.7,false,62.50,1.000,0.548,js8call
bpsk63,clean-1500Hz,1113,0.0000,20,101.7,46.9,11,8,0.216,0.593,47.2,false,62.50,1.000,0.513,ft8
bpsk63,clean-1500Hz,1113,0.0000,20,101.8,46.9,11,10,0.220,0.598,47.7,false,62.50,1.000,0.548,js8call
bpsk63,clean-1500Hz,1113,0.0000,20,101.3,46.9,11,10,0.224,0.578,48.2,false,62.50,1.000,0.610,ft8
bpsk63,clean-1500Hz,1113,0.0000,20,101.3,58.6,11,6,0.215,0.583,46.2,false,62.50,1.000,0.465,ft8
bpsk63,clean-1500Hz,1113,0.0000,20,101.3,58.6,11,6,0.215,0.583,46.2,false,62.50,1.000,0.465,ft8
bpsk63,clean-1500Hz,1113,0.0000,20,101.9,46.9,11,10,0.216,0.573,40.2,false,62.50,1.000,0.564,js8call
bpsk63,clean-1500Hz,1113,0.0000,20,101.9,46.9,11,10,0.216,0.573,40.2,false,62.50,1.000,0.564,js8call
bpsk63,clean-1500Hz,1113,0.0000,20,101.9,46.9,11,10,0.216,0.573,40.2,false,62.50,1.000,0.564,js8call
bpsk63,clean-1500Hz,1113,0.0000,20,101.8,46.9,11,10,0.220,0.598,47.7,false,62.50,1.000,0.548,js8call
bpsk63,clean-1500Hz,1113,0.0000,20,101.8,46.9,11,10,0.220,0.598,47.7,false,62.50,1.000,0.548,js8call
bpsk63,clean-1500Hz,1113,0.0000,20,102.0,46.9,11,10,0.222,0.603,48.2,false,62.50,1.000,0.455,js8call
bpsk63,clean-1500Hz,1113,0.0000,20,101.4,58.6,11,6,0.215,0.578,45.7,false,62.50,1.000,0.630,ft8
bpsk63,clean-1500Hz,1113,0.0000,20,101.7,46.9,11,8,0.216,0.593,47.2,false,62.50,1.000,0.513,ft8
bpsk63,clean-1500Hz,1113,0.0000,20,101.9,46.9,11,10,0.216,0.573,40.2,false,62.50,1.000,0.564,js8call
bpsk63,clean-1500Hz,1113,0.0000,20,101.3,58.6,11,6,0.215,0.583,46.2,false,62.50,1.000,0.465,ft8
bpsk63,clean-1500Hz,1113,0.0000,20,101.7,58.6,11,8,0.220,0.568,48.2,false,62.50,1.000,0.601,ft8
bpsk63,clean-2000Hz,1177,0.0000,20,101.8,58.6,11,8,0.215,0.578,45.7,false,62.50,1.000,0.659,ft8
bpsk63,clean-2000Hz,1207,0.0000,20,102.6,52.7,11,9,0.216,0.593,47.2,false,62.50,1.000,0.514,ft8
bpsk63,clean-2000Hz,1177,0.0000,20,101.8,58.6,11,8,0.215,0.578,45.7,false,62.50,1.000,0.659,ft8
bpsk63,clean-2000Hz,1113,0.0000,20,102.0,58.6,11,9,0.224,0.568,46.7,false,62.50,1.000,0.571,ft8
bpsk63,clean-2000Hz,1113,0.0000,20,102.9,52.7,11,9,0.216,0.573,40.2,false,62.50,1.000,0.540,js8call
bpsk63,clean-2000Hz,1148,0.0000,20,102.6,52.7,11,9,0.220,0.598,47.7,false,62.50,1.000,0.480,js8call
bpsk63,clean-2000Hz,1148,0.0000,20,102.6,52.7,11,9,0.220,0.598,47.7,false,62.50,1.000,0.480,js8call
bpsk63,clean-2000Hz,1177,0.0000,20,102.2,52.7,11,10,0.224,0.578,48.2,false,62.50,1.000,0.608,ft8
bpsk63,clean-2000Hz,1148,0.0000,20,102.6,52.7,11,9,0.220,0.598,47.7,false,62.50,1.000,0.480,js8call
bpsk63,clean-2000Hz,1048,0.0000,20,102.8,23.4,11,9,0.215,0.608,48.2,false,62.50,1.000,0.517,ft8
bpsk63,clean-2000Hz,1177,0.0000,20,101.8,58.6,11,8,0.215,0.578,45.7,false,62.50,1.000,0.659,ft8
bpsk63,clean-2000Hz,1177,0.0000,20,102.2,52.7,11,10,0.224,0.578,48.2,false,62.50,1.000,0.608,ft8
bpsk63,clean-2000Hz,1236,0.0000,20,102.1,58.6,11,9,0.220,0.568,48.2,false,62.50,1.000,0.609,ft8
bpsk63,clean-2000Hz,1113,0.0000,20,102.9,52.7,11,9,0.216,0.573,40.2,false,62.50,1.000,0.540,js8call
bpsk63,clean-2000Hz,1177,0.0000,20,102.2,52.7,11,10,0.224,0.578,48.2,false,62.50,1.000,0.608,ft8
bpsk63,clean-2000Hz,1048,0.0000,20,102.8,23.4,11,9,0.215,0.608,48.2,false,62.50,1.000,0.517,ft8
bpsk63,clean-2000Hz,1113,0.0000,20,102.9,52.7,11,9,0.216,0.573,40.2,false,62.50,1.000,0.540,js8call
bpsk63,clean-2000Hz,1236,0.0000,20,102.1,52.7,11,9,0.215,0.583,46.2,false,62.50,1.000,0.490,ft8
bpsk63,clean-2000Hz,1236,0.0000,20,102.1,52.7,11,9,0.215,0.583,46.2,false,62.50,1.000,0.490,ft8
bpsk63,clean-2000Hz,1148,0.0000,20,102.6,52.7,11,9,0.220,0.598,47.7,false,62.50,1.000,0.480,js8call
bpsk63,clean-2000Hz,1207,0.0000,20,102.6,52.7,11,9,0.216,0.593,47.2,false,62.50,1.000,0.514,ft8
bpsk63,clean-2000Hz,1048,0.0000,20,102.8,23.4,11,9,0.215,0.608,48.2,false,62.50,1.000,0.517,ft8
bpsk63,clean-2000Hz,1113,0.0000,20,102.0,58.6,11,9,0.224,0.568,46.7,false,62.50,1.000,0.571,ft8
bpsk63,clean-2000Hz,1207,0.0000,20,102.6,52.7,11,9,0.216,0.593,47.2,false,62.50,1.000,0.514,ft8
bpsk63,clean-2000Hz,1177,0.0000,20,102.6,52.7,11,9,0.222,0.603,48.2,false,62.50,1.000,0.436,ft8
bpsk63,clean-2000Hz,1148,0.0000,20,102.6,52.7,11,9,0.220,0.598,47.7,false,62.50,1.000,0.480,js8call
bpsk63,clean-2000Hz,1177,0.0000,20,102.2,52.7,11,10,0.224,0.578,48.2,false,62.50,1.000,0.608,ft8
bpsk63,clean-2000Hz,1207,0.0000,20,102.6,52.7,11,9,0.216,0.593,47.2,false,62.50,1.000,0.514,ft8
bpsk63,clean-2000Hz,1113,0.0000,20,102.9,52.7,11,9,0.216,0.573,40.2,false,62.50,1.000,0.540,js8call
bpsk63,clean-2000Hz,1113,0.0000,20,102.0,58.6,11,9,0.224,0.568,46.7,false,62.50,1.000,0.571,ft8
bpsk63,snr30,240,0.0199,10,57.4,52.7,3,3,0.221,0.603,48.2,false,62.50,1.000,0.501,js8call
bpsk63,snr30,240,0.0206,10,57.4,52.7,2,0,0.216,0.593,47.2,false,62.50,1.000,0.523,ft8
bpsk63,snr30,234,0.0227,10,57.0,52.7,2,0,0.215,0.583,46.2,false,62.50,1.000,0.489,ft8
bpsk63,snr30,240,0.0204,10,57.5,52.7,3,2,0.216,0.593,47.2,false,62.50,1.000,0.525,ft8
bpsk63,snr30,240,0.0197,8,56.8,58.6,2,1,0.223,0.568,46.7,false,62.50,1.000,0.565,ft8
bpsk63,snr30,234,0.0225,9,57.0,64.5,2,0,0.219,0.568,48.2,false,62.50,1.000,0.584,ft8
bpsk63,snr30,240,0.0203,10,57.1,52.7,3,3,0.214,0.583,46.2,false,62.50,1.000,0.490,ft8
bpsk63,snr30,234,0.0217,10,57.9,52.7,3,3,0.215,0.573,40.2,false,62.50,1.000,0.490,ft8
bpsk63,snr30,240,0.0197,10,57.9,23.4,3,3,0.214,0.608,48.2,false,62.50,1.000,0.508,ft8
bpsk63,snr30,240,0.0196,9,56.8,58.6,2,1,0.223,0.568,46.7,false,62.50,1.000,0.564,ft8
bpsk63,snr30,240,0.0194,10,57.9,52.7,3,3,0.215,0.573,40.2,false,62.50,1.000,0.489,ft8
bpsk63,snr30,240,0.0199,9,57.5,52.7,3,2,0.216,0.593,47.2,false,62.50,1.000,0.525,ft8
bpsk63,snr30,240,0.0201,10,57.6,52.7,3,3,0.216,0.593,47.2,false,62.50,1.000,0.525,ft8
bpsk63,snr30,240,0.0201,8,57.3,52.7,2,0,0.221,0.603,48.2,false,62.50,1.000,0.501,js8call
bpsk63,snr30,240,0.0194,10,58.0,23.4,3,3,0.214,0.608,48.2,false,62.50,1.000,0.508,ft8
bpsk63,snr30,240,0.0196,9,56.7,58.6,2,0,0.223,0.568,46.7,false,62.50,1.000,0.564,ft8
bpsk63,snr30,234,0.0222,9,56.6,58.6,2,0,0.223,0.568,46.7,false,62.50,1.000,0.564,ft8
bpsk63,snr30,240,0.0191,9,57.9,52.7,3,3,0.215,0.573,40.2,false,62.50,1.000,0.490,ft8
bpsk63,snr30,240,0.0203,10,57.5,52.7,3,2,0.216,0.593,47.2,false,62.50,1.000,0.525,ft8
bpsk63,snr30,234,0.0216,10,57.9,52.7,3,3,0.215,0.573,40.2,false,62.50,1.000,0.489,ft8
bpsk63,snr30,240,0.0195,10,58.0,52.7,3,3,0.215,0.573,40.2,false,62.50,1.000,0.490,ft8
bpsk63,snr30,240,0.0203,10,57.3,52.7,2,1,0.221,0.603,48.2,false,62.50,1.000,0.502,js8call
bpsk63,snr30,234,0.0220,9,56.4,58.6,2,0,0.214,0.578,45.7,false,62.50,1.000,0.647,ft8
bpsk63,snr30,240,0.0204,8,57.4,52.7,3,2,0.216,0.593,47.2,false,62.50,1.000,0.525,ft8
bpsk63,snr30,240,0.0197,9,57.1,52.7,2,2,0.223,0.578,48.2,false,62.50,1.000,0.609,ft8
bpsk63,snr30,240,0.0196,9,58.1,23.4,2,1,0.214,0.608,48.2,false,62.50,1.000,0.509,ft8
bpsk63,snr30,234,0.0224,8,57.4,52.7,2,1,0.221,0.603,48.2,false,62.50,1.000,0.501,js8call
bpsk63,snr30,240,0.0200,10,57.4,52.7,2,1,0.222,0.603,48.2,false,62.50,1.000,0.500,js8call
bpsk63,snr30,240,0.0200,10,57.5,52.7,3,3,0.221,0.603,48.2,false,62.50,1.000,0.501,js8call
bpsk63,snr30,240,0.0194,9,57.1,52.7,3,2,0.223,0.578,48.2,false,62.50,1.000,0.609,ft8
bpsk63,snr20,169,0.0920,7,47.1,52.7,1,0,0.228,0.575,48.0,false,62.50,1.000,0.607,ft8
bpsk63,snr20,175,0.0804,6,47.6,52.7,1,0,0.226,0.600,48.0,false,62.50,1.000,0.500,js8call
bpsk63,snr20,175,0.0805,6,47.2,52.7,1,0,0.228,0.575,48.0,false,62.50,1.000,0.608,ft8
bpsk63,snr20,175,0.0802,6,47.2,52.7,1,0,0.228,0.575,48.0,false,62.50,1.000,0.612,ft8
bpsk63,snr20,175,0.0758,7,48.2,52.7,1,0,0.220,0.570,40.0,false,62.50,1.000,0.489,ft8
bpsk63,snr20,175,0.0784,5,46.7,58.6,1,0,0.219,0.575,45.5,false,62.50,1.000,0.649,ft8
bpsk63,snr20,175,0.0804,7,47.3,52.7,1,0,0.228,0.575,48.0,false,62.50,1.000,0.610,ft8
bpsk63,snr20,175,0.0775,7,47.9,23.4,1,0,0.219,0.605,48.0,false,62.50,1.000,0.505,ft8
bpsk63,snr20,175,0.0769,7,48.0,23.4,1,0,0.220,0.605,48.0,false,62.50,1.000,0.506,ft8
bpsk63,snr20,181,0.0697,7,47.6,52.7,1,0,0.226,0.600,48.0,false,62.50,1.000,0.497,js8call
bpsk63,snr20,175,0.0805,8,47.6,52.7,1,0,0.226,0.600,48.0,false,62.50,1.000,0.500,js8call
bpsk63,snr20,175,0.0797,7,47.6,52.7,1,0,0.221,0.590,47.0,false,62.50,1.000,0.524,ft8
bpsk63,snr20,181,0.0695,6,47.6,52.7,1,0,0.224,0.595,47.5,false,62.50,1.000,0.468,ft8
bpsk63,snr20,175,0.0767,7,48.1,23.4,1,0,0.220,0.605,48.0,false,62.50,1.000,0.508,ft8
bpsk63,snr20,181,0.0687,6,47.0,64.5,1,0,0.224,0.565,48.0,false,62.50,1.000,0.585,ft8
bpsk63,snr20,181,0.0714,7,47.3,64.5,1,0,0.224,0.565,48.0,false,62.50,1.000,0.587,ft8
bpsk63,snr20,175,0.0778,5,46.8,58.6,1,0,0.220,0.575,45.5,false,62.50,1.000,0.644,ft8
bpsk63,snr20,175,0.0763,8,48.1,23.4,1,0,0.220,0.605,48.0,false,62.50,1.000,0.508,ft8
bpsk63,snr20,181,0.0700,6,47.0,64.5,1,0,0.224,0.565,48.0,false,62.50,1.000,0.583,ft8
bpsk63,snr20,175,0.0796,6,46.9,64.5,1,0,0.228,0.565,46.5,false,62.50,1.000,0.566,ft8
bpsk63,snr20,175,0.0804,7,47.6,52.7,1,0,0.224,0.595,47.5,false,62.50,1.000,0.467,ft8
bpsk63,snr20,175,0.0779,6,46.9,64.5,1,0,0.229,0.565,46.5,false,62.50,1.000,0.565,ft8
bpsk63,snr20,175,0.0806,6,47.7,52.7,1,0,0.221,0.590,47.0,false,62.50,1.000,0.526,ft8
bpsk63,snr20,181,0.0705,6,47.1,64.5,1,0,0.224,0.565,48.0,false,62.50,1.000,0.586,ft8
bpsk63,snr20,175,0.0788,5,46.6,58.6,1,0,0.219,0.575,45.5,false,62.50,1.000,0.649,ft8
bpsk63,snr20,175,0.0802,7,47.7,52.7,1,0,0.224,0.595,47.5,false,62.50,1.000,0.467,ft8
bpsk63,snr20,175,0.0786,7,46.9,64.5,1,0,0.229,0.565,46.5,false,62.50,1.000,0.567,ft8
bpsk63,snr20,175,0.0806,7,47.5,52.7,1,0,0.221,0.590,47.0,false,62.50,1.000,0.525,ft8
bpsk63,snr20,175,0.0787,7,47.6,52.7,1,0,0.226,0.600,48.0,false,62.50,1.000,0.499,js8call
bpsk63,snr20,175,0.0751,9,48.2,52.7,1,0,0.221,0.570,40.0,false,62.50,1.000,0.490,ft8
bpsk63,snr15,169,0.0986,5,42.1,64.5,0,0,0.214,0.565,48.0,false,62.50,1.000,0.591,ft8
bpsk63,snr15,175,0.0895,5,42.1,64.5,0,0,0.215,0.565,48.0,false,62.50,1.000,0.584,ft8
bpsk63,snr15,169,0.0995,5,42.3,52.7,0,0,0.217,0.575,48.0,false,62.50,1.000,0.608,ft8
bpsk63,snr15,169,0.0974,6,42.5,52.7,0,0,0.214,0.595,47.5,false,62.50,1.000,0.473,ft8
bpsk63,snr15,140,0.1747,4,41.8,58.6,0,0,0.209,0.575,45.5,false,62.50,1.000,0.653,ft8
bpsk63,snr15,169,0.1009,5,42.2,64.5,0,0,0.214,0.565,48.0,false,62.50,1.000,0.583,ft8
bpsk63,snr15,169,0.0964,4,41.7,58.6,0,0,0.210,0.575,45.5,false,62.50,1.000,0.643,ft8
bpsk63,snr15,169,0.0997,6,42.6,52.7,0,0,0.214,0.595,47.5,false,62.50,1.000,0.468,ft8
bpsk63,snr15,169,0.0974,5,42.7,52.7,0,0,0.216,0.600,48.0,false,62.50,1.000,0.492,js8call
bpsk63,snr15,169,0.0979,6,42.4,52.7,0,0,0.209,0.580,46.0,false,62.50,1.000,0.489,ft8
bpsk63,snr15,175,0.0854,5,42.4,52.7,0,0,0.217,0.575,48.0,false,62.50,1.000,0.609,ft8
bpsk63,snr15,169,0.0990,5,42.7,52.7,0,0,0.215,0.595,47.5,false,62.50,1.000,0.467,ft8
bpsk63,snr15,146,0.1454,5,43.4,52.7,0,0,0.211,0.565,40.0,false,62.50,1.000,0.492,ft8
bpsk63,snr15,169,0.0971,5,43.2,52.7,0,0,0.210,0.570,40.0,false,62.50,1.000,0.493,ft8
bpsk63,snr15,117,0.3665,5,41.8,64.5,0,0,0.218,0.565,46.5,false,62.50,1.000,0.560,ft8
bpsk63,snr15,169,0.0983,4,42.4,52.7,0,0,0.209,0.580,46.0,false,62.50,1.000,0.493,ft8
bpsk63,snr15,169,0.0987,4,41.6,58.6,0,0,0.209,0.575,45.5,false,62.50,1.000,0.648,ft8
bpsk63,snr15,169,0.0947,6,43.3,52.7,0,0,0.210,0.560,40.0,false,62.50,1.000,0.488,ft8
bpsk63,snr15,169,0.1007,6,42.7,52.7,0,0,0.211,0.595,47.0,false,62.50,1.000,0.525,ft8
bpsk63,snr15,169,0.0994,6,42.4,52.7,0,0,0.218,0.575,48.0,false,62.50,1.000,0.614,ft8
bpsk63,snr15,169,0.0969,5,42.1,64.5,0,0,0.215,0.565,48.0,false,62.50,1.000,0.584,ft8
bpsk63,snr15,169,0.0967,5,43.2,23.4,0,0,0.209,0.605,48.0,false,62.50,1.000,0.510,ft8
bpsk63,snr15,169,0.0986,5,42.1,64.5,0,0,0.218,0.565,46.5,false,62.50,1.000,0.565,ft8
bpsk63,snr15,169,0.0987,6,42.6,52.7,0,0,0.214,0.595,47.5,false,62.50,1.000,0.471,ft8
bpsk63,snr15,169,0.0946,5,43.3,52.7,0,0,0.211,0.565,40.0,false,62.50,1.000,0.490,ft8
bpsk63,snr15,169,0.0939,6,43.3,52.7,0,0,0.211,0.570,40.0,false,62.50,1.000,0.490,ft8
bpsk63,snr15,169,0.0968,4,41.7,58.6,0,0,0.208,0.575,45.5,false,62.50,1.000,0.649,ft8
bpsk63,snr15,146,0.1558,5,41.9,64.5,0,0,0.218,0.565,46.5,false,62.50,1.000,0.566,ft8
bpsk63,snr15,169,0.0995,6,43.1,23.4,0,0,0.209,0.605,48.0,false,62.50,1.000,0.507,ft8
bpsk63,snr15,169,0.1003,6,42.2,64.5,0,0,0.214,0.565,48.0,false,62.50,1.000,0.583,ft8
bpsk63,snr10,117,0.3618,6,37.8,52.7,0,0,0.189,0.590,47.0,false,62.50,1.000,0.535,ft8
bpsk63,snr10,117,0.3603,6,37.8,52.7,0,0,0.188,0.590,47.0,false,62.50,1.000,0.528,ft8
bpsk63,snr10,117,0.3458,6,38.1,23.4,0,0,0.185,0.610,48.0,false,62.50,1.000,0.516,ft8
bpsk63,snr10,117,0.3751,5,37.1,64.5,0,0,0.191,0.565,48.0,false,62.50,1.000,0.575,ft8
bpsk63,snr10,117,0.3566,6,37.3,52.7,0,0,0.188,0.580,46.0,false,62.50,1.000,0.495,ft8
bpsk63,snr10,117,0.3806,6,37.3,64.5,0,0,0.190,0.570,48.0,false,62.50,1.000,0.579,ft8
bpsk63,snr10,117,0.3769,5,37.0,64.5,0,0,0.194,0.565,46.5,false,62.50,1.000,0.573,ft8
bpsk63,snr10,117,0.3672,4,36.8,58.6,0,0,0.187,0.575,45.5,false,62.50,1.000,0.653,ft8
bpsk63,snr10,117,0.3746,6,37.1,64.5,0,0,0.195,0.570,46.5,false,62.50,1.000,0.577,ft8
bpsk63,snr10,117,0.3769,5,37.2,64.5,0,0,0.191,0.565,48.0,false,62.50,1.000,0.582,ft8
bpsk63,snr10,117,0.3584,6,37.8,52.7,0,0,0.188,0.590,47.0,false,62.50,1.000,0.529,ft8
bpsk63,snr10,111,0.4596,6,37.7,52.7,0,0,0.193,0.600,48.0,false,62.50,1.000,0.500,js8call
bpsk63,snr10,117,0.3631,5,37.3,52.7,0,0,0.186,0.580,46.0,false,62.50,1.000,0.495,ft8
bpsk63,snr10,111,0.4264,6,38.3,52.7,0,0,0.186,0.575,41.0,false,62.50,1.000,0.499,ft8
bpsk63,snr10,117,0.3582,7,37.4,52.7,0,0,0.188,0.575,45.0,false,62.50,1.000,0.486,ft8
bpsk63,snr10,117,0.3435,6,38.3,52.7,0,0,0.188,0.570,40.0,false,62.50,1.000,0.492,ft8
bpsk63,snr10,117,0.3471,6,38.4,52.7,0,0,0.187,0.575,41.0,false,62.50,1.000,0.488,ft8
bpsk63,snr10,117,0.3433,6,38.3,23.4,0,0,0.186,0.605,48.0,false,62.50,1.000,0.516,ft8
bpsk63,snr10,117,0.3571,6,37.3,52.7,0,0,0.187,0.580,46.0,false,62.50,1.000,0.494,ft8
bpsk63,snr10,117,0.3819,5,37.2,64.5,0,0,0.190,0.565,48.0,false,62.50,1.000,0.581,ft8
bpsk63,snr10,117,0.3464,6,38.2,23.4,0,0,0.187,0.605,48.0,false,62.50,1.000,0.506,ft8
bpsk63,snr10,117,0.3686,6,37.8,52.7,0,0,0.189,0.595,47.5,false,62.50,1.000,0.469,ft8
bpsk63,snr10,117,0.3761,5,37.4,52.7,0,0,0.193,0.580,48.0,false,62.50,1.000,0.601,ft8
bpsk63,snr10,117,0.3458,6,38.2,52.7,0,0,0.187,0.570,41.0,false,62.50,1.000,0.487,ft8
bpsk63,snr10,117,0.3397,6,38.3,23.4,0,0,0.187,0.605,48.0,false,62.50,1.000,0.506,ft8
bpsk63,snr10,117,0.3416,6,38.3,23.4,0,0,0.186,0.610,48.0,false,62.50,1.000,0.518,ft8
bpsk63,snr10,117,0.3606,6,37.8,52.7,0,0,0.188,0.590,47.0,false,62.50,1.000,0.529,ft8
bpsk63,snr10,117,0.3737,5,37.2,64.5,0,0,0.190,0.565,48.0,false,62.50,1.000,0.584,ft8
bpsk63,snr10,117,0.3617,6,37.8,52.7,0,0,0.187,0.595,47.0,false,62.50,1.000,0.527,ft8
bpsk63,snr10,111,0.4550,6,36.7,58.6,0,0,0.186,0.580,45.5,false,62.50,1.000,0.646,ft8
bpsk63,snr5,111,0.4758,6,32.0,64.5,0,0,0.142,0.570,46.5,false,62.50,1.000,0.577,ft8
bpsk63,snr5,111,0.4513,7,32.7,52.7,0,0,0.136,0.585,45.0,false,62.50,1.000,0.515,ft8
bpsk63,snr5,111,0.4582,5,32.7,52.7,0,0,0.135,0.595,47.0,false,62.50,1.000,0.531,ft8
bpsk63,snr5,111,0.4341,6,33.2,23.4,0,0,0.137,0.600,47.0,false,62.50,1.000,0.502,ft8
bpsk63,snr5,111,0.4699,5,32.7,52.7,0,0,0.139,0.595,47.5,false,62.50,1.000,0.472,ft8
bpsk63,snr5,111,0.4322,6,33.2,23.4,0,0,0.137,0.600,47.0,false,62.50,1.000,0.518,ft8
bpsk63,snr5,111,0.4556,6,32.7,52.7,0,0,0.138,0.580,45.0,false,62.50,1.000,0.543,ft8
bpsk63,snr5,111,0.4685,4,31.6,58.6,0,0,0.136,0.580,45.5,false,62.50,1.000,0.647,ft8
bpsk63,snr5,111,0.4787,5,32.1,64.5,0,0,0.138,0.560,46.0,false,62.50,1.000,0.587,ft8
bpsk63,snr5,111,0.4695,4,31.7,58.6,0,0,0.137,0.575,45.5,false,62.50,1.000,0.654,ft8
bpsk63,snr5,111,0.4714,5,32.4,52.7,0,0,0.144,0.580,48.0,false,62.50,1.000,0.611,ft8
bpsk63,snr5,111,0.4633,5,32.8,52.7,0,0,0.141,0.590,46.5,false,62.50,1.000,0.473,ft8
bpsk63,snr5,111,0.4316,6,33.2,23.4,0,0,0.135,0.600,47.0,false,62.50,1.000,0.503,ft8
bpsk63,snr5,111,0.4770,5,32.2,64.5,0,0,0.141,0.560,47.0,false,62.50,1.000,0.583,ft8
bpsk63,snr5,111,0.4440,6,33.2,52.7,0,0,0.133,0.560,41.0,false,62.50,1.000,0.510,ft8
bpsk63,snr5,111,0.4752,4,32.2,64.5,0,0,0.142,0.565,48.0,false,62.50,1.000,0.582,ft8
bpsk63,snr5,111,0.4653,4,31.6,58.6,0,0,0.137,0.570,43.5,false,62.50,1.000,0.676,ft8
bpsk63,snr5,111,0.4596,6,32.4,52.7,0,0,0.141,0.575,47.0,false,62.50,1.000,0.602,ft8
bpsk63,snr5,111,0.4623,5,32.4,52.7,0,0,0.144,0.580,48.0,false,62.50,1.000,0.605,ft8
bpsk63,snr5,111,0.4666,5,31.7,58.6,0,0,0.140,0.570,44.5,false,62.50,1.000,0.642,ft8
bpsk63,snr5,111,0.4345,6,33.1,23.4,0,0,0.135,0.595,46.0,false,62.50,1.000,0.516,ft8
bpsk63,snr5,111,0.4663,6,32.4,52.7,0,0,0.141,0.580,48.0,false,62.50,1.000,0.620,ft8
bpsk63,snr5,111,0.4676,6,32.7,52.7,0,0,0.138,0.595,47.5,false,62.50,1.000,0.474,ft8
bpsk63,snr5,111,0.4338,6,33.5,52.7,0,0,0.137,0.580,42.0,false,62.50,1.000,0.491,ft8
bpsk63,snr5,111,0.4515,6,32.4,52.7,0,0,0.137,0.570,44.0,false,62.50,1.000,0.483,ft8
bpsk63,snr5,111,0.4642,6,32.6,52.7,0,0,0.138,0.595,45.5,false,62.50,1.000,0.472,ft8
bpsk63,snr5,111,0.4284,6,33.2,23.4,0,0,0.137,0.595,45.0,false,62.50,1.000,0.517,ft8
bpsk63,snr5,111,0.4625,6,32.7,52.7,0,0,0.138,0.580,44.5,false,62.50,1.000,0.482,ft8
bpsk63,snr5,111,0.4658,6,32.6,52.7,0,0,0.142,0.600,47.0,false,62.50,1.000,0.474,js8call
bpsk63,snr5,111,0.4705,5,31.8,58.6,0,0,0.136,0.580,45.5,false,62.50,1.000,0.653,ft8
bpsk63,snr3,111,0.4857,3,30.7,52.7,0,0,0.110,0.595,46.0,false,62.50,1.000,0.490,js8call
bpsk63,snr3,111,0.4416,6,31.0,23.4,0,0,0.107,0.585,44.0,false,62.50,1.000,0.505,ft8
bpsk63,snr3,111,0.4795,5,30.5,52.7,0,0,0.112,0.575,44.0,false,62.50,1.000,0.475,js8call
bpsk63,snr3,111,0.4740,2,30.7,52.7,0,0,0.113,0.600,47.0,false,62.50,1.000,0.480,js8call
bpsk63,snr3,111,0.4838,3,30.0,64.5,0,0,0.113,0.555,45.0,false,62.50,1.000,0.580,ft8
bpsk63,snr3,111,0.4680,4,30.7,52.7,0,0,0.110,0.590,46.5,false,62.50,1.000,0.481,ft8
bpsk63,snr3,111,0.4738,2,30.5,52.7,0,0,0.112,0.610,47.5,false,62.50,1.000,0.468,ft8
bpsk63,snr3,111,0.4721,3,29.7,58.6,0,0,0.112,0.565,42.5,false,62.50,1.000,0.657,ft8
bpsk63,snr3,111,0.4840,3,30.0,64.5,0,0,0.116,0.575,45.5,false,62.50,1.000,0.567,ft8
bpsk63,snr3,111,0.4399,4,31.0,23.4,0,0,0.108,0.580,44.0,false,62.50,1.000,0.519,ft8
bpsk63,snr3,111,0.4796,4,30.0,64.5,0,0,0.112,0.570,47.0,false,62.50,1.000,0.589,ft8
bpsk63,snr3,111,0.4399,5,31.0,23.4,0,0,0.110,0.600,48.0,false,62.50,1.000,0.510,ft8
bpsk63,snr3,111,0.4737,4,30.3,52.7,0,0,0.114,0.570,47.0,false,62.50,1.000,0.605,ft8
bpsk63,snr3,111,0.4532,6,30.2,52.7,0,0,0.108,0.575,44.0,false,62.50,1.000,0.513,ft8
bpsk63,snr3,111,0.4799,3,30.0,64.5,0,0,0.111,0.575,46.0,false,62.50,1.000,0.579,ft8
bpsk63,snr3,111,0.4747,1,29.7,58.6,0,0,0.107,0.565,44.5,false,62.50,1.000,0.666,ft8
bpsk63,snr3,111,0.4666,4,30.3,52.7,0,0,0.113,0.570,48.0,false,62.50,1.000,0.602,ft8
bpsk63,snr3,111,0.4422,2,31.1,52.7,0,0,0.108,0.565,43.0,false,62.50,1.000,0.501,ft8
bpsk63,snr3,111,0.4611,5,30.3,52.7,0,0,0.110,0.570,44.0,false,62.50,1.000,0.473,ft8
bpsk63,snr3,111,0.4622,5,30.7,52.7,0,0,0.108,0.570,44.0,false,62.50,1.000,0.529,ft8
bpsk63,snr3,111,0.4579,5,30.9,52.7,0,0,0.110,0.585,45.0,false,62.50,1.000,0.523,ft8
bpsk63,snr3,111,0.4654,2,29.7,58.6,0,0,0.109,0.555,42.5,false,62.50,1.000,0.632,ft8
bpsk63,snr3,111,0.4764,5,30.1,64.5,0,0,0.114,0.560,46.0,false,62.50,1.000,0.590,ft8
bpsk63,snr3,111,0.4799,3,29.9,64.5,0,0,0.115,0.555,44.5,false,62.50,1.000,0.536,ft8
bpsk63,snr3,111,0.4703,2,30.6,52.7,0,0,0.111,0.595,47.0,false,62.50,1.000,0.499,js8call
bpsk63,snr3,111,0.4684,4,30.5,52.7,0,0,0.112,0.590,47.0,false,62.50,1.000,0.490,js8call
bpsk63,snr3,111,0.4839,3,30.1,64.5,0,0,0.111,0.565,48.0,false,62.50,1.000,0.567,ft8
bpsk63,snr3,111,0.4652,4,30.2,52.7,0,0,0.109,0.560,44.0,false,62.50,1.000,0.495,ft8
bpsk63,snr3,111,0.4752,3,29.6,58.6,0,0,0.108,0.585,44.5,false,62.50,1.000,0.643,ft8
bpsk63,snr3,111,0.4609,5,30.4,52.7,0,0,0.107,0.565,43.0,false,62.50,1.000,0.514,ft8
bpsk63,snr0,111,0.4888,2,27.3,52.7,0,0,0.066,0.560,42.5,false,62.50,1.000,0.490,ft8
bpsk63,snr0,105,0.5077,2,28.2,52.7,0,0,0.064,0.585,42.0,false,62.50,1.000,0.474,ft8
bpsk63,snr0,111,0.5022,2,26.4,58.6,0,0,0.065,0.520,40.5,false,62.50,1.000,0.674,ft8
bpsk63,snr0,105,0.5323,3,27.4,52.7,0,0,0.066,0.550,41.0,false,62.50,1.000,0.558,ft8
bpsk63,snr0,111,0.5007,2,26.9,64.5,0,0,0.068,0.540,45.0,false,62.50,1.000,0.567,ft8
bpsk63,snr0,105,0.5410,2,27.6,52.7,0,0,0.071,0.575,45.0,false,62.50,1.000,0.488,js8call
bpsk63,snr0,111,0.4947,2,27.4,52.7,0,0,0.066,0.565,42.0,false,62.50,1.000,0.477,js8call
bpsk63,snr0,105,0.5345,2,27.5,52.7,0,0,0.064,0.535,42.0,false,62.50,1.000,0.556,ft8
bpsk63,snr0,105,0.5398,3,27.0,52.7,0,0,0.065,0.560,43.0,false,62.50,1.000,0.499,ft8
bpsk63,snr0,105,0.5414,2,27.4,52.7,0,0,0.067,0.580,42.0,false,62.50,1.000,0.483,js8call
bpsk63,snr0,105,0.5126,2,28.0,23.4,0,0,0.066,0.600,45.0,false,62.50,1.000,0.529,js8call
bpsk63,snr0,105,0.5612,2,27.0,64.5,0,0,0.069,0.570,45.0,false,62.50,1.000,0.573,ft8
bpsk63,snr0,105,0.5409,2,27.5,52.7,0,0,0.069,0.595,47.0,false,62.50,1.000,0.496,js8call
bpsk63,snr0,105,0.5693,2,26.8,64.5,0,0,0.069,0.560,43.5,false,62.50,1.000,0.550,ft8
bpsk63,snr0,105,0.5611,2,27.0,64.5,0,0,0.068,0.560,47.0,false,62.50,1.000,0.584,ft8
bpsk63,snr0,105,0.5508,2,27.2,52.7,0,0,0.070,0.575,46.0,false,62.50,1.000,0.642,ft8
bpsk63,snr0,105,0.5140,2,28.0,23.4,0,0,0.063,0.600,47.0,false,62.50,1.000,0.519,ft8
bpsk63,snr0,99,0.5758,2,28.0,52.7,0,0,0.066,0.585,44.0,false,62.50,1.000,0.488,ft8
bpsk63,snr0,105,0.5588,2,26.9,64.5,0,0,0.069,0.525,43.0,false,62.50,1.000,0.584,ft8
bpsk63,snr0,105,0.5368,3,27.1,52.7,0,0,0.066,0.560,44.0,false,62.50,1.000,0.482,ft8
bpsk63,snr0,105,0.5276,2,27.3,52.7,0,0,0.066,0.565,44.0,false,62.50,1.000,0.529,ft8
bpsk63,snr0,105,0.5472,2,27.4,52.7,0,0,0.069,0.565,44.0,false,62.50,1.000,0.481,js8call
bpsk63,snr0,105,0.5117,2,27.9,52.7,0,0,0.070,0.580,43.0,false,62.50,1.000,0.489,ft8
bpsk63,snr0,105,0.5636,1,26.4,58.6,0,0,0.066,0.545,41.5,false,62.50,1.000,0.642,ft8
bpsk63,snr0,111,0.4707,2,27.5,52.7,0,0,0.070,0.575,45.0,false,62.50,1.000,0.549,ft8
bpsk63,snr0,105,0.5607,1,26.6,58.6,0,0,0.067,0.535,40.5,false,62.50,1.000,0.658,ft8
bpsk63,snr0,105,0.5008,2,28.1,23.4,0,0,0.068,0.575,44.0,false,62.50,1.000,0.541,ft8
bpsk63,snr0,99,0.6277,2,27.1,52.7,0,0,0.067,0.570,46.0,false,62.50,1.000,0.623,ft8
bpsk63,snr0,105,0.5176,3,28.0,52.7,0,0,0.068,0.585,44.0,false,62.50,1.000,0.502,ft8
bpsk63,snr0,105,0.5092,2,28.0,52.7,0,0,0.066,0.595,45.0,false,62.50,1.000,0.501,ft8
bpsk63,snr-3,99,0.6367,2,24.3,52.7,0,0,0.036,0.555,45.0,false,62.50,1.000,0.522,js8call
bpsk63,snr-3,99,0.6351,1,23.2,58.6,0,0,0.033,0.515,46.5,false,62.50,1.000,0.679,ft8
bpsk63,snr-3,99,0.6305,2,23.6,64.5,0,0,0.038,0.565,44.5,false,62.50,1.000,0.605,ft8
bpsk63,snr-3,99,0.6126,2,24.0,52.7,0,0,0.036,0.570,47.5,false,62.50,1.000,0.503,ft8
bpsk63,snr-3,99,0.6142,3,23.8,52.7,0,0,0.034,0.560,43.0,false,62.50,1.000,0.467,ft8
bpsk63,snr-3,99,0.6308,2,23.8,52.7,0,0,0.035,0.530,42.0,false,62.50,1.000,0.567,ft8
bpsk63,snr-3,99,0.6375,2,23.6,64.5,0,0,0.037,0.545,44.5,false,62.50,1.000,0.573,ft8
bpsk63,snr-3,99,0.5770,2,24.8,52.7,0,0,0.035,0.545,45.0,false,62.50,1.000,0.519,ft8
bpsk63,snr-3,99,0.6050,3,23.8,52.7,0,0,0.035,0.505,46.0,false,62.50,1.000,0.475,ft8
bpsk63,snr-3,99,0.6181,2,24.2,52.7,0,0,0.033,0.580,48.5,false,62.50,1.000,0.529,ft8
bpsk63,snr-3,99,0.6380,2,23.5,64.5,0,0,0.037,0.540,41.5,false,62.50,1.000,0.557,ft8
bpsk63,snr-3,99,0.6145,3,23.9,52.7,0,0,0.035,0.545,42.0,false,62.50,1.000,0.510,ft8
bpsk63,snr-3,99,0.6356,2,23.7,64.5,0,0,0.037,0.520,45.0,false,62.50,1.000,0.593,ft8
bpsk63,snr-3,99,0.6388,2,23.7,64.5,0,0,0.037,0.520,39.5,false,62.50,1.000,0.553,ft8
bpsk63,snr-3,99,0.6420,2,23.6,64.5,0,0,0.036,0.570,45.0,false,62.50,1.000,0.610,ft8
bpsk63,snr-3,99,0.5966,2,24.1,52.7,0,0,0.034,0.560,45.0,false,62.50,1.000,0.501,js8call
bpsk63,snr-3,99,0.6053,2,24.0,52.7,0,0,0.036,0.560,44.0,false,62.50,1.000,0.496,ft8
bpsk63,snr-3,99,0.6125,2,24.2,52.7,0,0,0.036,0.540,40.5,false,62.50,1.000,0.450,ft8
bpsk63,snr-3,99,0.6239,2,24.0,52.7,0,0,0.036,0.530,43.0,false,62.50,1.000,0.510,ft8
bpsk63,snr-3,99,0.5927,2,24.3,52.7,0,0,0.033,0.560,44.0,false,62.50,1.000,0.511,ft8
bpsk63,snr-3,99,0.5603,2,24.7,23.4,0,0,0.034,0.565,49.0,false,62.50,1.000,0.545,js8call
bpsk63,snr-3,99,0.6346,2,23.6,52.7,0,0,0.038,0.565,42.5,false,62.50,1.000,0.554,ft8
bpsk63,snr-3,99,0.6133,2,24.2,52.7,0,0,0.035,0.545,48.5,false,62.50,1.000,0.506,ft8
bpsk63,snr-3,99,0.6240,2,24.2,52.7,0,0,0.034,0.540,47.5,false,62.50,1.000,0.468,ft8
bpsk63,snr-3,99,0.6389,2,24.1,52.7,0,0,0.036,0.545,41.0,false,62.50,1.000,0.482,js8call
bpsk63,snr-3,99,0.5977,3,23.7,52.7,0,0,0.035,0.565,42.0,false,62.50,1.000,0.493,ft8
bpsk63,snr-3,99,0.5488,2,24.7,52.7,0,0,0.035,0.535,44.0,false,62.50,1.000,0.548,ft8
bpsk63,snr-3,99,0.6043,2,24.2,52.7,0,0,0.036,0.595,48.5,false,62.50,1.000,0.480,ft8
bpsk63,snr-3,99,0.6334,2,23.8,64.5,0,0,0.035,0.530,43.0,false,62.50,1.000,0.585,ft8
bpsk63,snr-3,99,0.6344,2,23.2,58.6,0,0,0.034,0.525,44.5,false,62.50,1.000,0.642,ft8
qpsk31,snr30,1382,0.0553,20,48.4,41.0,11,1,0.380,0.646,23.7,false,31.25,1.000,0.266,ft8
qpsk31,snr30,1289,0.0514,20,49.6,29.3,10,1,0.380,0.667,25.3,false,31.25,1.000,0.300,ft8
qpsk31,snr30,1353,0.0499,20,48.6,41.0,10,1,0.390,0.641,23.2,false,31.25,1.000,0.298,ft8
qpsk31,snr30,1289,0.0513,20,49.7,29.3,10,1,0.380,0.667,24.2,false,31.25,1.000,0.300,ft8
qpsk31,snr30,1318,0.0495,20,49.4,29.3,10,1,0.380,0.657,24.2,false,31.25,1.000,0.301,ft8
qpsk31,snr30,1289,0.0515,20,49.6,29.3,11,1,0.380,0.662,24.2,false,31.25,1.000,0.300,ft8
qpsk31,snr30,1347,0.0587,20,48.1,41.0,10,1,0.388,0.606,27.3,false,31.25,1.000,0.228,js8call
qpsk31,snr30,1324,0.0520,20,48.6,41.0,10,1,0.390,0.641,23.2,false,31.25,1.000,0.295,ft8
qpsk31,snr30,1353,0.0503,20,48.7,41.0,11,1,0.381,0.697,21.7,false,31.25,1.000,0.325,ft8
qpsk31,snr30,1289,0.0514,20,49.6,29.3,10,1,0.380,0.662,24.2,false,31.25,1.000,0.302,ft8
qpsk31,snr30,1347,0.0508,20,48.4,41.0,11,1,0.381,0.697,21.7,false,31.25,1.000,0.324,ft8
qpsk31,snr30,1347,0.0546,20,47.4,41.0,11,1,0.401,0.631,24.7,false,31.25,1.000,0.563,js8call
qpsk31,snr30,1353,0.0496,20,48.9,29.3,10,1,0.398,0.672,26.3,false,31.25,1.000,0.410,ft8
qpsk31,snr30,1376,0.0563,20,48.3,41.0,10,1,0.388,0.606,27.3,false,31.25,1.000,0.229,js8call
qpsk31,snr30,1353,0.0501,20,48.5,41.0,10,1,0.390,0.641,23.2,false,31.25,1.000,0.296,ft8
qpsk31,snr30,1353,0.0532,20,48.1,41.0,11,1,0.401,0.621,26.3,false,31.25,1.000,0.377,ft8
qpsk31,snr30,1353,0.0532,20,48.1,41.0,11,1,0.400,0.611,25.3,false,31.25,1.000,0.378,ft8
qpsk31,snr30,1347,0.0536,20,48.0,41.0,10,1,0.400,0.611,25.3,false,31.25,1.000,0.378,ft8
qpsk31,snr30,1353,0.0502,20,48.8,41.0,11,1,0.381,0.697,21.7,false,31.25,1.000,0.325,ft8
qpsk31,snr30,1347,0.0558,20,47.9,41.0,10,1,0.384,0.626,22.7,false,31.25,1.000,0.325,js8call
qpsk31,snr30,1382,0.0550,20,48.1,41.0,10,1,0.379,0.646,23.7,false,31.25,1.000,0.266,ft8
qpsk31,snr30,1347,0.0559,20,47.8,41.0,10,1,0.384,0.626,22.7,false,31.25,1.000,0.326,js8call
qpsk31,snr30,1353,0.0534,20,48.5,41.0,11,1,0.401,0.616,25.3,false,31.25,1.000,0.377,ft8
qpsk31,snr30,1347,0.0558,20,48.0,41.0,10,1,0.384,0.626,22.7,false,31.25,1.000,0.325,js8call
qpsk31,snr30,1318,0.0579,20,47.7,41.0,10,1,0.384,0.626,22.7,false,31.25,1.000,0.327,js8call
qpsk31,snr30,1353,0.0533,20,48.2,41.0,11,1,0.401,0.611,25.3,false,31.25,1.000,0.378,ft8
qpsk31,snr30,1347,0.0558,20,47.8,41.0,10,1,0.384,0.626,22.7,false,31.25,1.000,0.326,js8call
qpsk31,snr30,1289,0.0541,20,48.6,29.3,10,1,0.398,0.672,26.3,false,31.25,1.000,0.410,ft8
qpsk31,snr30,1289,0.0513,20,49.5,29.3,10,1,0.380,0.662,25.3,false,31.25,1.000,0.301,ft8
qpsk31,snr30,1353,0.0542,20,47.3,41.0,11,1,0.401,0.636,24.7,false,31.25,1.000,0.563,js8call
qpsk31,snr20,1160,0.0651,20,44.3,41.0,10,1,0.390,0.645,23.0,false,31.25,1.000,0.288,ft8
qpsk31,snr20,1166,0.0644,20,44.2,41.0,10,1,0.391,0.650,23.0,false,31.25,1.000,0.292,ft8
qpsk31,snr20,1166,0.0639,20,44.6,29.3,10,1,0.399,0.665,26.0,false,31.25,1.000,0.412,ft8
qpsk31,snr20,1166,0.0685,20,43.8,41.0,10,1,0.401,0.615,26.0,false,31.25,1.000,0.373,ft8
qpsk31,snr20,1160,0.0758,20,43.5,41.0,10,1,0.390,0.600,27.0,false,31.25,1.000,0.228,js8call
qpsk31,snr20,1166,0.0661,20,43.9,41.0,10,1,0.382,0.690,21.5,false,31.25,1.000,0.322,ft8
qpsk31,snr20,1195,0.0625,20,44.5,41.0,10,1,0.391,0.650,23.0,false,31.25,1.000,0.299,ft8
qpsk31,snr20,1189,0.0741,20,43.6,41.0,10,1,0.390,0.605,27.0,false,31.25,1.000,0.225,js8call
qpsk31,snr20,1130,0.0631,20,44.9,29.3,10,1,0.382,0.665,25.0,false,31.25,1.000,0.301,ft8
qpsk31,snr20,1160,0.0751,20,43.4,41.0,10,1,0.390,0.620,27.0,false,31.25,1.000,0.228,js8call
qpsk31,snr20,1189,0.0737,20,43.5,41.0,10,1,0.389,0.600,27.0,false,31.25,1.000,0.228,js8call
qpsk31,snr20,1189,0.0734,20,43.6,41.0,10,1,0.390,0.635,27.0,false,31.25,1.000,0.230,js8call
qpsk31,snr20,1195,0.0684,20,43.6,41.0,10,1,0.402,0.635,27.0,false,31.25,1.000,0.422,js8call
qpsk31,snr20,1189,0.0696,20,43.6,41.0,10,1,0.402,0.635,27.0,false,31.25,1.000,0.424,js8call
qpsk31,snr20,1166,0.0646,20,44.3,41.0,10,1,0.392,0.650,23.0,false,31.25,1.000,0.291,ft8
qpsk31,snr20,1189,0.0702,20,43.3,41.0,10,1,0.385,0.635,23.5,false,31.25,1.000,0.323,js8call
qpsk31,snr20,1189,0.0694,20,43.7,41.0,10,1,0.402,0.635,27.0,false,31.25,1.000,0.423,js8call
qpsk31,snr20,1189,0.0691,20,43.6,41.0,10,1,0.402,0.635,27.0,false,31.25,1.000,0.424,js8call
qpsk31,snr20,1189,0.0701,20,43.4,41.0,10,1,0.386,0.630,22.5,false,31.25,1.000,0.322,js8call
qpsk31,snr20,1166,0.0690,20,43.7,41.0,10,1,0.401,0.615,26.0,false,31.25,1.000,0.379,ft8
qpsk31,snr20,1166,0.0680,20,43.6,41.0,10,1,0.401,0.615,26.0,false,31.25,1.000,0.381,ft8
qpsk31,snr20,1130,0.0635,20,45.1,29.3,10,1,0.382,0.665,25.0,false,31.25,1.000,0.303,ft8
qpsk31,snr20,1189,0.0694,20,43.5,41.0,10,1,0.386,0.640,23.5,false,31.25,1.000,0.322,js8call
qpsk31,snr20,1160,0.0612,20,45.0,29.3,10,1,0.382,0.660,25.0,false,31.25,1.000,0.303,ft8
qpsk31,snr20,1224,0.0700,20,43.7,41.0,10,1,0.381,0.650,24.5,false,31.25,1.000,0.264,ft8
qpsk31,snr20,1218,0.0705,20,43.6,41.0,10,1,0.381,0.650,23.5,false,31.25,1.000,0.266,ft8
qpsk31,snr20,1224,0.0716,20,43.8,41.0,10,1,0.390,0.635,27.0,false,31.25,1.000,0.235,js8call
qpsk31,snr20,1160,0.0643,20,44.6,29.3,10,1,0.399,0.665,26.0,false,31.25,1.000,0.413,ft8
qpsk31,snr20,1189,0.0691,20,43.6,41.0,10,1,0.402,0.635,27.0,false,31.25,1.000,0.422,js8call
qpsk31,snr20,1166,0.0682,20,43.8,41.0,10,1,0.401,0.615,26.0,false,31.25,1.000,0.380,ft8
qpsk31,snr15,1042,0.0755,20,39.5,41.0,10,1,0.359,0.690,21.5,false,31.25,1.000,0.324,ft8
qpsk31,snr15,1072,0.0760,20,39.8,41.0,10,1,0.378,0.615,26.0,false,31.25,1.000,0.370,ft8
qpsk31,snr15,1072,0.0773,20,39.9,41.0,10,1,0.379,0.615,26.0,false,31.25,1.000,0.383,ft8
qpsk31,snr15,1007,0.0702,20,40.9,29.3,10,1,0.360,0.665,25.0,false,31.25,1.000,0.309,ft8
qpsk31,snr15,1066,0.0787,20,39.0,41.0,10,1,0.378,0.635,24.5,false,31.25,1.000,0.557,js8call
qpsk31,snr15,1072,0.0711,20,40.7,29.3,10,1,0.376,0.665,26.0,false,31.25,1.000,0.402,ft8
qpsk31,snr15,1066,0.0792,20,39.0,41.0,10,1,0.379,0.635,24.5,false,31.25,1.000,0.554,js8call
qpsk31,snr15,1042,0.0731,20,40.3,41.0,10,1,0.370,0.650,23.0,false,31.25,1.000,0.294,ft8
qpsk31,snr15,1072,0.0759,20,39.8,41.0,10,1,0.379,0.615,26.0,false,31.25,1.000,0.385,ft8
qpsk31,snr15,1066,0.0845,20,39.6,41.0,10,1,0.361,0.650,24.5,false,31.25,1.000,0.271,ft8
qpsk31,snr15,1066,0.0852,20,39.5,41.0,10,1,0.369,0.605,27.0,false,31.25,1.000,0.237,js8call
qpsk31,snr15,1037,0.0758,20,39.7,41.0,10,1,0.358,0.690,21.5,false,31.25,1.000,0.324,ft8
qpsk31,snr15,1101,0.0782,20,39.5,41.0,10,1,0.380,0.635,27.0,false,31.25,1.000,0.423,js8call
qpsk31,snr15,1037,0.0684,20,40.8,29.3,10,1,0.360,0.665,25.0,false,31.25,1.000,0.293,ft8
qpsk31,snr15,767,0.0664,20,40.7,29.3,10,2,0.360,0.665,25.0,false,31.25,1.000,0.305,ft8
qpsk31,snr15,1066,0.0691,20,40.8,29.3,10,1,0.360,0.665,25.0,false,31.25,1.000,0.305,ft8
qpsk31,snr15,1037,0.0718,20,40.7,29.3,10,1,0.376,0.665,26.0,false,31.25,1.000,0.403,ft8
qpsk31,snr15,1066,0.0809,20,39.2,41.0,10,1,0.365,0.630,22.5,false,31.25,1.000,0.326,js8call
qpsk31,snr15,1066,0.0843,20,39.5,41.0,10,1,0.369,0.630,27.0,false,31.25,1.000,0.222,js8call
qpsk31,snr15,1095,0.0828,20,39.6,41.0,10,1,0.369,0.625,27.0,false,31.25,1.000,0.233,js8call
qpsk31,snr15,1095,0.0777,20,39.6,41.0,10,1,0.379,0.635,27.0,false,31.25,1.000,0.418,js8call
qpsk31,snr15,1066,0.0783,20,39.0,41.0,10,1,0.378,0.635,24.5,false,31.25,1.000,0.561,js8call
qpsk31,snr15,1037,0.0691,20,40.7,29.3,10,2,0.359,0.665,25.0,false,31.25,1.000,0.297,ft8
qpsk31,snr15,1042,0.0729,20,40.4,41.0,10,1,0.368,0.645,23.0,false,31.25,1.000,0.295,ft8
qpsk31,snr15,1066,0.0807,20,39.3,41.0,10,1,0.364,0.645,23.5,false,31.25,1.000,0.324,js8call
qpsk31,snr15,1101,0.0813,20,39.8,41.0,10,1,0.360,0.650,23.5,false,31.25,1.000,0.270,ft8
qpsk31,snr15,1066,0.0783,20,39.0,41.0,10,1,0.378,0.635,24.5,false,31.25,1.000,0.552,js8call
qpsk31,snr15,1066,0.0844,20,39.6,41.0,10,1,0.369,0.620,27.0,false,31.25,1.000,0.242,js8call
qpsk31,snr15,1066,0.0796,20,39.8,41.0,10,1,0.379,0.635,27.0,false,31.25,1.000,0.421,js8call
qpsk31,snr15,1037,0.0730,20,40.5,41.0,10,1,0.369,0.650,23.0,false,31.25,1.000,0.280,ft8
qpsk31,snr10,451,0.1170,20,35.2,41.0,7,1,0.319,0.635,27.0,false,31.25,1.000,0.230,js8call
qpsk31,snr10,451,0.1087,20,35.2,41.0,7,1,0.328,0.615,26.0,false,31.25,1.000,0.368,ft8
qpsk31,snr10,457,0.1042,20,36.1,29.3,5,1,0.325,0.665,26.0,false,31.25,1.000,0.407,ft8
qpsk31,snr10,457,0.1096,20,35.0,41.0,7,1,0.328,0.635,27.0,false,31.25,1.000,0.419,js8call
qpsk31,snr10,457,0.1090,20,35.3,41.0,7,1,0.327,0.615,26.0,false,31.25,1.000,0.387,ft8
qpsk31,snr10,451,0.1102,20,35.0,41.0,7,1,0.328,0.635,27.0,false,31.25,1.000,0.417,js8call
qpsk31,snr10,451,0.1090,20,34.5,41.0,7,1,0.325,0.635,24.5,false,31.25,1.000,0.546,js8call
qpsk31,snr10,357,0.1278,20,34.8,41.0,7,1,0.309,0.645,27.0,false,31.25,1.000,0.309,ft8
qpsk31,snr10,427,0.1180,20,34.7,41.0,7,1,0.315,0.640,22.5,false,31.25,1.000,0.334,js8call
qpsk31,snr10,462,0.1126,20,35.2,41.0,7,1,0.313,0.650,24.5,false,31.25,1.000,0.264,ft8
qpsk31,snr10,480,0.1108,20,35.0,41.0,6,1,0.311,0.645,23.5,false,31.25,1.000,0.262,ft8
qpsk31,snr10,427,0.1074,20,35.5,41.0,6,1,0.320,0.650,23.0,false,31.25,1.000,0.286,ft8
qpsk31,snr10,457,0.1159,20,35.0,41.0,6,1,0.312,0.655,23.5,false,31.25,1.000,0.270,ft8
qpsk31,snr10,457,0.1016,20,35.7,41.0,6,1,0.320,0.650,23.0,false,31.25,1.000,0.292,ft8
qpsk31,snr10,515,0.1021,20,35.2,41.0,7,1,0.327,0.615,26.0,false,31.25,1.000,0.364,ft8
qpsk31,snr10,363,0.1164,20,36.4,29.3,7,1,0.310,0.665,25.0,false,31.25,1.000,0.310,ft8
qpsk31,snr10,398,0.1148,20,35.0,41.0,7,1,0.309,0.645,27.5,false,31.25,1.000,0.319,ft8
qpsk31,snr10,369,0.1249,20,35.1,41.0,7,1,0.309,0.670,24.5,false,31.25,1.000,0.317,ft8
qpsk31,snr10,269,0.1521,20,36.3,29.3,7,1,0.312,0.665,25.0,false,31.25,1.000,0.299,ft8
qpsk31,snr10,369,0.1228,20,34.9,41.0,7,1,0.310,0.645,26.0,false,31.25,1.000,0.324,ft8
qpsk31,snr10,427,0.1087,20,36.0,29.3,7,1,0.325,0.665,26.0,false,31.25,1.000,0.400,ft8
qpsk31,snr10,486,0.0974,20,36.3,29.3,7,1,0.325,0.665,26.0,false,31.25,1.000,0.414,ft8
qpsk31,snr10,427,0.1153,20,34.4,41.0,7,1,0.325,0.635,24.5,false,31.25,1.000,0.546,js8call
qpsk31,snr10,421,0.1096,20,35.6,41.0,6,1,0.320,0.650,23.0,false,31.25,1.000,0.287,ft8
qpsk31,snr10,457,0.1026,20,35.6,41.0,7,1,0.317,0.650,23.0,false,31.25,1.000,0.289,ft8
qpsk31,snr10,451,0.1189,20,35.1,41.0,7,1,0.319,0.630,27.0,false,31.25,1.000,0.235,js8call
qpsk31,snr10,427,0.1187,20,34.7,41.0,7,1,0.316,0.630,23.5,false,31.25,1.000,0.331,js8call
qpsk31,snr10,451,0.1120,20,34.8,41.0,7,1,0.317,0.625,23.5,false,31.25,1.000,0.313,ft8
qpsk31,snr10,363,0.1231,20,34.9,41.0,6,1,0.307,0.645,26.0,false,31.25,1.000,0.319,ft8
qpsk31,snr10,457,0.1116,20,34.8,41.0,7,1,0.315,0.630,22.5,false,31.25,1.000,0.315,js8call
qpsk31,snr5,240,0.1849,13,30.8,41.0,1,1,0.223,0.625,24.0,false,31.25,1.000,0.300,ft8
qpsk31,snr5,234,0.1898,16,30.8,41.0,2,1,0.223,0.645,24.0,false,31.25,1.000,0.285,js8call
qpsk31,snr5,263,0.1731,14,30.7,41.0,1,1,0.222,0.640,23.0,false,31.25,1.000,0.272,ft8
qpsk31,snr5,210,0.1979,13,31.4,29.3,1,1,0.218,0.665,25.0,false,31.25,1.000,0.328,ft8
qpsk31,snr5,205,0.2179,20,30.1,41.0,2,1,0.217,0.610,30.5,false,31.25,1.000,0.323,ft8
qpsk31,snr5,257,0.1963,17,29.8,41.0,2,1,0.220,0.625,23.5,false,31.25,1.000,0.319,js8call
qpsk31,snr5,240,0.1879,20,30.2,41.0,1,1,0.214,0.590,29.0,false,31.25,1.000,0.331,ft8
qpsk31,snr5,269,0.1711,13,30.8,41.0,1,1,0.221,0.635,24.0,false,31.25,1.000,0.301,ft8
qpsk31,snr5,240,0.1841,15,31.4,29.3,2,1,0.231,0.650,28.0,false,31.25,1.000,0.404,ft8
qpsk31,snr5,240,0.1978,15,30.4,41.0,1,1,0.230,0.615,26.0,false,31.25,1.000,0.391,ft8
qpsk31,snr5,234,0.2055,19,29.9,41.0,2,1,0.219,0.625,23.0,false,31.25,1.000,0.326,js8call
qpsk31,snr5,228,0.2133,20,29.7,41.0,2,1,0.227,0.630,25.5,false,31.25,1.000,0.535,js8call
qpsk31,snr5,240,0.1999,20,29.8,41.0,2,1,0.229,0.630,24.0,false,31.25,1.000,0.530,js8call
qpsk31,snr5,228,0.1982,17,30.2,41.0,1,1,0.216,0.590,29.0,false,31.25,1.000,0.320,ft8
qpsk31,snr5,269,0.1772,16,30.3,41.0,2,1,0.231,0.635,27.0,false,31.25,1.000,0.413,js8call
qpsk31,snr5,257,0.1917,16,29.9,41.0,2,1,0.221,0.635,23.5,false,31.25,1.000,0.325,js8call
qpsk31,snr5,234,0.2146,17,30.3,41.0,2,1,0.225,0.620,27.0,false,31.25,1.000,0.255,js8call
qpsk31,snr5,269,0.1810,18,30.2,41.0,2,1,0.231,0.635,28.0,false,31.25,1.000,0.434,js8call
qpsk31,snr5,210,0.2142,20,30.3,41.0,1,1,0.230,0.620,27.0,false,31.25,1.000,0.414,js8call
qpsk31,snr5,263,0.1877,20,29.6,41.0,1,1,0.230,0.625,24.5,false,31.25,1.000,0.555,js8call
qpsk31,snr5,210,0.1930,16,31.5,29.3,1,1,0.217,0.635,25.0,false,31.25,1.000,0.303,ft8
qpsk31,snr5,234,0.1918,20,30.2,41.0,2,1,0.214,0.605,28.0,false,31.25,1.000,0.322,ft8
qpsk31,snr5,210,0.1968,13,31.5,29.3,2,1,0.220,0.655,26.0,false,31.25,1.000,0.282,ft8
qpsk31,snr5,234,0.2033,20,30.1,41.0,2,1,0.222,0.615,23.0,false,31.25,1.000,0.347,js8call
qpsk31,snr5,263,0.1721,14,30.7,41.0,1,1,0.224,0.625,24.0,false,31.25,1.000,0.269,ft8
qpsk31,snr5,234,0.2118,20,30.3,41.0,1,1,0.223,0.620,26.0,false,31.25,1.000,0.226,js8call
qpsk31,snr5,263,0.1940,14,30.3,41.0,1,1,0.216,0.600,29.5,false,31.25,1.000,0.256,ft8
qpsk31,snr5,263,0.1896,15,30.4,41.0,1,1,0.223,0.595,28.0,false,31.25,1.000,0.213,ft8
qpsk31,snr5,269,0.1789,16,30.3,41.0,2,1,0.229,0.645,27.0,false,31.25,1.000,0.426,js8call
qpsk31,snr5,257,0.1880,15,30.3,41.0,2,1,0.231,0.640,27.0,false,31.25,1.000,0.415,js8call
qpsk31,snr0,111,0.3827,4,26.3,29.3,0,0,0.102,0.580,28.0,false,31.25,1.000,0.307,ft8
qpsk31,snr0,123,0.3850,7,24.6,41.0,0,0,0.107,0.565,28.0,false,31.25,1.000,0.550,js8call
qpsk31,snr0,140,0.3472,6,25.4,41.0,0,0,0.106,0.585,30.0,false,31.25,1.000,0.360,ft8
qpsk31,snr0,146,0.3316,7,24.7,41.0,0,0,0.106,0.605,27.0,false,31.25,1.000,0.516,js8call
qpsk31,snr0,146,0.3380,4,25.0,41.0,0,0,0.101,0.615,26.0,false,31.25,1.000,0.267,js8call
qpsk31,snr0,134,0.3548,6,25.1,41.0,0,0,0.098,0.510,34.0,false,31.25,1.000,0.312,ft8
qpsk31,snr0,111,0.4024,6,26.3,29.3,0,0,0.100,0.605,25.0,false,31.25,1.000,0.301,ft8
qpsk31,snr0,140,0.3429,4,25.5,41.0,0,0,0.107,0.600,28.0,false,31.25,1.000,0.368,ft8
qpsk31,snr0,169,0.3129,6,25.2,41.0,0,0,0.099,0.555,34.5,false,31.25,1.000,0.264,js8call
qpsk31,snr0,146,0.3281,8,25.5,41.0,0,0,0.107,0.570,31.0,false,31.25,1.000,0.358,ft8
qpsk31,snr0,140,0.3424,6,25.3,41.0,0,0,0.105,0.610,28.0,false,31.25,1.000,0.412,ft8
qpsk31,snr0,111,0.3873,5,26.6,29.3,0,0,0.101,0.600,26.0,false,31.25,1.000,0.298,ft8
qpsk31,snr0,164,0.3202,5,25.0,41.0,0,0,0.100,0.580,29.5,false,31.25,1.000,0.257,ft8
qpsk31,snr0,164,0.3020,4,25.2,41.0,0,0,0.106,0.615,29.5,false,31.25,1.000,0.414,js8call
qpsk31,snr0,128,0.3563,7,26.4,29.3,0,0,0.105,0.600,30.0,false,31.25,1.000,0.410,ft8
qpsk31,snr0,140,0.3535,4,25.1,41.0,0,0,0.099,0.590,30.5,false,31.25,1.000,0.263,ft8
qpsk31,snr0,134,0.3733,6,24.8,41.0,0,0,0.103,0.570,27.5,false,31.25,1.000,0.322,ft8
qpsk31,snr0,140,0.3361,7,25.1,41.0,0,0,0.097,0.530,35.0,false,31.25,1.000,0.337,ft8
qpsk31,snr0,140,0.3570,4,25.1,41.0,0,0,0.101,0.540,26.0,false,31.25,1.000,0.258,js8call
qpsk31,snr0,111,0.4161,7,25.2,41.0,0,0,0.097,0.565,35.0,false,31.25,1.000,0.293,ft8
qpsk31,snr0,134,0.3790,6,25.3,41.0,0,0,0.104,0.585,32.0,false,31.25,1.000,0.214,ft8
qpsk31,snr0,169,0.2936,5,25.5,41.0,0,0,0.108,0.595,33.0,false,31.25,1.000,0.411,js8call
qpsk31,snr0,117,0.4171,6,24.9,41.0,0,0,0.102,0.595,25.5,false,31.25,1.000,0.361,ft8
qpsk31,snr0,111,0.3997,5,26.3,29.3,0,0,0.100,0.620,29.0,false,31.25,1.000,0.299,ft8
qpsk31,snr0,140,0.3439,8,25.2,41.0,0,0,0.105,0.605,29.0,false,31.25,1.000,0.425,js8call
qpsk31,snr0,140,0.3630,3,25.2,41.0,0,0,0.103,0.595,27.0,false,31.25,1.000,0.215,ft8
qpsk31,snr0,134,0.3453,6,25.3,41.0,0,0,0.104,0.615,28.0,false,31.25,1.000,0.424,ft8
qpsk31,snr0,164,0.3251,6,25.3,41.0,0,0,0.101,0.565,27.5,false,31.25,1.000,0.240,js8call
qpsk31,snr0,164,0.3110,5,25.6,41.0,0,0,0.107,0.600,27.5,false,31.25,1.000,0.416,ft8
qpsk31,snr0,111,0.3946,5,26.5,29.3,0,0,0.099,0.595,30.0,false,31.25,1.000,0.278,ft8
qpsk63,snr30,1347,0.0968,20,43.7,64.5,11,1,0.281,0.563,38.2,false,62.50,1.000,0.299,js8call
qpsk63,snr30,1294,0.1015,20,44.8,52.7,11,1,0.297,0.569,38.6,false,62.50,1.000,0.293,js8call
qpsk63,snr30,1353,0.1063,20,43.4,64.5,11,1,0.290,0.603,40.2,false,62.50,1.000,0.471,ft8
qpsk63,snr30,1294,0.0986,20,45.5,23.4,11,1,0.293,0.582,38.5,false,62.50,1.000,0.373,js8call
qpsk63,snr30,1353,0.0881,20,45.6,41.0,11,1,0.314,0.608,36.7,false,62.50,1.000,0.341,ft8
qpsk63,snr30,1359,0.0977,20,44.6,35.2,11,1,0.309,0.565,41.3,false,62.50,1.000,0.333,ft8
qpsk63,snr30,1353,0.1064,20,43.3,64.5,11,1,0.289,0.603,40.2,false,62.50,1.000,0.470,ft8
qpsk63,snr30,1353,0.1060,20,43.6,64.5,11,1,0.289,0.603,40.2,false,62.50,1.000,0.473,ft8
qpsk63,snr30,1353,0.1061,20,43.5,64.5,11,1,0.290,0.603,40.2,false,62.50,1.000,0.471,ft8
qpsk63,snr30,1347,0.0967,20,44.0,64.5,11,1,0.281,0.563,38.2,false,62.50,1.000,0.300,js8call
qpsk63,snr30,1341,0.1006,20,44.7,35.2,11,1,0.309,0.565,41.3,false,62.50,1.000,0.333,ft8
qpsk63,snr30,1230,0.1071,20,44.9,58.6,11,1,0.298,0.572,35.3,false,62.50,1.000,0.284,js8call
qpsk63,snr30,1294,0.1011,20,44.5,52.7,10,1,0.297,0.569,38.6,false,62.50,1.000,0.293,js8call
qpsk63,snr30,1353,0.1061,20,43.6,64.5,11,1,0.289,0.603,40.2,false,62.50,1.000,0.472,ft8
qpsk63,snr30,1341,0.1006,20,44.6,35.2,11,1,0.309,0.565,41.3,false,62.50,1.000,0.335,ft8
qpsk63,snr30,1294,0.1013,20,44.6,52.7,11,1,0.298,0.569,38.6,false,62.50,1.000,0.292,js8call
qpsk63,snr30,1347,0.0997,20,44.6,35.2,11,1,0.309,0.565,41.3,false,62.50,1.000,0.333,ft8
qpsk63,snr30,1347,0.0966,20,43.9,64.5,11,1,0.281,0.563,38.2,false,62.50,1.000,0.300,js8call
qpsk63,snr30,1294,0.1015,20,44.6,52.7,11,1,0.297,0.569,38.6,false,62.50,1.000,0.292,js8call
qpsk63,snr30,1230,0.1081,20,45.2,23.4,11,2,0.293,0.582,38.5,false,62.50,1.000,0.372,js8call
qpsk63,snr30,1289,0.0989,20,45.0,58.6,11,1,0.298,0.572,35.3,false,62.50,1.000,0.284,js8call
qpsk63,snr30,1341,0.1009,20,44.4,35.2,11,1,0.309,0.565,41.3,false,62.50,1.000,0.335,ft8
qpsk63,snr30,1353,0.0881,20,45.6,41.0,11,1,0.314,0.608,36.7,false,62.50,1.000,0.342,ft8
qpsk63,snr30,1230,0.1081,20,45.2,23.4,11,2,0.293,0.582,38.5,false,62.50,1.000,0.373,js8call
qpsk63,snr30,1353,0.1010,20,43.8,58.6,11,1,0.286,0.608,39.2,false,62.50,1.000,0.482,js8call
qpsk63,snr30,1353,0.0923,20,45.4,46.9,11,1,0.294,0.574,38.7,false,62.50,1.000,0.346,js8call
qpsk63,snr30,1353,0.0922,20,45.3,46.9,11,1,0.294,0.574,38.7,false,62.50,1.000,0.348,js8call
qpsk63,snr30,1347,0.0967,20,43.5,64.5,11,1,0.281,0.563,38.2,false,62.50,1.000,0.299,js8call
qpsk63,snr30,1230,0.1080,20,45.2,23.4,11,1,0.293,0.582,38.5,false,62.50,1.000,0.374,js8call
qpsk63,snr30,1353,0.0922,20,45.2,46.9,11,1,0.294,0.574,38.7,false,62.50,1.000,0.348,js8call
qpsk63,snr20,1224,0.1157,20,40.9,64.5,10,1,0.282,0.560,38.0,false,62.50,1.000,0.298,js8call
qpsk63,snr20,1224,0.1115,20,42.2,46.9,10,1,0.574,0.565,34.0,false,62.50,1.000,0.352,js8call
qpsk63,snr20,1224,0.1110,20,42.3,46.9,10,1,0.574,0.565,34.0,false,62.50,1.000,0.346,js8call
qpsk63,snr20,1224,0.1092,20,41.8,58.6,10,1,0.382,0.545,33.0,false,62.50,1.000,0.284,js8call
qpsk63,snr20,1224,0.1152,20,40.7,64.5,10,1,0.283,0.560,38.0,false,62.50,1.000,0.244,ft8
qpsk63,snr20,1230,0.1060,20,42.6,41.0,10,1,0.805,0.490,18.0,true,62.50,1.000,0.340,ft8
qpsk63,snr20,1166,0.1159,20,41.3,64.5,10,2,0.291,0.510,42.5,false,62.50,1.000,0.343,ft8
qpsk63,snr20,1277,0.1203,20,40.6,64.5,10,1,0.291,0.600,40.0,false,62.50,1.000,0.468,ft8
qpsk63,snr20,1166,0.1162,20,41.4,64.5,10,2,0.292,0.510,42.5,false,62.50,1.000,0.346,ft8
qpsk63,snr20,1224,0.1115,20,42.0,46.9,10,1,0.574,0.565,34.0,false,62.50,1.000,0.346,js8call
qpsk63,snr20,1277,0.1109,20,41.7,35.2,10,1,0.409,0.530,38.0,false,62.50,1.000,0.330,ft8
qpsk63,snr20,1230,0.1083,20,42.1,58.6,10,1,0.382,0.545,33.0,false,62.50,1.000,0.283,js8call
qpsk63,snr20,1218,0.1298,20,40.0,64.5,10,1,0.291,0.600,40.0,false,62.50,1.000,0.471,ft8
qpsk63,snr20,1230,0.1098,20,42.3,46.9,10,1,0.574,0.565,34.0,false,62.50,1.000,0.350,js8call
qpsk63,snr20,1230,0.1274,20,40.8,64.5,10,1,0.290,0.600,40.0,false,62.50,1.000,0.466,ft8
qpsk63,snr20,1277,0.1197,20,40.4,64.5,10,1,0.291,0.600,40.0,false,62.50,1.000,0.472,ft8
qpsk63,snr20,1230,0.1179,20,42.0,35.2,10,1,0.409,0.525,38.0,false,62.50,1.000,0.334,ft8
qpsk63,snr20,1218,0.1201,20,41.9,35.2,10,1,0.409,0.525,38.0,false,62.50,1.000,0.340,ft8
qpsk63,snr20,1230,0.1098,20,42.1,46.9,10,1,0.574,0.565,34.0,false,62.50,1.000,0.341,js8call
qpsk63,snr20,1166,0.1168,20,42.1,23.4,10,1,0.410,0.550,35.0,false,62.50,1.000,0.372,js8call
qpsk63,snr20,1224,0.1082,20,41.7,64.5,10,2,0.292,0.510,42.5,false,62.50,1.000,0.344,ft8
qpsk63,snr20,1171,0.1191,20,41.8,52.7,10,1,0.312,0.560,38.0,false,62.50,1.000,0.289,js8call
qpsk63,snr20,1224,0.1276,20,40.5,64.5,10,1,0.291,0.600,40.0,false,62.50,1.000,0.470,ft8
qpsk63,snr20,1289,0.1121,20,40.8,58.6,10,2,0.288,0.605,39.0,false,62.50,1.000,0.482,js8call
qpsk63,snr20,1230,0.1082,20,41.7,64.5,10,2,0.292,0.510,42.5,false,62.50,1.000,0.343,ft8
qpsk63,snr20,1166,0.1174,20,42.2,23.4,10,2,0.409,0.545,35.0,false,62.50,1.000,0.369,js8call
qpsk63,snr20,1224,0.1191,20,41.9,35.2,10,1,0.408,0.530,38.0,false,62.50,1.000,0.336,ft8
qpsk63,snr20,1277,0.1116,20,41.7,35.2,10,1,0.409,0.525,38.0,false,62.50,1.000,0.331,ft8
qpsk63,snr20,1230,0.1112,20,41.8,52.7,10,1,0.312,0.560,38.0,false,62.50,1.000,0.296,js8call
qpsk63,snr20,1230,0.1216,20,40.9,58.6,10,2,0.288,0.605,39.0,false,62.50,1.000,0.476,js8call
qpsk63,snr15,1107,0.1256,20,38.4,58.6,10,1,0.359,0.545,33.0,false,62.50,1.000,0.288,js8call
qpsk63,snr15,1107,0.1234,20,38.7,41.0,10,2,0.727,0.490,18.0,true,62.50,1.000,0.341,ft8
qpsk63,snr15,1107,0.1403,20,37.2,58.6,10,1,0.275,0.605,39.0,false,62.50,1.000,0.487,js8call
qpsk63,snr15,1107,0.1476,20,37.0,64.5,10,1,0.277,0.600,40.0,false,62.50,1.000,0.458,ft8
qpsk63,snr15,1101,0.1251,20,37.9,64.5,10,1,0.279,0.510,42.5,false,62.50,1.000,0.342,ft8
qpsk63,snr15,1042,0.1353,20,38.0,52.7,10,1,0.297,0.560,38.0,false,62.50,1.000,0.296,js8call
qpsk63,snr15,1148,0.1287,20,37.4,64.5,10,1,0.271,0.560,38.0,false,62.50,1.000,0.302,js8call
qpsk63,snr15,1101,0.1417,20,37.3,58.6,10,2,0.275,0.605,39.0,false,62.50,1.000,0.484,js8call
qpsk63,snr15,1101,0.1249,20,38.2,58.6,10,2,0.359,0.545,33.0,false,62.50,1.000,0.286,js8call
qpsk63,snr15,1101,0.1305,20,38.5,46.9,10,1,0.526,0.565,34.0,false,62.50,1.000,0.335,js8call
qpsk63,snr15,1154,0.1312,20,38.2,35.2,10,1,0.382,0.535,38.0,false,62.50,1.000,0.334,ft8
qpsk63,snr15,1101,0.1373,20,38.4,35.2,10,2,0.381,0.530,38.0,false,62.50,1.000,0.326,ft8
qpsk63,snr15,1107,0.1280,20,38.5,58.6,10,2,0.527,0.565,34.0,false,62.50,1.000,0.346,js8call
qpsk63,snr15,1107,0.1246,20,38.5,58.6,10,1,0.358,0.535,33.0,false,62.50,1.000,0.284,js8call
qpsk63,snr15,1101,0.1293,20,38.1,52.7,10,1,0.297,0.560,38.0,false,62.50,1.000,0.291,js8call
qpsk63,snr15,1101,0.1338,20,37.2,64.5,10,1,0.271,0.560,38.0,false,62.50,1.000,0.304,js8call
qpsk63,snr15,1042,0.1302,20,38.0,64.5,10,2,0.279,0.515,42.5,false,62.50,1.000,0.343,ft8
qpsk63,snr15,1042,0.1327,20,38.7,23.4,10,2,0.382,0.545,35.0,false,62.50,1.000,0.368,js8call
qpsk63,snr15,1154,0.1308,20,38.3,35.2,10,2,0.382,0.535,38.0,false,62.50,1.000,0.326,ft8
qpsk63,snr15,1101,0.1487,20,37.2,64.5,10,1,0.278,0.600,40.0,false,62.50,1.000,0.475,ft8
qpsk63,snr15,1101,0.1283,20,38.4,58.6,10,2,0.526,0.565,34.0,false,62.50,1.000,0.261,ft8
qpsk63,snr15,1101,0.1251,20,37.9,64.5,10,3,0.279,0.510,42.5,false,62.50,1.000,0.349,ft8
qpsk63,snr15,1154,0.1308,20,38.3,35.2,10,1,0.381,0.540,38.0,false,62.50,1.000,0.323,ft8
qpsk63,snr15,1148,0.1425,20,37.0,64.5,10,1,0.277,0.600,40.0,false,62.50,1.000,0.469,ft8
qpsk63,snr15,1154,0.1244,20,38.1,52.7,10,2,0.298,0.560,38.0,false,62.50,1.000,0.285,js8call
qpsk63,snr15,1095,0.1353,20,37.1,64.5,10,1,0.271,0.560,38.0,false,62.50,1.000,0.298,js8call
qpsk63,snr15,1148,0.1292,20,36.9,64.5,10,1,0.271,0.560,38.0,false,62.50,1.000,0.304,js8call
qpsk63,snr15,1101,0.1294,20,38.0,52.7,10,1,0.296,0.560,38.0,false,62.50,1.000,0.290,js8call
qpsk63,snr15,1101,0.1260,20,38.4,58.6,10,1,0.357,0.545,33.0,false,62.50,1.000,0.285,js8call
qpsk63,snr15,1095,0.1379,20,38.2,35.2,10,1,0.383,0.530,38.0,false,62.50,1.000,0.322,ft8
qpsk63,snr10,673,0.1431,20,33.9,46.9,10,2,0.443,0.565,34.0,false,62.50,1.000,0.339,js8call
qpsk63,snr10,667,0.1505,20,32.9,64.5,10,1,0.238,0.565,38.0,false,62.50,1.000,0.242,ft8
qpsk63,snr10,533,0.1637,20,34.2,23.4,10,2,0.328,0.555,35.0,false,62.50,1.000,0.369,js8call
qpsk63,snr10,726,0.1584,20,32.7,64.5,9,1,0.245,0.600,40.0,false,62.50,1.000,0.453,ft8
qpsk63,snr10,550,0.1636,20,33.9,46.9,10,1,0.442,0.565,34.0,false,62.50,1.000,0.327,js8call
qpsk63,snr10,544,0.1632,20,34.0,58.6,10,1,0.309,0.550,33.0,false,62.50,1.000,0.280,js8call
qpsk63,snr10,656,0.1669,20,32.5,64.5,10,1,0.244,0.600,40.0,false,62.50,1.000,0.453,ft8
qpsk63,snr10,503,0.1672,20,34.0,58.6,10,1,0.309,0.545,33.0,false,62.50,1.000,0.290,js8call
qpsk63,snr10,550,0.1625,20,33.7,64.5,9,1,0.248,0.515,42.5,false,62.50,1.000,0.344,ft8
qpsk63,snr10,544,0.1655,20,34.1,58.6,10,2,0.444,0.565,34.0,false,62.50,1.000,0.262,ft8
qpsk63,snr10,673,0.1392,20,34.1,58.6,10,1,0.310,0.545,33.0,false,62.50,1.000,0.286,js8call
qpsk63,snr10,544,0.1616,20,33.7,64.5,9,2,0.249,0.510,42.5,false,62.50,1.000,0.334,ft8
qpsk63,snr10,591,0.1611,20,32.6,64.5,10,2,0.240,0.560,38.0,false,62.50,1.000,0.252,ft8
qpsk63,snr10,609,0.1534,20,32.9,64.5,10,2,0.240,0.565,38.0,false,62.50,1.000,0.293,js8call
qpsk63,snr10,603,0.1519,20,33.8,52.7,9,1,0.262,0.560,38.0,false,62.50,1.000,0.293,js8call
qpsk63,snr10,539,0.1575,20,34.3,58.6,10,1,0.310,0.545,33.0,false,62.50,1.000,0.287,js8call
qpsk63,snr10,720,0.1582,20,32.6,64.5,10,1,0.245,0.600,40.0,false,62.50,1.000,0.470,ft8
qpsk63,snr10,486,0.1774,20,33.6,64.5,10,2,0.250,0.515,42.5,false,62.50,1.000,0.335,ft8
qpsk63,snr10,544,0.1619,20,33.5,64.5,9,2,0.249,0.510,42.5,false,62.50,1.000,0.340,ft8
qpsk63,snr10,550,0.1603,20,34.1,58.6,9,1,0.443,0.565,34.0,false,62.50,1.000,0.355,js8call
qpsk63,snr10,486,0.1754,20,33.6,64.5,9,2,0.249,0.510,42.5,false,62.50,1.000,0.344,ft8
qpsk63,snr10,597,0.1649,20,33.9,35.2,10,1,0.329,0.525,38.0,false,62.50,1.000,0.336,ft8
qpsk63,snr10,492,0.1763,20,33.7,52.7,9,1,0.260,0.560,38.0,false,62.50,1.000,0.296,js8call
qpsk63,snr10,662,0.1566,20,32.9,58.6,10,1,0.244,0.605,39.0,false,62.50,1.000,0.474,js8call
qpsk63,snr10,603,0.1568,20,32.7,64.5,10,2,0.240,0.560,38.0,false,62.50,1.000,0.300,js8call
qpsk63,snr10,486,0.1773,20,33.8,64.5,10,2,0.247,0.510,42.5,false,62.50,1.000,0.343,ft8
qpsk63,snr10,667,0.1566,20,32.9,58.6,10,1,0.243,0.605,39.0,false,62.50,1.000,0.490,js8call
qpsk63,snr10,562,0.1569,20,34.3,23.4,10,2,0.329,0.555,35.0,false,62.50,1.000,0.370,js8call
qpsk63,snr10,662,0.1583,20,32.8,58.6,10,2,0.244,0.605,39.0,false,62.50,1.000,0.488,js8call
qpsk63,snr10,603,0.1514,20,34.2,46.9,10,2,0.442,0.565,34.0,false,62.50,1.000,0.265,ft8
qpsk63,snr5,292,0.2947,20,29.5,23.4,5,1,0.228,0.545,35.0,false,62.50,1.000,0.379,js8call
qpsk63,snr5,351,0.2642,20,29.2,35.2,3,1,0.233,0.540,38.0,false,62.50,1.000,0.320,ft8
qpsk63,snr5,339,0.2848,20,27.9,64.5,5,1,0.175,0.600,40.0,false,62.50,1.000,0.468,ft8
qpsk63,snr5,298,0.2776,20,29.0,64.5,3,1,0.179,0.515,42.5,false,62.50,1.000,0.342,ft8
qpsk63,snr5,263,0.3040,20,29.5,41.0,5,1,0.418,0.475,21.0,false,62.50,1.000,0.306,ft8
qpsk63,snr5,292,0.2912,20,29.5,23.4,5,1,0.233,0.570,35.0,false,62.50,1.000,0.376,js8call
qpsk63,snr5,339,0.2529,20,29.3,58.6,3,1,0.307,0.565,34.0,false,62.50,1.000,0.330,js8call
qpsk63,snr5,322,0.2570,20,29.5,46.9,5,1,0.219,0.555,33.0,false,62.50,1.000,0.289,js8call
qpsk63,snr5,298,0.2891,20,29.0,64.5,4,1,0.181,0.510,42.5,false,62.50,1.000,0.310,ft8
qpsk63,snr5,345,0.2627,20,29.3,29.3,4,1,0.230,0.535,38.0,false,62.50,1.000,0.319,ft8
qpsk63,snr5,292,0.3161,20,28.3,58.6,5,1,0.176,0.605,39.0,false,62.50,1.000,0.488,js8call
qpsk63,snr5,357,0.2574,20,29.2,35.2,5,1,0.231,0.540,38.0,false,62.50,1.000,0.338,ft8
qpsk63,snr5,304,0.3170,20,28.0,64.5,5,1,0.176,0.600,40.0,false,62.50,1.000,0.437,ft8
qpsk63,snr5,333,0.2785,20,28.1,58.6,5,1,0.176,0.605,39.0,false,62.50,1.000,0.487,js8call
qpsk63,snr5,292,0.2930,20,29.3,58.6,4,1,0.218,0.555,33.0,false,62.50,1.000,0.288,js8call
qpsk63,snr5,298,0.3158,20,28.2,58.6,6,1,0.176,0.605,39.0,false,62.50,1.000,0.489,js8call
qpsk63,snr5,298,0.2935,20,28.0,64.5,3,1,0.175,0.560,38.0,false,62.50,1.000,0.284,js8call
qpsk63,snr5,292,0.2901,20,29.0,64.5,4,1,0.181,0.510,42.5,false,62.50,1.000,0.336,ft8
qpsk63,snr5,339,0.2753,20,28.1,58.6,6,1,0.175,0.610,39.0,false,62.50,1.000,0.467,js8call
qpsk63,snr5,287,0.3116,20,29.2,41.0,3,1,0.233,0.540,39.0,false,62.50,1.000,0.317,ft8
qpsk63,snr5,298,0.2917,20,29.2,58.6,3,1,0.307,0.560,34.0,false,62.50,1.000,0.260,ft8
qpsk63,snr5,345,0.2637,20,29.2,35.2,6,1,0.233,0.560,39.0,false,62.50,1.000,0.328,ft8
qpsk63,snr5,345,0.2556,18,28.0,64.5,3,1,0.174,0.560,38.0,false,62.50,1.000,0.306,js8call
qpsk63,snr5,316,0.2658,20,29.6,23.4,5,1,0.232,0.545,35.0,false,62.50,1.000,0.365,js8call
qpsk63,snr5,339,0.2609,20,28.1,64.5,5,1,0.173,0.555,38.0,false,62.50,1.000,0.251,ft8
qpsk63,snr5,304,0.2665,20,29.5,41.0,5,1,0.416,0.480,19.0,false,62.50,1.000,0.300,ft8
qpsk63,snr5,339,0.2691,20,28.1,64.5,3,1,0.173,0.560,38.0,false,62.50,1.000,0.292,js8call
qpsk63,snr5,339,0.2527,20,29.2,58.6,5,1,0.306,0.560,34.0,false,62.50,1.000,0.261,ft8
qpsk63,snr5,292,0.2884,20,29.2,58.6,4,1,0.219,0.540,33.0,false,62.50,1.000,0.286,js8call
qpsk63,snr5,345,0.2651,20,29.1,35.2,3,1,0.231,0.555,39.0,false,62.50,1.000,0.348,ft8
qpsk63,snr0,210,0.4275,10,24.4,58.6,1,1,0.098,0.545,33.0,false,62.50,1.000,0.297,ft8
qpsk63,snr0,199,0.4838,11,23.4,58.6,2,1,0.079,0.590,42.0,false,62.50,1.000,0.475,js8call
qpsk63,snr0,175,0.4592,8,24.4,41.0,1,1,0.196,0.455,23.0,false,62.50,1.000,0.289,ft8
qpsk63,snr0,216,0.4365,10,24.3,35.2,1,1,0.108,0.540,39.0,false,62.50,1.000,0.335,ft8
qpsk63,snr0,216,0.4566,9,23.0,58.6,1,1,0.082,0.610,39.0,false,62.50,1.000,0.460,js8call
qpsk63,snr0,210,0.4367,9,24.3,46.9,1,1,0.142,0.550,33.0,false,62.50,1.000,0.315,js8call
qpsk63,snr0,205,0.4438,7,24.0,58.6,1,1,0.140,0.540,32.0,false,62.50,1.000,0.317,js8call
qpsk63,snr0,210,0.4290,7,24.2,46.9,1,1,0.138,0.520,32.0,false,62.50,1.000,0.266,ft8
qpsk63,snr0,210,0.4228,11,24.3,58.6,1,1,0.143,0.560,32.0,false,62.50,1.000,0.354,js8call
qpsk63,snr0,205,0.4421,10,24.5,46.9,1,1,0.102,0.550,34.0,false,62.50,1.000,0.324,ft8
qpsk63,snr0,199,0.4481,8,24.0,64.5,2,1,0.083,0.535,43.5,false,62.50,1.000,0.360,ft8
qpsk63,snr0,193,0.4519,7,24.0,58.6,1,1,0.142,0.545,33.0,false,62.50,1.000,0.318,js8call
qpsk63,snr0,199,0.4794,12,23.1,64.5,1,1,0.082,0.605,39.0,false,62.50,1.000,0.480,js8call
qpsk63,snr0,216,0.4540,11,23.1,58.6,1,1,0.084,0.580,41.0,false,62.50,1.000,0.468,js8call
qpsk63,snr0,205,0.4378,10,23.8,64.5,1,1,0.085,0.525,42.5,false,62.50,1.000,0.336,ft8
qpsk63,snr0,216,0.4472,9,24.0,41.0,1,1,0.108,0.545,39.0,false,62.50,1.000,0.392,ft8
qpsk63,snr0,205,0.4550,6,24.5,23.4,1,1,0.107,0.570,35.0,false,62.50,1.000,0.359,js8call
qpsk63,snr0,210,0.4177,8,24.4,41.0,1,1,0.196,0.445,25.0,false,62.50,1.000,0.283,ft8
qpsk63,snr0,210,0.4411,8,23.2,64.5,1,1,0.081,0.535,42.0,false,62.50,1.000,0.261,ft8
qpsk63,snr0,210,0.4437,9,23.0,64.5,1,1,0.082,0.560,39.0,false,62.50,1.000,0.236,ft8
qpsk63,snr0,216,0.4427,11,24.0,41.0,1,1,0.107,0.540,38.0,false,62.50,1.000,0.342,ft8
qpsk63,snr0,205,0.4277,8,24.0,52.7,1,1,0.085,0.550,38.0,false,62.50,1.000,0.284,js8call
qpsk63,snr0,216,0.4177,6,24.1,52.7,1,1,0.090,0.560,38.0,false,62.50,1.000,0.276,js8call
qpsk63,snr0,205,0.4526,6,23.0,64.5,1,1,0.081,0.555,38.0,false,62.50,1.000,0.292,js8call
qpsk63,snr0,199,0.4369,10,24.2,64.5,1,1,0.086,0.485,44.5,false,62.50,1.000,0.326,ft8
qpsk63,snr0,210,0.4368,8,24.7,17.6,1,1,0.106,0.560,37.0,false,62.50,1.000,0.349,js8call
qpsk63,snr0,216,0.4397,8,24.2,35.2,1,1,0.108,0.565,40.0,false,62.50,1.000,0.318,ft8
qpsk63,snr0,210,0.4244,7,24.2,58.6,1,1,0.141,0.545,33.0,false,62.50,1.000,0.256,js8call
qpsk63,snr0,210,0.4911,10,22.9,64.5,1,1,0.081,0.565,45.0,false,62.50,1.000,0.425,ft8
qpsk63,snr0,210,0.4544,8,23.2,64.5,1,1,0.083,0.530,42.0,false,62.50,1.000,0.256,ft8
cw,clean-500Hz,984,0.0002,20,112.2,17.6,11,6,0.711,0.667,8.6,true,6.25,1.000,1.000,ft8
cw,clean-500Hz,984,0.0001,20,112.6,17.6,11,6,0.711,0.667,8.6,true,6.25,1.000,0.878,js8call
cw,clean-500Hz,984,0.0001,20,112.6,17.6,11,6,0.711,0.667,8.6,true,6.25,1.000,0.878,js8call
cw,clean-500Hz,984,0.0001,20,112.6,17.6,11,6,0.711,0.667,8.6,true,6.25,1.000,0.878,js8call
cw,clean-500Hz,984,0.0001,20,112.6,17.6,11,6,0.711,0.667,8.6,true,6.25,1.000,0.878,js8call
cw,clean-500Hz,984,0.0002,20,112.2,17.6,11,6,0.711,0.667,8.6,true,6.25,1.000,1.000,ft8
cw,clean-500Hz,984,0.0002,20,110.9,17.6,11,6,1.325,0.365,7.1,true,6.25,1.000,1.000,ft8
cw,clean-500Hz,984,0.0002,20,112.2,17.6,11,6,0.711,0.667,8.6,true,6.25,1.000,1.000,ft8
cw,clean-500Hz,984,0.0002,20,112.2,17.6,11,6,0.711,0.667,8.6,true,6.25,1.000,1.000,ft8
cw,clean-500Hz,984,0.0002,20,112.1,17.6,11,6,1.042,0.481,7.4,true,6.25,1.000,1.000,ft8
cw,clean-500Hz,984,0.0002,20,112.1,17.6,11,6,1.042,0.481,7.4,true,6.25,1.000,1.000,ft8
cw,clean-500Hz,984,0.0001,20,112.6,17.6,11,6,0.711,0.667,8.6,true,6.25,1.000,0.878,js8call
cw,clean-500Hz,984,0.0001,20,112.6,17.6,11,6,0.711,0.667,8.6,true,6.25,1.000,0.878,js8call
cw,clean-500Hz,984,0.0001,20,112.6,17.6,11,6,0.711,0.667,8.6,true,6.25,1.000,0.878,js8call
cw,clean-500Hz,984,0.0002,20,112.1,17.6,11,6,1.042,0.481,7.4,true,6.25,1.000,1.000,ft8
cw,clean-500Hz,984,0.0002,20,110.8,17.6,11,6,0.801,0.612,10.6,true,6.25,1.000,0.683,ft8
cw,clean-500Hz,984,0.0002,20,110.9,17.6,11,6,1.325,0.365,7.1,true,6.25,1.000,1.000,ft8
cw,clean-500Hz,984,0.0002,20,112.1,17.6,11,6,0.801,0.612,8.2,true,6.25,1.000,0.630,ft8
cw,clean-500Hz,984,0.0002,20,110.9,17.6,11,6,1.325,0.365,7.1,true,6.25,1.000,1.000,ft8
cw,clean-500Hz,984,0.0002,20,110.8,17.6,11,6,0.801,0.612,10.6,true,6.25,1.000,0.683,ft8
cw,clean-500Hz,984,0.0002,20,112.1,17.6,11,6,1.042,0.481,7.4,true,6.25,1.000,1.000,ft8
cw,clean-500Hz,984,0.0001,20,112.6,17.6,11,6,0.711,0.667,8.6,true,6.25,1.000,0.878,js8call
cw,clean-500Hz,984,0.0001,20,112.6,17.6,11,6,0.711,0.667,8.6,true,6.25,1.000,0.878,js8call
cw,clean-500Hz,984,0.0002,20,112.1,17.6,11,6,0.801,0.612,8.2,true,6.25,1.000,0.630,ft8
cw,clean-500Hz,984,0.0001,20,112.6,17.6,11,6,0.711,0.667,8.6,true,6.25,1.000,0.878,js8call
cw,clean-500Hz,984,0.0001,20,112.6,17.6,11,6,0.711,0.667,8.6,true,6.25,1.000,0.878,js8call
cw,clean-500Hz,984,0.0002,20,110.7,17.6,11,6,1.325,0.365,7.1,true,6.25,1.000,1.000,ft8
cw,clean-500Hz,984,0.0002,20,110.7,17.6,11,6,1.325,0.365,7.1,true,6.25,1.000,1.000,ft8
cw,clean-500Hz,984,0.0002,20,110.9,17.6,11,6,1.325,0.365,7.1,true,6.25,1.000,1.000,ft8
cw,clean-500Hz,984,0.0002,20,110.8,17.6,11,6,0.801,0.612,10.6,true,6.25,1.000,0.683,ft8
cw,clean-600Hz,890,0.0005,20,108.0,17.6,11,6,0.801,0.612,10.6,true,6.25,1.000,0.664,ft8
cw,clean-600Hz,1083,0.0001,20,109.8,17.6,11,6,0.801,0.612,8.2,true,6.25,1.000,0.631,js8call
cw,clean-600Hz,1083,0.0001,20,110.2,17.6,11,6,0.711,0.667,8.6,true,6.25,1.000,0.971,js8call
cw,clean-600Hz,1083,0.0001,20,110.2,17.6,11,6,0.711,0.667,8.6,true,6.25,1.000,0.971,js8call
cw,clean-600Hz,1083,0.0002,20,107.7,17.6,11,6,1.325,0.365,7.1,true,6.25,1.000,1.000,ft8
cw,clean-600Hz,1083,0.0002,20,107.7,17.6,11,6,1.325,0.365,7.1,true,6.25,1.000,1.000,ft8
cw,clean-600Hz,1083,0.0001,20,110.2,17.6,11,6,0.711,0.667,8.6,true,6.25,1.000,0.971,js8call
cw,clean-600Hz,1083,0.0001,20,110.2,17.6,11,6,0.711,0.667,8.6,true,6.25,1.000,0.971,js8call
cw,clean-600Hz,1083,0.0001,20,110.2,17.6,11,6,0.711,0.667,8.6,true,6.25,1.000,0.971,js8call
cw,clean-600Hz,1083,0.0001,20,110.2,17.6,11,6,0.711,0.667,8.6,true,6.25,1.000,0.971,js8call
cw,clean-600Hz,1083,0.0002,20,107.7,17.6,11,6,1.325,0.365,7.1,true,6.25,1.000,1.000,ft8
cw,clean-600Hz,1083,0.0001,20,109.8,17.6,11,6,0.801,0.612,8.2,true,6.25,1.000,0.631,js8call
cw,clean-600Hz,1083,0.0001,20,109.8,17.6,11,6,0.801,0.612,8.2,true,6.25,1.000,0.631,js8call
cw,clean-600Hz,1083,0.0001,20,109.7,17.6,11,6,0.711,0.667,8.6,true,6.25,1.000,1.000,ft8
cw,clean-600Hz,1083,0.0001,20,109.2,17.6,11,6,1.042,0.481,7.4,true,6.25,1.000,1.000,ft8
cw,clean-600Hz,1083,0.0002,20,107.7,17.6,11,6,1.325,0.365,7.1,true,6.25,1.000,1.000,ft8
cw,clean-600Hz,890,0.0005,20,108.0,17.6,11,6,0.801,0.612,10.6,true,6.25,1.000,0.664,ft8
cw,clean-600Hz,1083,0.0002,20,107.7,17.6,11,6,1.325,0.365,7.1,true,6.25,1.000,1.000,ft8
cw,clean-600Hz,1083,0.0001,20,110.2,17.6,11,6,0.711,0.667,8.6,true,6.25,1.000,0.971,js8call
cw,clean-600Hz,1083,0.0001,20,109.8,17.6,11,6,0.801,0.612,8.2,true,6.25,1.000,0.631,js8call
cw,clean-600Hz,1083,0.0001,20,110.2,17.6,11,6,0.711,0.667,8.6,true,6.25,1.000,0.971,js8call
cw,clean-600Hz,1083,0.0002,20,107.7,17.6,11,6,1.325,0.365,7.1,true,6.25,1.000,1.000,ft8
cw,clean-600Hz,1083,0.0001,20,109.7,17.6,11,6,0.711,0.667,8.6,true,6.25,1.000,1.000,ft8
cw,clean-600Hz,1083,0.0001,20,109.7,17.6,11,6,0.711,0.667,8.6,true,6.25,1.000,1.000,ft8
cw,clean-600Hz,1083,0.0002,20,108.1,17.6,11,6,1.325,0.365,7.1,true,6.25,1.000,1.000,ft8
cw,clean-600Hz,1083,0.0001,20,110.2,17.6,11,6,0.711,0.667,8.6,true,6.25,1.000,0.971,js8call
cw,clean-600Hz,890,0.0005,20,108.0,17.6,11,6,0.801,0.612,10.6,true,6.25,1.000,0.664,ft8
cw,clean-600Hz,1083,0.0001,20,109.8,17.6,11,6,0.801,0.612,8.2,true,6.25,1.000,0.631,js8call
cw,clean-600Hz,890,0.0005,20,108.0,17.6,11,6,0.801,0.612,10.6,true,6.25,1.000,0.664,ft8
cw,clean-600Hz,1083,0.0002,20,108.1,17.6,11,6,1.325,0.365,7.1,true,6.25,1.000,1.000,ft8
cw,clean-700Hz,990,0.0003,20,107.0,17.6,11,6,0.801,0.612,8.2,true,6.25,1.000,0.616,ft8
cw,clean-700Hz,990,0.0002,20,107.5,17.6,11,6,0.711,0.667,8.6,true,6.25,1.000,1.000,js8call
cw,clean-700Hz,990,0.0003,20,107.0,17.6,11,6,0.711,0.667,8.6,true,6.25,1.000,0.980,ft8
cw,clean-700Hz,990,0.0003,20,105.6,17.6,11,6,1.325,0.365,7.1,true,6.25,1.000,1.000,ft8
cw,clean-700Hz,990,0.0002,20,107.5,17.6,11,6,0.711,0.667,8.6,true,6.25,1.000,1.000,js8call
cw,clean-700Hz,990,0.0003,20,105.6,17.6,11,6,0.801,0.612,10.6,true,6.25,1.000,0.672,ft8
cw,clean-700Hz,1183,0.0001,20,105.7,17.6,11,6,1.325,0.365,7.1,true,6.25,1.000,1.000,ft8
cw,clean-700Hz,990,0.0002,20,107.5,17.6,11,6,0.711,0.667,8.6,true,6.25,1.000,1.000,js8call
cw,clean-700Hz,990,0.0003,20,107.0,17.6,11,6,0.801,0.612,8.2,true,6.25,1.000,0.616,ft8
cw,clean-700Hz,990,0.0003,20,107.0,17.6,11,6,0.711,0.667,8.6,true,6.25,1.000,0.980,ft8
cw,clean-700Hz,990,0.0002,20,107.5,17.6,11,6,0.711,0.667,8.6,true,6.25,1.000,1.000,js8call
cw,clean-700Hz,990,0.0003,20,105.6,17.6,11,6,0.801,0.612,10.6,true,6.25,1.000,0.672,ft8
cw,clean-700Hz,990,0.0002,20,107.5,17.6,11,6,0.711,0.667,8.6,true,6.25,1.000,1.000,js8call
cw,clean-700Hz,990,0.0002,20,107.5,17.6,11,6,0.711,0.667,8.6,true,6.25,1.000,1.000,js8call
cw,clean-700Hz,990,0.0003,20,105.6,17.6,11,6,0.801,0.612,10.6,true,6.25,1.000,0.672,ft8
cw,clean-700Hz,990,0.0003,20,107.0,17.6,11,6,0.711,0.667,8.6,true,6.25,1.000,0.980,ft8
cw,clean-700Hz,990,0.0003,20,105.6,17.6,11,6,0.801,0.612,10.6,true,6.25,1.000,0.672,ft8
cw,clean-700Hz,990,0.0002,20,107.5,17.6,11,6,0.711,0.667,8.6,true,6.25,1.000,1.000,js8call
cw,clean-700Hz,990,0.0003,20,107.0,17.6,11,6,0.801,0.612,8.2,true,6.25,1.000,0.616,ft8
cw,clean-700Hz,990,0.0003,20,107.0,17.6,11,6,0.801,0.612,8.2,true,6.25,1.000,0.616,ft8
cw,clean-700Hz,1183,0.0001,20,105.7,17.6,11,6,1.325,0.365,7.1,true,6.25,1.000,1.000,ft8
cw,clean-700Hz,990,0.0002,20,107.5,17.6,11,6,0.711,0.667,8.6,true,6.25,1.000,1.000,js8call
cw,clean-700Hz,990,0.0003,20,107.0,17.6,11,6,0.801,0.612,8.2,true,6.25,1.000,0.616,ft8
cw,clean-700Hz,990,0.0002,20,107.5,17.6,11,6,0.711,0.667,8.6,true,6.25,1.000,1.000,js8call
cw,clean-700Hz,990,0.0003,20,107.0,17.6,11,6,0.711,0.667,8.6,true,6.25,1.000,0.980,ft8
cw,clean-700Hz,1183,0.0001,20,105.7,17.6,11,6,1.325,0.365,7.1,true,6.25,1.000,1.000,ft8
cw,clean-700Hz,1183,0.0001,20,105.7,17.6,11,6,1.325,0.365,7.1,true,6.25,1.000,1.000,ft8
cw,clean-700Hz,990,0.0003,20,107.0,17.6,11,6,0.801,0.612,8.2,true,6.25,1.000,0.616,ft8
cw,clean-700Hz,990,0.0002,20,107.5,17.6,11,6,0.711,0.667,8.6,true,6.25,1.000,1.000,js8call
cw,clean-700Hz,1183,0.0001,20,105.7,17.6,11,6,1.325,0.365,7.1,true,6.25,1.000,1.000,ft8
cw,clean-800Hz,990,0.0003,20,103.6,17.6,11,6,1.325,0.365,7.1,true,6.25,1.000,1.000,ft8
cw,clean-800Hz,990,0.0003,20,104.3,17.6,11,6,1.042,0.481,7.4,true,6.25,1.000,1.000,ft8
cw,clean-800Hz,990,0.0002,20,105.3,17.6,11,6,0.711,0.667,8.6,true,6.25,1.000,0.797,js8call
cw,clean-800Hz,990,0.0002,20,104.8,17.6,11,6,0.711,0.667,8.6,true,6.25,1.000,1.000,ft8
cw,clean-800Hz,990,0.0002,20,105.3,17.6,11,6,0.711,0.667,8.6,true,6.25,1.000,0.797,js8call
cw,clean-800Hz,990,0.0002,20,105.3,17.6,11,6,0.711,0.667,8.6,true,6.25,1.000,0.797,js8call
cw,clean-800Hz,978,0.0004,20,103.5,17.6,11,6,0.801,0.612,10.6,true,6.25,1.000,0.685,ft8
cw,clean-800Hz,990,0.0002,20,105.3,17.6,11,6,0.711,0.667,8.6,true,6.25,1.000,0.797,js8call
cw,clean-800Hz,990,0.0002,20,105.3,17.6,11,6,0.711,0.667,8.6,true,6.25,1.000,0.797,js8call
cw,clean-800Hz,978,0.0004,20,103.5,17.6,11,6,0.801,0.612,10.6,true,6.25,1.000,0.685,ft8
cw,clean-800Hz,990,0.0002,20,105.3,17.6,11,6,0.711,0.667,8.6,true,6.25,1.000,0.797,js8call
cw,clean-800Hz,990,0.0003,20,104.8,17.6,11,6,0.801,0.612,8.2,true,6.25,1.000,0.629,ft8
cw,clean-800Hz,990,0.0003,20,103.6,17.6,11,6,1.325,0.365,7.1,true,6.25,1.000,1.000,ft8
cw,clean-800Hz,978,0.0004,20,103.5,17.6,11,6,0.801,0.612,10.6,true,6.25,1.000,0.685,ft8
cw,clean-800Hz,990,0.0002,20,105.3,17.6,11,6,0.711,0.667,8.6,true,6.25,1.000,0.797,js8call
cw,clean-800Hz,990,0.0002,20,105.3,17.6,11,6,0.711,0.667,8.6,true,6.25,1.000,0.797,js8call
cw,clean-800Hz,990,0.0002,20,105.3,17.6,11,6,0.711,0.667,8.6,true,6.25,1.000,0.797,js8call
cw,clean-800Hz,990,0.0003,20,104.8,17.6,11,6,0.801,0.612,8.2,true,6.25,1.000,0.629,ft8
cw,clean-800Hz,984,0.0003,20,103.4,17.6,11,6,1.325,0.365,7.1,true,6.25,1.000,1.000,ft8
cw,clean-800Hz,990,0.0002,20,105.3,17.6,11,6,0.711,0.667,8.6,true,6.25,1.000,0.797,js8call
cw,clean-800Hz,990,0.0002,20,105.3,17.6,11,6,0.711,0.667,8.6,true,6.25,1.000,0.797,js8call
cw,clean-800Hz,990,0.0003,20,103.6,17.6,11,6,1.325,0.365,7.1,true,6.25,1.000,1.000,ft8
cw,clean-800Hz,990,0.0002,20,104.8,17.6,11,6,0.711,0.667,8.6,true,6.25,1.000,1.000,ft8
cw,clean-800Hz,984,0.0003,20,103.4,17.6,11,6,1.325,0.365,7.1,true,6.25,1.000,1.000,ft8
cw,clean-800Hz,990,0.0002,20,105.3,17.6,11,6,0.711,0.667,8.6,true,6.25,1.000,0.797,js8call
cw,clean-800Hz,978,0.0004,20,103.5,17.6,11,6,0.801,0.612,10.6,true,6.25,1.000,0.685,ft8
cw,clean-800Hz,990,0.0002,20,105.3,17.6,11,6,0.711,0.667,8.6,true,6.25,1.000,0.797,js8call
cw,clean-800Hz,990,0.0003,20,103.6,17.6,11,6,1.325,0.365,7.1,true,6.25,1.000,1.000,ft8
cw,clean-800Hz,990,0.0002,20,105.3,17.6,11,6,0.711,0.667,8.6,true,6.25,1.000,0.797,js8call
cw,clean-800Hz,990,0.0003,20,103.6,17.6,11,6,1.325,0.365,7.1,true,6.25,1.000,1.000,ft8
cw,clean-1000Hz,978,0.0003,20,99.4,17.6,11,6,1.325,0.365,7.1,true,6.25,1.000,1.000,ft8
cw,clean-1000Hz,978,0.0003,20,100.4,17.6,11,6,1.042,0.481,7.4,true,6.25,1.000,1.000,ft8
cw,clean-1000Hz,978,0.0002,20,101.5,17.6,11,6,0.711,0.667,8.6,true,6.25,1.000,0.986,js8call
cw,clean-1000Hz,978,0.0002,20,101.5,17.6,11,6,0.711,0.667,8.6,true,6.25,1.000,0.986,js8call
cw,clean-1000Hz,978,0.0004,20,99.4,17.6,11,6,0.801,0.612,10.6,true,6.25,1.000,0.656,ft8
cw,clean-1000Hz,978,0.0003,20,100.4,17.6,11,6,1.042,0.481,7.4,true,6.25,1.000,1.000,ft8
cw,clean-1000Hz,978,0.0002,20,101.5,17.6,11,6,0.711,0.667,8.6,true,6.25,1.000,0.986,js8call
cw,clean-1000Hz,978,0.0002,20,101.5,17.6,11,6,0.711,0.667,8.6,true,6.25,1.000,0.986,js8call
cw,clean-1000Hz,978,0.0002,20,101.5,17.6,11,6,0.711,0.667,8.6,true,6.25,1.000,0.986,js8call
cw,clean-1000Hz,978,0.0004,20,99.1,17.6,11,6,1.325,0.365,7.1,true,6.25,1.000,1.000,ft8
cw,clean-1000Hz,978,0.0003,20,101.3,17.6,11,6,0.711,0.667,8.6,true,6.25,1.000,1.000,ft8
cw,clean-1000Hz,978,0.0002,20,101.5,17.6,11,6,0.711,0.667,8.6,true,6.25,1.000,0.986,js8call
cw,clean-1000Hz,978,0.0003,20,101.3,17.6,11,6,0.711,0.667,8.6,true,6.25,1.000,1.000,ft8
cw,clean-1000Hz,978,0.0004,20,99.1,17.6,11,6,1.325,0.365,7.1,true,6.25,1.000,1.000,ft8
cw,clean-1000Hz,978,0.0002,20,101.5,17.6,11,6,0.711,0.667,8.6,true,6.25,1.000,0.986,js8call
cw,clean-1000Hz,978,0.0003,20,100.4,17.6,11,6,1.042,0.481,7.4,true,6.25,1.000,1.000,ft8
cw,clean-1000Hz,978,0.0002,20,101.5,17.6,11,6,0.711,0.667,8.6,true,6.25,1.000,0.986,js8call
cw,clean-1000Hz,978,0.0004,20,99.1,17.6,11,6,1.325,0.365,7.1,true,6.25,1.000,1.000,ft8
cw,clean-1000Hz,978,0.0003,20,99.4,17.6,11,6,1.325,0.365,7.1,true,6.25,1.000,1.000,ft8
cw,clean-1000Hz,978,0.0003,20,99.4,17.6,11,6,1.325,0.365,7.1,true,6.25,1.000,1.000,ft8
cw,clean-1000Hz,978,0.0002,20,101.5,17.6,11,6,0.711,0.667,8.6,true,6.25,1.000,0.986,js8call
cw,clean-1000Hz,978,0.0004,20,99.1,17.6,11,6,1.325,0.365,7.1,true,6.25,1.000,1.000,ft8
cw,clean-1000Hz,978,0.0003,20,100.4,17.6,11,6,1.042,0.481,7.4,true,6.25,1.000,1.000,ft8
cw,clean-1000Hz,978,0.0002,20,101.5,17.6,11,6,0.711,0.667,8.6,true,6.25,1.000,0.986,js8call
cw,clean-1000Hz,978,0.0004,20,99.1,17.6,11,6,1.325,0.365,7.1,true,6.25,1.000,1.000,ft8
cw,clean-1000Hz,978,0.0003,20,101.0,17.6,11,6,0.801,0.612,8.2,true,6.25,1.000,0.611,ft8
cw,clean-1000Hz,978,0.0004,20,99.1,17.6,11,6,1.325,0.365,7.1,true,6.25,1.000,1.000,ft8
cw,clean-1000Hz,978,0.0003,20,99.4,17.6,11,6,1.325,0.365,7.1,true,6.25,1.000,1.000,ft8
cw,clean-1000Hz,978,0.0004,20,99.1,17.6,11,6,1.325,0.365,7.1,true,6.25,1.000,1.000,ft8
cw,clean-1000Hz,978,0.0004,20,99.4,17.6,11,6,0.801,0.612,10.6,true,6.25,1.000,0.656,ft8
cw,wpm8,1183,0.0001,8,110.0,17.6,11,6,0.915,0.545,3.6,true,6.25,1.000,0.514,js8call
cw,wpm8,990,0.0001,9,110.4,17.6,11,6,1.098,0.455,2.4,false,6.25,1.000,0.694,ft8
cw,wpm8,1183,0.0000,9,111.5,17.6,12,7,0.614,0.727,3.6,true,6.25,1.000,0.514,js8call
cw,wpm8,1183,0.0001,8,110.0,17.6,11,6,0.915,0.545,3.6,true,6.25,1.000,0.514,js8call
cw,wpm8,1183,0.0000,9,111.5,17.6,12,7,0.536,0.733,4.4,true,6.25,1.000,0.498,js8call
cw,wpm8,1183,0.0000,9,111.7,17.6,12,7,0.614,0.727,3.6,true,6.25,1.000,0.514,js8call
cw,wpm8,1183,0.0001,8,109.8,17.6,11,6,0.635,0.714,3.8,true,6.25,1.000,0.498,js8call
cw,wpm8,1183,0.0000,9,111.5,17.6,12,7,0.614,0.727,3.6,true,6.25,1.000,0.514,js8call
cw,wpm8,1183,0.0000,9,111.7,17.6,12,7,0.614,0.727,3.6,true,6.25,1.000,0.514,js8call
cw,wpm8,1183,0.0000,9,111.5,17.6,12,7,0.536,0.733,4.4,true,6.25,1.000,0.498,js8call
cw,wpm8,1183,0.0001,8,109.8,17.6,11,6,0.635,0.714,3.8,true,6.25,1.000,0.498,js8call
cw,wpm8,1183,0.0000,9,111.5,17.6,12,7,0.614,0.727,3.6,true,6.25,1.000,0.514,js8call
cw,wpm8,1183,0.0000,9,111.5,17.6,12,7,0.614,0.727,3.6,true,6.25,1.000,0.514,js8call
cw,wpm8,1183,0.0000,9,111.5,17.6,12,7,0.536,0.733,4.4,true,6.25,1.000,0.498,js8call
cw,wpm8,1183,0.0001,8,110.0,17.6,11,6,0.915,0.545,3.6,true,6.25,1.000,0.514,js8call
cw,wpm8,1183,0.0000,9,111.5,17.6,12,7,0.614,0.727,3.6,true,6.25,1.000,0.514,js8call
cw,wpm8,1183,0.0000,9,111.7,17.6,12,7,0.602,0.735,3.5,true,6.25,1.000,0.514,js8call
cw,wpm8,1183,0.0000,9,111.5,17.6,12,7,0.614,0.727,3.6,true,6.25,1.000,0.514,js8call
cw,wpm8,1183,0.0000,9,111.5,17.6,12,7,0.614,0.727,3.6,true,6.25,1.000,0.514,js8call
cw,wpm8,1183,0.0000,9,111.5,17.6,12,7,0.536,0.733,4.4,true,6.25,1.000,0.498,js8call
cw,wpm8,1183,0.0001,8,109.8,17.6,11,6,0.635,0.714,3.8,true,6.25,1.000,0.498,js8call
cw,wpm8,1183,0.0000,9,111.5,17.6,12,7,0.614,0.727,3.6,true,6.25,1.000,0.514,js8call
cw,wpm8,1183,0.0000,9,111.5,17.6,12,7,0.614,0.727,3.6,true,6.25,1.000,0.514,js8call
cw,wpm8,1183,0.0000,9,111.7,17.6,12,7,0.614,0.727,3.6,true,6.25,1.000,0.514,js8call
cw,wpm8,1183,0.0000,9,111.7,17.6,12,7,0.602,0.735,3.5,true,6.25,1.000,0.514,js8call
cw,wpm8,1183,0.0000,9,111.5,17.6,12,7,0.614,0.727,3.6,true,6.25,1.000,0.514,js8call
cw,wpm8,1183,0.0000,9,111.7,17.6,12,7,0.614,0.727,3.6,true,6.25,1.000,0.514,js8call
cw,wpm8,1183,0.0000,9,111.5,17.6,12,7,0.614,0.727,3.6,true,6.25,1.000,0.514,js8call
cw,wpm8,1183,0.0000,9,111.5,17.6,12,7,0.614,0.727,3.6,true,6.25,1.000,0.514,js8call
cw,wpm8,1183,0.0000,9,111.5,17.6,12,7,0.614,0.727,3.6,true,6.25,1.000,0.514,js8call
cw,wpm13,990,0.0002,20,106.2,17.6,11,6,0.871,0.565,7.1,true,6.25,1.000,0.525,js8call
cw,wpm13,990,0.0002,18,107.6,17.6,11,6,0.776,0.624,5.9,true,6.25,1.000,0.684,ft8
cw,wpm13,990,0.0002,18,107.6,17.6,11,6,0.776,0.624,5.9,true,6.25,1.000,0.684,ft8
cw,wpm13,990,0.0002,18,107.6,17.6,11,6,0.776,0.624,5.9,true,6.25,1.000,0.684,ft8
cw,wpm13,1183,0.0001,20,107.9,17.6,11,6,0.779,0.612,5.9,true,6.25,1.000,0.566,js8call
cw,wpm13,990,0.0002,18,107.6,17.6,11,6,0.776,0.624,5.9,true,6.25,1.000,0.684,ft8
cw,wpm13,990,0.0003,19,105.8,17.6,11,6,1.353,0.353,4.7,true,6.25,1.000,1.000,ft8
cw,wpm13,990,0.0002,18,107.6,17.6,11,6,0.776,0.624,5.9,true,6.25,1.000,0.684,ft8
cw,wpm13,990,0.0002,20,106.4,17.6,11,6,1.080,0.453,4.7,true,6.25,1.000,1.000,ft8
cw,wpm13,990,0.0002,18,107.6,17.6,11,6,0.776,0.624,5.9,true,6.25,1.000,0.684,ft8
cw,wpm13,990,0.0003,19,105.8,17.6,11,6,1.353,0.353,4.7,true,6.25,1.000,1.000,ft8
cw,wpm13,990,0.0002,20,106.2,17.6,11,6,0.871,0.565,7.1,true,6.25,1.000,0.525,js8call
cw,wpm13,990,0.0002,18,107.6,17.6,11,6,0.776,0.624,5.9,true,6.25,1.000,0.684,ft8
cw,wpm13,990,0.0002,18,107.6,17.6,11,6,0.776,0.624,5.9,true,6.25,1.000,0.684,ft8
cw,wpm13,990,0.0003,19,105.8,17.6,11,6,1.353,0.353,4.7,true,6.25,1.000,1.000,ft8
cw,wpm13,990,0.0003,19,105.8,17.6,11,6,1.353,0.353,4.7,true,6.25,1.000,1.000,ft8
cw,wpm13,1183,0.0001,20,106.1,17.6,11,6,1.200,0.406,5.9,true,6.25,1.000,1.000,ft8
cw,wpm13,990,0.0002,18,107.6,17.6,11,6,0.776,0.624,5.9,true,6.25,1.000,0.684,ft8
cw,wpm13,990,0.0002,18,107.6,17.6,11,6,0.776,0.624,5.9,true,6.25,1.000,0.684,ft8
cw,wpm13,990,0.0002,20,106.2,17.6,11,6,0.871,0.565,7.1,true,6.25,1.000,0.525,js8call
cw,wpm13,990,0.0002,18,107.6,17.6,11,6,0.776,0.624,5.9,true,6.25,1.000,0.684,ft8
cw,wpm13,990,0.0002,20,106.2,17.6,11,6,0.871,0.565,7.1,true,6.25,1.000,0.525,js8call
cw,wpm13,990,0.0002,18,107.6,17.6,11,6,0.776,0.624,5.9,true,6.25,1.000,0.684,ft8
cw,wpm13,1183,0.0001,20,107.9,17.6,11,6,0.779,0.612,5.9,true,6.25,1.000,0.566,js8call
cw,wpm13,990,0.0002,20,106.2,17.6,11,6,0.871,0.565,7.1,true,6.25,1.000,0.525,js8call
cw,wpm13,990,0.0002,18,107.6,17.6,11,6,0.776,0.624,5.9,true,6.25,1.000,0.684,ft8
cw,wpm13,990,0.0002,18,107.6,17.6,11,6,0.776,0.624,5.9,true,6.25,1.000,0.684,ft8
cw,wpm13,1183,0.0001,20,106.1,17.6,11,6,1.200,0.406,5.9,true,6.25,1.000,1.000,ft8
cw,wpm13,990,0.0002,12,106.9,17.6,11,6,0.780,0.624,5.9,true,6.25,1.000,0.525,js8call
cw,wpm13,990,0.0003,19,105.8,17.6,11,6,1.353,0.353,4.7,true,6.25,1.000,1.000,ft8
cw,wpm20,990,0.0003,20,107.0,17.6,11,6,0.801,0.612,8.2,true,6.25,1.000,0.616,ft8
cw,wpm20,990,0.0002,20,107.5,17.6,11,6,0.711,0.667,8.6,true,6.25,1.000,1.000,js8call
cw,wpm20,990,0.0003,20,107.0,17.6,11,6,0.711,0.667,8.6,true,6.25,1.000,0.980,ft8
cw,wpm20,990,0.0002,20,107.5,17.6,11,6,0.711,0.667,8.6,true,6.25,1.000,1.000,js8call
cw,wpm20,990,0.0002,20,107.5,17.6,11,6,0.711,0.667,8.6,true,6.25,1.000,1.000,js8call
cw,wpm20,990,0.0002,20,107.5,17.6,11,6,0.711,0.667,8.6,true,6.25,1.000,1.000,js8call
cw,wpm20,990,0.0002,20,107.5,17.6,11,6,0.711,0.667,8.6,true,6.25,1.000,1.000,js8call
cw,wpm20,990,0.0002,20,107.5,17.6,11,6,0.711,0.667,8.6,true,6.25,1.000,1.000,js8call
cw,wpm20,990,0.0003,20,105.6,17.6,11,6,0.801,0.612,10.6,true,6.25,1.000,0.672,ft8
cw,wpm20,1183,0.0001,20,105.7,17.6,11,6,1.325,0.365,7.1,true,6.25,1.000,1.000,ft8
cw,wpm20,990,0.0003,20,107.0,17.6,11,6,0.801,0.612,8.2,true,6.25,1.000,0.616,ft8
cw,wpm20,990,0.0002,20,107.5,17.6,11,6,0.711,0.667,8.6,true,6.25,1.000,1.000,js8call
cw,wpm20,990,0.0003,20,107.0,17.6,11,6,0.711,0.667,8.6,true,6.25,1.000,0.980,ft8
cw,wpm20,990,0.0003,20,105.6,17.6,11,6,0.801,0.612,10.6,true,6.25,1.000,0.672,ft8
cw,wpm20,990,0.0003,20,107.0,17.6,11,6,0.711,0.667,8.6,true,6.25,1.000,0.980,ft8
cw,wpm20,990,0.0003,20,105.6,17.6,11,6,0.801,0.612,10.6,true,6.25,1.000,0.672,ft8
cw,wpm20,990,0.0002,20,107.5,17.6,11,6,0.711,0.667,8.6,true,6.25,1.000,1.000,js8call
cw,wpm20,990,0.0003,20,105.6,17.6,11,6,0.801,0.612,10.6,true,6.25,1.000,0.672,ft8
cw,wpm20,990,0.0002,20,107.5,17.6,11,6,0.711,0.667,8.6,true,6.25,1.000,1.000,js8call
cw,wpm20,990,0.0003,20,105.6,17.6,11,6,1.325,0.365,7.1,true,6.25,1.000,1.000,ft8
cw,wpm20,990,0.0003,20,105.6,17.6,11,6,1.325,0.365,7.1,true,6.25,1.000,1.000,ft8
cw,wpm20,990,0.0002,20,107.5,17.6,11,6,0.711,0.667,8.6,true,6.25,1.000,1.000,js8call
cw,wpm20,990,0.0003,20,106.7,17.6,11,6,1.042,0.481,7.4,true,6.25,1.000,1.000,ft8
cw,wpm20,990,0.0003,20,105.6,17.6,11,6,1.325,0.365,7.1,true,6.25,1.000,1.000,ft8
cw,wpm20,990,0.0003,20,106.7,17.6,11,6,1.042,0.481,7.4,true,6.25,1.000,1.000,ft8
cw,wpm20,990,0.0003,20,105.6,17.6,11,6,0.801,0.612,10.6,true,6.25,1.000,0.672,ft8
cw,wpm20,990,0.0003,20,105.6,17.6,11,6,0.801,0.612,10.6,true,6.25,1.000,0.672,ft8
cw,wpm20,990,0.0003,20,107.0,17.6,11,6,0.801,0.612,8.2,true,6.25,1.000,0.616,ft8
cw,wpm20,1183,0.0001,20,105.7,17.6,11,6,1.325,0.365,7.1,true,6.25,1.000,1.000,ft8
cw,wpm20,990,0.0002,20,107.5,17.6,11,6,0.711,0.667,8.6,true,6.25,1.000,1.000,js8call
cw,wpm25,1183,0.0001,20,104.2,17.6,11,6,1.212,0.405,8.3,true,6.25,1.000,1.000,ft8
cw,wpm25,1183,0.0001,20,104.5,17.6,11,6,0.892,0.553,9.4,true,6.25,1.000,0.701,ft8
cw,wpm25,1183,0.0002,20,103.4,17.6,11,6,1.203,0.405,8.3,true,31.25,1.000,1.000,ft8
cw,wpm25,1183,0.0001,20,104.5,17.6,11,6,0.892,0.553,9.4,true,6.25,1.000,0.701,ft8
cw,wpm25,1183,0.0001,20,104.2,17.6,11,6,1.212,0.405,8.3,true,6.25,1.000,1.000,ft8
cw,wpm25,1183,0.0002,20,103.4,17.6,11,6,1.203,0.405,8.3,true,31.25,1.000,1.000,ft8
cw,wpm25,1183,0.0002,20,103.6,17.6,11,6,0.773,0.614,13.6,true,6.25,1.000,0.648,js8call
cw,wpm25,1183,0.0001,20,104.2,17.6,11,6,1.011,0.488,9.5,true,31.25,1.000,1.000,ft8
cw,wpm25,1183,0.0001,20,104.2,17.6,11,6,1.011,0.488,9.5,true,31.25,1.000,1.000,ft8
cw,wpm25,1183,0.0001,20,105.2,17.6,11,6,0.755,0.625,10.7,true,6.25,1.000,0.430,ft8
cw,wpm25,1183,0.0001,20,104.6,17.6,11,6,0.760,0.619,10.7,true,31.25,1.000,0.774,js8call
cw,wpm25,1183,0.0002,20,103.6,17.6,11,6,0.773,0.614,13.6,true,6.25,1.000,0.648,js8call
cw,wpm25,1183,0.0001,20,104.5,17.6,11,6,0.892,0.553,9.4,true,6.25,1.000,0.701,ft8
cw,wpm25,1183,0.0001,20,104.5,17.6,11,6,0.892,0.553,9.4,true,6.25,1.000,0.701,ft8
cw,wpm25,1183,0.0001,20,104.5,17.6,11,6,0.892,0.553,9.4,true,6.25,1.000,0.701,ft8
cw,wpm25,1183,0.0001,20,104.5,17.6,11,6,0.892,0.553,9.4,true,6.25,1.000,0.701,ft8
cw,wpm25,1183,0.0002,20,103.6,17.6,11,6,0.773,0.614,13.6,true,6.25,1.000,0.648,js8call
cw,wpm25,1183,0.0002,20,103.6,17.6,11,6,0.773,0.614,13.6,true,6.25,1.000,0.648,js8call
cw,wpm25,1183,0.0001,20,104.5,17.6,11,6,0.902,0.548,9.5,true,6.25,1.000,0.701,ft8
cw,wpm25,1183,0.0001,20,104.5,17.6,11,6,0.892,0.553,9.4,true,6.25,1.000,0.701,ft8
cw,wpm25,1183,0.0001,20,104.5,17.6,11,6,0.892,0.553,9.4,true,6.25,1.000,0.701,ft8
cw,wpm25,1183,0.0001,20,104.2,17.6,11,6,1.212,0.405,8.3,true,6.25,1.000,1.000,ft8
cw,wpm25,1183,0.0001,20,104.5,17.6,11,6,0.892,0.553,9.4,true,6.25,1.000,0.701,ft8
cw,wpm25,1183,0.0001,20,104.2,17.6,11,6,1.011,0.488,9.5,true,31.25,1.000,1.000,ft8
cw,wpm25,1183,0.0002,20,103.4,17.6,11,6,1.203,0.405,8.3,true,31.25,1.000,1.000,ft8
cw,wpm25,1183,0.0001,20,104.6,17.6,11,6,0.760,0.619,10.7,true,31.25,1.000,0.774,js8call
cw,wpm25,1183,0.0001,20,104.5,17.6,11,6,0.892,0.553,9.4,true,6.25,1.000,0.701,ft8
cw,wpm25,1183,0.0002,20,103.6,17.6,11,6,0.773,0.614,13.6,true,6.25,1.000,0.648,js8call
cw,wpm25,1183,0.0001,20,104.5,17.6,11,6,0.892,0.553,9.4,true,6.25,1.000,0.701,ft8
cw,wpm25,1183,0.0001,20,104.6,17.6,11,6,0.760,0.619,10.7,true,31.25,1.000,0.774,js8call
cw,wpm30,1177,0.0002,20,104.4,17.6,11,6,1.137,0.439,11.0,true,6.25,1.000,1.000,ft8
cw,wpm30,1183,0.0002,20,104.9,17.6,11,6,0.863,0.576,14.1,true,6.25,1.000,0.636,js8call
cw,wpm30,1177,0.0002,20,105.2,17.6,11,6,0.862,0.576,11.8,true,6.25,1.000,0.655,ft8
cw,wpm30,990,0.0004,20,104.3,17.6,11,6,0.949,0.529,14.1,true,6.25,1.000,0.478,js8call
cw,wpm30,1177,0.0002,20,104.4,17.6,11,6,1.137,0.439,11.0,true,6.25,1.000,1.000,ft8
cw,wpm30,1177,0.0002,20,105.2,17.6,11,6,0.786,0.622,13.5,true,6.25,1.000,0.345,ft8
cw,wpm30,1183,0.0002,20,103.1,17.6,11,6,1.263,0.388,11.8,true,6.25,1.000,0.774,ft8
cw,wpm30,1183,0.0001,20,105.4,17.6,11,6,0.862,0.576,11.8,true,6.25,1.000,0.655,ft8
cw,wpm30,1183,0.0002,20,104.9,17.6,11,6,0.863,0.576,14.1,true,6.25,1.000,0.636,js8call
cw,wpm30,1183,0.0002,20,104.7,17.6,11,6,0.948,0.529,11.8,true,6.25,1.000,1.000,ft8
cw,wpm30,1177,0.0002,20,104.4,17.6,11,6,1.137,0.439,11.0,true,6.25,1.000,1.000,ft8
cw,wpm30,1183,0.0001,20,105.4,17.6,11,6,0.862,0.576,11.8,true,6.25,1.000,0.655,ft8
cw,wpm30,1177,0.0002,20,105.2,17.6,11,6,0.786,0.622,13.5,true,6.25,1.000,0.345,ft8
cw,wpm30,990,0.0004,20,104.3,17.6,11,6,0.949,0.529,14.1,true,6.25,1.000,0.478,js8call
cw,wpm30,1183,0.0001,20,105.4,17.6,11,6,0.862,0.576,11.8,true,6.25,1.000,0.655,ft8
cw,wpm30,1177,0.0002,20,105.2,17.6,11,6,0.786,0.622,13.5,true,6.25,1.000,0.345,ft8
cw,wpm30,990,0.0004,20,104.3,17.6,11,6,0.949,0.529,14.1,true,6.25,1.000,0.478,js8call
cw,wpm30,1177,0.0002,20,105.2,17.6,11,6,0.862,0.576,11.8,true,6.25,1.000,0.655,ft8
cw,wpm30,990,0.0004,20,104.3,17.6,11,6,0.949,0.529,14.1,true,6.25,1.000,0.478,js8call
cw,wpm30,1183,0.0002,20,104.9,17.6,11,6,0.863,0.576,14.1,true,6.25,1.000,0.636,js8call
cw,wpm30,1177,0.0002,20,105.2,17.6,11,6,0.862,0.576,11.8,true,6.25,1.000,0.655,ft8
cw,wpm30,1183,0.0002,20,104.9,17.6,11,6,0.863,0.576,14.1,true,6.25,1.000,0.636,js8call
cw,wpm30,1183,0.0001,20,105.4,17.6,11,6,0.862,0.576,11.8,true,6.25,1.000,0.655,ft8
cw,wpm30,990,0.0004,20,104.3,17.6,11,6,0.949,0.529,14.1,true,6.25,1.000,0.478,js8call
cw,wpm30,1183,0.0001,20,105.4,17.6,11,6,0.862,0.576,11.8,true,6.25,1.000,0.655,ft8
cw,wpm30,1183,0.0002,20,104.7,17.6,11,6,0.948,0.529,11.8,true,6.25,1.000,1.000,ft8
cw,wpm30,1177,0.0002,20,105.2,17.6,11,6,0.786,0.622,13.5,true,6.25,1.000,0.345,ft8
cw,wpm30,1177,0.0002,20,105.2,17.6,11,6,0.786,0.622,13.5,true,6.25,1.000,0.345,ft8
cw,wpm30,1177,0.0002,20,105.2,17.6,11,6,0.786,0.622,13.5,true,6.25,1.000,0.345,ft8
cw,wpm30,1183,0.0002,20,104.9,17.6,11,6,0.863,0.576,14.1,true,6.25,1.000,0.636,js8call
cw,wpm40,990,0.0004,20,104.5,17.6,11,6,0.864,0.576,16.5,true,6.25,1.000,0.360,js8call
cw,wpm40,1183,0.0002,20,102.8,17.6,11,6,1.187,0.418,14.5,true,6.25,1.000,0.509,js8call
cw,wpm40,990,0.0004,20,104.5,17.6,11,6,0.864,0.576,16.5,true,6.25,1.000,0.360,js8call
cw,wpm40,1183,0.0002,20,103.3,17.6,11,6,0.920,0.545,15.8,true,6.25,1.000,0.644,js8call
cw,wpm40,1183,0.0002,20,102.4,17.6,11,6,1.068,0.471,16.5,true,6.25,1.000,0.754,ft8
cw,wpm40,1183,0.0002,20,103.6,17.6,11,6,0.864,0.576,16.5,true,6.25,1.000,0.490,ft8
cw,wpm40,1183,0.0002,20,103.5,17.6,11,6,0.887,0.564,17.0,true,6.25,1.000,0.360,js8call
cw,wpm40,1183,0.0002,20,102.8,17.6,11,6,1.187,0.418,14.5,true,6.25,1.000,0.509,js8call
cw,wpm40,990,0.0004,20,104.5,17.6,11,6,0.864,0.576,16.5,true,6.25,1.000,0.360,js8call
cw,wpm40,990,0.0004,20,104.5,17.6,11,6,0.864,0.576,16.5,true,6.25,1.000,0.360,js8call
cw,wpm40,1183,0.0002,20,103.3,17.6,11,6,0.920,0.545,15.8,true,6.25,1.000,0.644,js8call
cw,wpm40,1183,0.0002,20,103.4,17.6,11,6,0.850,0.585,17.6,true,6.25,1.000,0.702,js8call
cw,wpm40,1183,0.0002,20,103.3,17.6,11,6,0.920,0.545,15.8,true,6.25,1.000,0.644,js8call
cw,wpm40,990,0.0004,20,104.5,17.6,11,6,0.864,0.576,16.5,true,6.25,1.000,0.360,js8call
cw,wpm40,1183,0.0002,20,102.8,17.6,11,6,1.187,0.418,14.5,true,6.25,1.000,0.509,js8call
cw,wpm40,1183,0.0002,20,103.4,17.6,11,6,0.850,0.585,17.6,true,6.25,1.000,0.702,js8call
cw,wpm40,1183,0.0003,20,101.8,17.6,11,6,1.328,0.365,14.1,true,6.25,1.000,0.567,js8call
cw,wpm40,1183,0.0003,20,101.8,17.6,11,6,1.328,0.365,14.1,true,6.25,1.000,0.567,js8call
cw,wpm40,1183,0.0002,20,103.3,17.6,11,6,0.920,0.545,15.8,true,6.25,1.000,0.644,js8call
cw,wpm40,1183,0.0002,20,103.4,17.6,11,6,0.850,0.585,17.6,true,6.25,1.000,0.702,js8call
cw,wpm40,1183,0.0002,20,103.5,17.6,11,6,0.887,0.564,17.0,true,6.25,1.000,0.360,js8call
cw,wpm40,1183,0.0002,20,103.5,17.6,11,6,0.887,0.564,17.0,true,6.25,1.000,0.360,js8call
cw,wpm40,1183,0.0002,20,102.8,17.6,11,6,1.187,0.418,14.5,true,6.25,1.000,0.509,js8call
cw,wpm40,1183,0.0002,20,103.5,17.6,11,6,0.887,0.564,17.0,true,6.25,1.000,0.360,js8call
cw,wpm40,990,0.0004,20,104.5,17.6,11,6,0.864,0.576,16.5,true,6.25,1.000,0.360,js8call
cw,wpm40,990,0.0004,20,104.5,17.6,11,6,0.864,0.576,16.5,true,6.25,1.000,0.360,js8call
cw,wpm40,1183,0.0002,20,103.6,17.6,11,6,0.864,0.576,16.5,true,6.25,1.000,0.490,ft8
cw,wpm40,1183,0.0002,20,103.5,17.6,11,6,0.887,0.564,17.0,true,6.25,1.000,0.360,js8call
cw,wpm40,1183,0.0003,20,101.8,17.6,11,6,1.328,0.365,14.1,true,6.25,1.000,0.567,js8call
cw,wpm40,1183,0.0002,20,102.8,17.6,11,6,1.187,0.418,14.5,true,6.25,1.000,0.509,js8call
cw,snr30,486,0.0079,16,62.0,17.6,5,0,0.771,0.612,8.2,true,6.25,1.000,0.615,ft8
cw,snr30,492,0.0069,15,62.5,17.6,5,0,0.687,0.667,8.6,true,6.25,1.000,1.000,js8call
cw,snr30,498,0.0077,14,62.2,17.6,5,0,1.001,0.481,7.4,true,6.25,1.000,1.000,ft8
cw,snr30,492,0.0076,15,62.0,17.6,5,0,0.771,0.612,8.2,true,6.25,1.000,0.616,ft8
cw,snr30,486,0.0080,15,62.1,17.6,5,0,0.771,0.612,8.2,true,6.25,1.000,0.616,ft8
cw,snr30,486,0.0073,16,62.6,17.6,5,0,0.687,0.667,8.6,true,6.25,1.000,1.000,js8call
cw,snr30,498,0.0090,15,62.0,17.6,5,0,1.263,0.365,7.1,true,6.25,1.000,1.000,ft8
cw,snr30,486,0.0072,15,62.5,17.6,5,0,0.687,0.667,8.6,true,6.25,1.000,1.000,js8call
cw,snr30,492,0.0076,16,62.0,17.6,5,0,0.771,0.612,8.2,true,6.25,1.000,0.615,ft8
cw,snr30,503,0.0092,14,61.6,17.6,5,0,0.772,0.612,10.6,true,6.25,1.000,0.672,ft8
cw,snr30,498,0.0079,14,62.2,17.6,5,0,1.001,0.481,7.4,true,6.25,1.000,1.000,ft8
cw,snr30,498,0.0091,16,62.0,17.6,5,0,1.263,0.365,7.1,true,6.25,1.000,1.000,ft8
cw,snr30,480,0.0074,15,62.5,17.6,5,0,0.687,0.667,8.6,true,6.25,1.000,1.000,js8call
cw,snr30,486,0.0071,15,62.5,17.6,5,0,0.687,0.667,8.6,true,6.25,1.000,1.000,js8call
cw,snr30,498,0.0078,15,62.2,17.6,5,0,1.000,0.481,7.4,true,6.25,1.000,1.000,ft8
cw,snr30,486,0.0079,15,61.9,17.6,5,0,0.771,0.612,8.2,true,6.25,1.000,0.616,ft8
cw,snr30,492,0.0076,15,61.9,17.6,5,0,0.771,0.612,8.2,true,6.25,1.000,0.616,ft8
cw,snr30,498,0.0079,14,62.2,17.6,5,0,1.000,0.481,7.4,true,6.25,1.000,1.000,ft8
cw,snr30,503,0.0075,14,62.3,17.6,5,0,1.001,0.481,7.4,true,6.25,1.000,1.000,ft8
cw,snr30,492,0.0069,15,62.5,17.6,5,0,0.687,0.667,8.6,true,6.25,1.000,1.000,js8call
cw,snr30,498,0.0090,15,61.9,17.6,5,0,1.263,0.365,7.1,true,6.25,1.000,1.000,ft8
cw,snr30,486,0.0080,13,62.4,17.6,5,0,0.687,0.667,8.6,true,6.25,1.000,0.983,ft8
cw,snr30,486,0.0079,15,62.1,17.6,5,0,0.771,0.612,8.2,true,6.25,1.000,0.616,ft8
cw,snr30,486,0.0073,16,62.5,17.6,5,0,0.687,0.667,8.6,true,6.25,1.000,1.000,js8call
cw,snr30,492,0.0077,15,62.0,17.6,5,0,0.771,0.612,8.2,true,6.25,1.000,0.616,ft8
cw,snr30,486,0.0072,17,62.5,17.6,5,0,0.687,0.667,8.6,true,6.25,1.000,1.000,js8call
cw,snr30,486,0.0072,15,62.6,17.6,5,0,0.687,0.667,8.6,true,6.25,1.000,1.000,js8call
cw,snr30,486,0.0079,15,62.1,17.6,5,0,0.771,0.612,8.2,true,6.25,1.000,0.615,ft8
cw,snr30,503,0.0093,14,61.5,17.6,5,0,0.772,0.612,10.6,true,6.25,1.000,0.672,ft8
cw,snr30,498,0.0091,16,61.9,17.6,5,0,1.263,0.365,7.1,true,6.25,1.000,1.000,ft8
cw,snr20,375,0.0176,13,52.5,17.6,4,0,0.808,0.540,8.0,true,6.25,1.000,0.975,ft8
cw,snr20,357,0.0204,15,52.4,17.6,4,0,1.072,0.390,7.0,true,6.25,1.000,1.000,ft8
cw,snr20,357,0.0174,15,52.6,17.6,4,0,0.808,0.540,8.0,true,6.25,1.000,1.000,js8call
cw,snr20,392,0.0194,15,52.0,17.6,4,0,1.258,0.310,6.5,true,6.25,1.000,1.000,ft8
cw,snr20,375,0.0223,15,51.8,17.6,4,0,0.840,0.520,9.5,true,6.25,1.000,0.672,ft8
cw,snr20,357,0.0176,15,52.7,17.6,4,0,0.809,0.540,8.0,true,6.25,1.000,1.000,js8call
cw,snr20,357,0.0178,15,52.6,17.6,4,0,0.808,0.540,8.0,true,6.25,1.000,1.000,js8call
cw,snr20,357,0.0175,15,52.7,17.6,4,0,0.808,0.540,8.0,true,6.25,1.000,1.000,js8call
cw,snr20,375,0.0172,14,52.5,17.6,4,0,0.808,0.540,8.0,true,6.25,1.000,0.978,ft8
cw,snr20,392,0.0207,13,52.0,17.6,4,0,1.259,0.310,6.5,true,6.25,1.000,1.000,ft8
cw,snr20,392,0.0170,14,52.5,17.6,4,0,1.072,0.390,7.0,true,6.25,1.000,1.000,ft8
cw,snr20,392,0.0207,15,52.0,17.6,4,0,1.258,0.310,6.5,true,6.25,1.000,1.000,ft8
cw,snr20,392,0.0204,15,51.9,17.6,4,0,0.840,0.520,9.5,true,6.25,1.000,0.670,ft8
cw,snr20,357,0.0250,15,51.7,17.6,4,0,0.840,0.520,9.5,true,6.25,1.000,0.673,ft8
cw,snr20,375,0.0187,14,52.4,17.6,4,0,1.072,0.390,7.0,true,6.25,1.000,1.000,ft8
cw,snr20,357,0.0253,15,51.8,17.6,4,0,0.840,0.520,9.5,true,6.25,1.000,0.669,ft8
cw,snr20,357,0.0176,16,52.6,17.6,4,0,0.808,0.540,8.0,true,6.25,1.000,1.000,js8call
cw,snr20,369,0.0190,14,52.3,17.6,4,0,1.072,0.390,7.0,true,6.25,1.000,1.000,ft8
cw,snr20,375,0.0226,15,51.9,17.6,4,0,0.840,0.520,9.5,true,6.25,1.000,0.670,ft8
cw,snr20,357,0.0174,15,52.5,17.6,4,0,0.808,0.540,8.0,true,6.25,1.000,1.000,js8call
cw,snr20,392,0.0205,14,52.0,17.6,4,0,1.258,0.310,6.5,true,6.25,1.000,1.000,ft8
cw,snr20,357,0.0174,15,52.6,17.6,4,0,0.808,0.540,8.0,true,6.25,1.000,1.000,js8call
cw,snr20,357,0.0175,15,52.6,17.6,4,0,0.808,0.540,8.0,true,6.25,1.000,1.000,js8call
cw,snr20,375,0.0229,15,51.9,17.6,4,0,1.257,0.310,6.5,true,6.25,1.000,1.000,ft8
cw,snr20,357,0.0208,14,52.4,17.6,4,0,1.072,0.390,7.0,true,6.25,1.000,1.000,ft8
cw,snr20,357,0.0177,14,52.7,17.6,4,0,0.808,0.540,8.0,true,6.25,1.000,1.000,js8call
cw,snr20,392,0.0194,15,52.2,17.6,4,0,1.258,0.310,6.5,true,6.25,1.000,1.000,ft8
cw,snr20,357,0.0177,15,52.7,17.6,4,0,0.808,0.540,8.0,true,6.25,1.000,1.000,js8call
cw,snr20,357,0.0172,15,52.7,17.6,4,0,0.808,0.540,8.0,true,6.25,1.000,1.000,js8call
cw,snr20,369,0.0179,14,52.1,17.6,3,0,0.839,0.520,7.5,true,6.25,1.000,0.616,ft8
cw,snr15,333,0.0284,14,47.1,17.6,3,0,1.105,0.310,6.5,true,6.25,1.000,1.000,ft8
cw,snr15,322,0.0317,14,46.8,17.6,2,0,0.753,0.520,9.5,true,6.25,1.000,0.676,ft8
cw,snr15,310,0.0238,13,47.6,17.6,2,0,0.725,0.540,8.0,false,6.25,1.000,1.000,js8call
cw,snr15,322,0.0251,13,47.3,17.6,2,0,0.750,0.520,7.5,false,6.25,1.000,0.619,ft8
cw,snr15,333,0.0298,14,47.1,17.6,3,0,1.105,0.310,6.5,true,6.25,1.000,1.000,ft8
cw,snr15,322,0.0318,13,47.0,17.6,2,0,0.753,0.520,9.5,true,6.25,1.000,0.668,ft8
cw,snr15,322,0.0251,11,47.6,17.6,2,0,0.723,0.540,8.0,false,6.25,1.000,0.995,ft8
cw,snr15,310,0.0239,13,47.8,17.6,2,0,0.726,0.540,8.0,false,6.25,1.000,1.000,js8call
cw,snr15,322,0.0262,12,47.3,17.6,2,0,0.949,0.390,7.0,true,6.25,1.000,1.000,ft8
cw,snr15,333,0.0280,14,47.2,17.6,3,0,1.106,0.310,6.5,true,6.25,1.000,1.000,ft8
cw,snr15,298,0.0253,13,47.6,17.6,2,0,0.724,0.540,8.0,false,6.25,1.000,1.000,js8call
cw,snr15,322,0.0248,11,47.6,17.6,2,0,0.724,0.540,8.0,false,6.25,1.000,0.979,ft8
cw,snr15,333,0.0302,14,47.0,17.6,3,0,1.106,0.310,6.5,true,6.25,1.000,1.000,ft8
cw,snr15,322,0.0320,13,46.8,17.6,2,0,0.752,0.520,9.5,false,6.25,1.000,0.673,ft8
cw,snr15,310,0.0239,13,47.8,17.6,2,0,0.725,0.540,8.0,false,6.25,1.000,1.000,js8call
cw,snr15,310,0.0243,13,47.6,17.6,2,0,0.723,0.540,8.0,false,6.25,1.000,0.987,js8call
cw,snr15,310,0.0236,14,47.6,17.6,2,0,0.724,0.540,8.0,false,6.25,1.000,1.000,js8call
cw,snr15,322,0.0220,13,47.7,17.6,2,0,0.724,0.540,8.0,false,6.25,1.000,0.999,js8call
cw,snr15,333,0.0295,13,47.0,17.6,3,0,1.105,0.310,6.5,true,6.25,1.000,1.000,ft8
cw,snr15,310,0.0260,13,47.2,17.6,2,0,0.752,0.520,7.5,false,6.25,1.000,0.614,ft8
cw,snr15,328,0.0243,11,47.6,17.6,2,0,0.725,0.540,8.0,false,6.25,1.000,0.962,ft8
cw,snr15,322,0.0263,12,47.3,17.6,2,0,0.951,0.390,7.0,true,6.25,1.000,1.000,ft8
cw,snr15,339,0.0290,13,46.8,17.6,2,0,0.752,0.520,9.5,false,6.25,1.000,0.676,ft8
cw,snr15,310,0.0234,14,47.7,17.6,2,0,0.724,0.540,8.0,false,6.25,1.000,1.000,js8call
cw,snr15,310,0.0241,13,47.6,17.6,2,0,0.724,0.540,8.0,false,6.25,1.000,1.000,js8call
cw,snr15,292,0.0254,13,47.7,17.6,2,0,0.724,0.540,8.0,false,6.25,1.000,1.000,js8call
cw,snr15,316,0.0233,14,47.7,17.6,2,0,0.725,0.540,8.0,false,6.25,1.000,1.000,js8call
cw,snr15,322,0.0223,13,47.7,17.6,2,0,0.725,0.540,8.0,false,6.25,1.000,1.000,js8call
cw,snr15,310,0.0237,13,47.6,17.6,2,0,0.723,0.540,8.0,false,6.25,1.000,1.000,js8call
cw,snr15,310,0.0237,13,47.6,17.6,2,0,0.725,0.540,8.0,false,6.25,1.000,1.000,js8call
cw,snr10,222,0.0442,8,42.7,17.6,1,0,0.593,0.540,8.0,false,6.25,1.000,0.977,ft8
cw,snr10,205,0.0650,10,42.1,17.6,2,0,0.614,0.520,9.5,false,6.25,1.000,0.673,ft8
cw,snr10,205,0.0532,10,42.4,17.6,2,0,0.768,0.390,7.0,false,6.25,1.000,1.000,ft8
cw,snr10,205,0.0459,10,42.8,17.6,1,0,0.593,0.540,8.0,false,6.25,1.000,0.975,js8call
cw,snr10,240,0.0528,12,42.0,17.6,2,0,0.884,0.310,6.5,false,6.25,1.000,1.000,ft8
cw,snr10,205,0.0459,10,42.7,17.6,1,0,0.592,0.540,8.0,false,6.25,1.000,1.000,js8call
cw,snr10,205,0.0452,11,42.8,17.6,1,0,0.591,0.540,8.0,false,6.25,1.000,1.000,js8call
cw,snr10,205,0.0651,10,41.8,17.6,2,0,0.614,0.520,9.5,false,6.25,1.000,0.664,ft8
cw,snr10,205,0.0453,9,42.6,17.6,1,0,0.592,0.540,8.0,false,6.25,1.000,1.000,js8call
cw,snr10,205,0.0462,10,42.6,17.6,1,0,0.592,0.540,8.0,false,6.25,1.000,0.997,js8call
cw,snr10,205,0.0509,10,42.3,17.6,1,0,0.614,0.520,7.5,false,6.25,1.000,0.620,ft8
cw,snr10,222,0.0442,8,42.5,17.6,1,0,0.592,0.540,8.0,false,6.25,1.000,1.000,ft8
cw,snr10,222,0.0480,10,42.5,17.6,1,0,0.767,0.390,7.0,false,6.25,1.000,1.000,ft8
cw,snr10,222,0.0564,11,42.0,17.6,2,0,0.881,0.310,6.5,false,6.25,1.000,1.000,ft8
cw,snr10,205,0.0637,11,42.0,17.6,1,0,0.882,0.310,6.5,false,6.25,1.000,1.000,ft8
cw,snr10,222,0.0449,9,42.6,17.6,1,0,0.593,0.540,8.0,false,6.25,1.000,1.000,ft8
cw,snr10,205,0.0499,10,42.3,17.6,1,0,0.613,0.520,7.5,false,6.25,1.000,0.614,ft8
cw,snr10,205,0.0468,10,42.7,17.6,1,0,0.592,0.540,8.0,false,6.25,1.000,1.000,js8call
cw,snr10,187,0.0517,10,42.8,17.6,1,0,0.592,0.540,8.0,false,6.25,1.000,1.000,js8call
cw,snr10,205,0.0508,10,42.2,17.6,1,0,0.615,0.520,7.5,false,6.25,1.000,0.609,ft8
cw,snr10,222,0.0547,12,42.0,17.6,1,0,0.883,0.310,6.5,false,6.25,1.000,1.000,ft8
cw,snr10,205,0.0647,10,41.9,17.6,2,0,0.614,0.520,9.5,false,6.25,1.000,0.665,ft8
cw,snr10,205,0.0617,11,42.1,17.6,2,0,0.883,0.310,6.5,false,6.25,1.000,1.000,ft8
cw,snr10,205,0.0546,10,42.3,17.6,1,0,0.767,0.390,7.0,false,6.25,1.000,1.000,ft8
cw,snr10,222,0.0585,11,42.0,17.6,2,0,0.881,0.310,6.5,false,6.25,1.000,1.000,ft8
cw,snr10,234,0.0429,8,42.5,17.6,1,0,0.593,0.540,8.0,false,6.25,1.000,0.978,ft8
cw,snr10,205,0.0544,10,42.4,17.6,2,0,0.769,0.390,7.0,false,6.25,1.000,1.000,ft8
cw,snr10,205,0.0648,11,41.8,17.6,2,0,0.615,0.520,9.5,false,6.25,1.000,0.665,ft8
cw,snr10,205,0.0627,11,42.0,17.6,2,0,0.885,0.310,6.5,false,6.25,1.000,1.000,ft8
cw,snr10,205,0.0659,10,41.9,17.6,2,0,0.615,0.520,9.5,false,6.25,1.000,0.674,ft8
cw,snr5,158,0.0671,8,37.5,17.6,0,0,0.401,0.540,8.0,false,6.25,1.000,1.000,js8call
cw,snr5,169,0.0726,8,37.4,17.6,0,0,0.523,0.390,7.0,false,6.25,1.000,1.000,ft8
cw,snr5,158,0.0670,8,37.5,17.6,0,0,0.401,0.540,8.0,false,6.25,1.000,1.000,js8call
cw,snr5,158,0.0817,8,37.3,17.6,0,0,0.522,0.390,7.0,false,6.25,1.000,1.000,ft8
cw,snr5,169,0.0739,9,37.3,17.6,0,0,0.524,0.390,7.0,false,6.25,1.000,1.000,ft8
cw,snr5,146,0.0796,7,37.0,17.6,0,0,0.414,0.520,7.5,false,6.25,1.000,0.618,ft8
cw,snr5,146,0.0793,6,37.5,17.6,0,0,0.402,0.540,8.0,false,6.25,1.000,0.972,ft8
cw,snr5,169,0.0859,8,36.7,17.6,0,0,0.417,0.520,9.5,false,6.25,1.000,0.675,ft8
cw,snr5,169,0.0872,8,36.9,17.6,0,0,0.601,0.310,6.5,false,6.25,1.000,1.000,ft8
cw,snr5,158,0.0660,7,37.6,17.6,0,0,0.401,0.540,8.0,false,6.25,1.000,1.000,js8call
cw,snr5,146,0.0746,7,37.5,17.6,0,0,0.400,0.540,8.0,false,6.25,1.000,1.000,js8call
cw,snr5,169,0.0627,8,37.5,17.6,0,0,0.402,0.540,8.0,false,6.25,1.000,0.962,js8call
cw,snr5,158,0.0666,9,37.7,17.6,0,0,0.404,0.540,8.0,false,6.25,1.000,0.976,js8call
cw,snr5,158,0.0804,10,37.4,17.6,0,0,0.525,0.390,7.0,false,6.25,1.000,1.000,ft8
cw,snr5,169,0.0824,8,36.9,17.6,0,0,0.600,0.310,6.5,false,6.25,1.000,1.000,ft8
cw,snr5,146,0.0736,8,37.6,17.6,0,0,0.402,0.540,8.0,false,6.25,1.000,0.998,js8call
cw,snr5,169,0.0892,8,36.7,17.6,0,0,0.416,0.520,9.5,false,6.25,1.000,0.675,ft8
cw,snr5,134,0.0786,8,37.6,17.6,0,0,0.401,0.540,8.0,false,6.25,1.000,1.000,js8call
cw,snr5,169,0.0870,8,37.0,17.6,0,0,0.603,0.310,6.5,false,6.25,1.000,1.000,ft8
cw,snr5,146,0.0728,8,37.6,17.6,0,0,0.401,0.540,8.0,false,6.25,1.000,1.000,js8call
cw,snr5,169,0.0851,8,36.7,17.6,0,0,0.415,0.520,9.5,false,6.25,1.000,0.678,ft8
cw,snr5,158,0.0751,7,37.0,17.6,0,0,0.415,0.520,7.5,false,6.25,1.000,0.612,ft8
cw,snr5,152,0.0693,8,37.6,17.6,0,0,0.401,0.540,8.0,false,6.25,1.000,1.000,js8call
cw,snr5,158,0.0671,8,37.6,17.6,0,0,0.402,0.540,8.0,false,6.25,1.000,0.951,js8call
cw,snr5,169,0.0763,7,37.3,17.6,0,0,0.522,0.390,7.0,false,6.25,1.000,1.000,ft8
cw,snr5,169,0.0847,9,37.0,17.6,0,0,0.605,0.310,6.5,false,6.25,1.000,1.000,ft8
cw,snr5,140,0.0775,8,37.7,17.6,0,0,0.401,0.540,8.0,false,6.25,1.000,1.000,js8call
cw,snr5,146,0.0813,6,37.0,17.6,0,0,0.415,0.520,7.5,false,6.25,1.000,0.597,ft8
cw,snr5,152,0.1003,8,36.9,17.6,0,0,0.604,0.310,6.5,false,6.25,1.000,1.000,ft8
cw,snr5,152,0.0915,8,36.9,17.6,0,0,0.604,0.310,6.5,false,6.25,1.000,1.000,ft8
cw,snr3,123,0.1008,6,34.9,17.6,0,0,0.324,0.520,7.5,false,6.25,1.000,0.607,ft8
cw,snr3,134,0.1119,7,34.9,17.6,0,0,0.482,0.310,6.5,false,6.25,1.000,1.000,ft8
cw,snr3,134,0.0997,6,35.2,17.6,0,0,0.411,0.390,7.0,false,6.25,1.000,1.000,ft8
cw,snr3,134,0.0903,6,35.0,17.6,0,0,0.324,0.520,7.5,false,6.25,1.000,0.603,ft8
cw,snr3,134,0.1112,7,34.8,17.6,0,0,0.482,0.310,6.5,false,6.25,1.000,1.000,ft8
cw,snr3,123,0.0889,6,35.4,17.6,0,0,0.311,0.540,8.0,false,6.25,1.000,0.994,js8call
cw,snr3,134,0.1144,8,34.7,17.6,0,0,0.325,0.520,9.5,false,6.25,1.000,0.662,ft8
cw,snr3,123,0.0896,6,35.4,17.6,0,0,0.311,0.540,8.0,false,6.25,1.000,0.954,js8call
cw,snr3,123,0.0901,6,35.4,17.6,0,0,0.312,0.540,8.0,false,6.25,1.000,1.000,js8call
cw,snr3,134,0.1084,7,34.8,17.6,0,0,0.483,0.310,6.5,false,6.25,1.000,1.000,ft8
cw,snr3,134,0.1115,7,34.8,17.6,0,0,0.482,0.310,6.5,false,6.25,1.000,1.000,ft8
cw,snr3,134,0.1113,7,34.8,17.6,0,0,0.483,0.310,6.5,false,6.25,1.000,1.000,ft8
cw,snr3,123,0.0893,6,35.4,17.6,0,0,0.311,0.540,8.0,false,6.25,1.000,0.976,js8call
cw,snr3,140,0.0934,7,35.1,17.6,0,0,0.411,0.390,7.0,false,6.25,1.000,1.000,ft8
cw,snr3,111,0.0990,7,35.4,17.6,0,0,0.308,0.540,8.0,false,6.25,1.000,1.000,js8call
cw,snr3,123,0.0937,7,35.4,17.6,0,0,0.312,0.540,8.0,false,6.25,1.000,1.000,js8call
cw,snr3,134,0.0842,6,35.5,17.6,0,0,0.311,0.540,8.0,false,6.25,1.000,0.970,js8call
cw,snr3,134,0.0947,6,35.2,17.6,0,0,0.413,0.390,7.0,false,6.25,1.000,1.000,ft8
cw,snr3,140,0.1123,7,34.5,17.6,0,0,0.324,0.520,9.5,false,6.25,1.000,0.663,ft8
cw,snr3,123,0.0962,6,34.8,17.6,0,0,0.325,0.520,7.5,false,6.25,1.000,0.595,ft8
cw,snr3,134,0.0976,6,35.2,17.6,0,0,0.415,0.390,7.0,false,6.25,1.000,1.000,ft8
cw,snr3,134,0.1205,6,34.8,17.6,0,0,0.482,0.310,6.5,false,6.25,1.000,1.000,ft8
cw,snr3,123,0.1014,7,35.4,17.6,0,0,0.312,0.540,8.0,false,6.25,1.000,0.968,ft8
cw,snr3,134,0.1187,7,34.8,17.6,0,0,0.484,0.310,6.5,false,6.25,1.000,1.000,ft8
cw,snr3,134,0.1063,8,34.8,17.6,0,0,0.479,0.310,6.5,false,6.25,1.000,1.000,ft8
cw,snr3,123,0.0918,6,35.4,17.6,0,0,0.311,0.540,8.0,false,6.25,1.000,1.000,js8call
cw,snr3,128,0.0986,6,34.9,17.6,0,0,0.325,0.520,7.5,false,6.25,1.000,0.618,ft8
cw,snr3,111,0.1092,6,35.0,17.6,0,0,0.322,0.520,7.5,false,6.25,1.000,0.627,ft8
cw,snr3,123,0.0983,6,34.9,17.6,0,0,0.323,0.520,7.5,false,6.25,1.000,0.622,ft8
cw,snr3,123,0.0905,8,35.5,17.6,0,0,0.313,0.540,8.0,false,6.25,1.000,1.000,js8call
cw,snr0,99,0.1183,5,32.3,17.6,0,0,0.182,0.540,8.0,false,6.25,1.000,0.960,js8call
cw,snr0,99,0.1619,6,31.4,17.6,0,0,0.192,0.520,9.5,false,6.25,1.000,0.667,ft8
cw,snr0,82,0.1453,4,32.3,17.6,0,0,0.182,0.540,8.0,false,6.25,1.000,1.000,js8call
cw,snr0,99,0.1408,5,31.9,17.6,0,0,0.256,0.390,7.0,false,6.25,1.000,1.000,ft8
cw,snr0,93,0.1257,4,32.4,17.6,0,0,0.184,0.540,8.0,false,6.25,1.000,1.000,js8call
cw,snr0,99,0.1201,6,32.3,17.6,0,0,0.185,0.540,8.0,false,6.25,1.000,1.000,js8call
cw,snr0,93,0.1273,6,32.3,17.6,0,0,0.183,0.540,8.0,false,6.25,1.000,0.884,js8call
cw,snr0,99,0.1258,4,32.3,17.6,0,0,0.181,0.540,8.0,false,6.25,1.000,0.968,ft8
cw,snr0,111,0.1419,6,31.7,17.6,0,0,0.304,0.310,6.5,false,6.25,1.000,1.000,ft8
cw,snr0,99,0.1501,5,31.5,17.6,0,0,0.305,0.310,6.5,false,6.25,1.000,1.000,ft8
cw,snr0,93,0.1273,5,32.4,17.6,0,0,0.185,0.540,8.0,false,6.25,1.000,0.916,js8call
cw,snr0,99,0.1670,6,31.5,17.6,0,0,0.191,0.520,9.5,false,6.25,1.000,0.663,ft8
cw,snr0,105,0.1138,4,32.3,17.6,0,0,0.184,0.540,8.0,false,6.25,1.000,1.000,js8call
cw,snr0,87,0.1297,4,32.2,17.6,0,0,0.180,0.540,8.0,false,6.25,1.000,0.891,js8call
cw,snr0,87,0.1460,4,31.6,17.6,0,0,0.191,0.520,7.5,false,6.25,1.000,0.592,js8call
cw,snr0,99,0.1581,7,31.6,17.6,0,0,0.304,0.310,6.5,false,6.25,1.000,1.000,ft8
cw,snr0,87,0.1397,4,32.1,17.6,0,0,0.184,0.540,8.0,false,6.25,1.000,0.941,js8call
cw,snr0,99,0.1381,5,31.9,17.6,0,0,0.255,0.390,7.0,false,6.25,1.000,1.000,ft8
cw,snr0,87,0.1406,4,32.3,17.6,0,0,0.182,0.540,8.0,false,6.25,1.000,0.967,js8call
cw,snr0,105,0.1252,4,31.8,17.6,0,0,0.191,0.520,7.5,false,6.25,1.000,0.615,ft8
cw,snr0,99,0.1294,5,32.1,17.6,0,0,0.252,0.390,7.0,false,6.25,1.000,1.000,ft8
cw,snr0,111,0.1503,6,31.3,17.6,0,0,0.190,0.520,9.5,false,6.25,1.000,0.656,ft8
cw,snr0,99,0.1610,7,31.5,17.6,0,0,0.303,0.310,6.5,false,6.25,1.000,1.000,ft8
cw,snr0,105,0.1309,5,32.0,17.6,0,0,0.255,0.390,7.0,false,6.25,1.000,1.000,ft8
cw,snr0,99,0.1242,3,32.1,17.6,0,0,0.182,0.540,8.0,false,6.25,1.000,0.913,ft8
cw,snr0,87,0.1353,5,32.3,17.6,0,0,0.183,0.540,8.0,false,6.25,1.000,0.992,js8call
cw,snr0,99,0.1375,5,32.0,17.6,0,0,0.254,0.390,7.0,false,6.25,1.000,1.000,ft8
cw,snr0,105,0.1336,4,32.0,17.6,0,0,0.256,0.390,7.0,false,6.25,1.000,1.000,ft8
cw,snr0,105,0.1482,5,31.4,17.6,0,0,0.192,0.520,9.5,false,6.25,1.000,0.655,ft8
cw,snr0,99,0.1602,5,31.7,17.6,0,0,0.308,0.310,6.5,false,6.25,1.000,1.000,ft8
cw,snr-3,58,0.2696,3,28.2,17.6,0,0,0.095,0.520,9.5,false,6.25,1.000,0.693,ft8
cw,snr-3,64,0.2493,3,28.3,17.6,0,0,0.163,0.310,6.5,false,6.25,1.000,1.000,ft8
cw,snr-3,64,0.2078,1,29.0,17.6,0,0,0.092,0.535,8.0,false,6.25,1.000,1.000,ft8
cw,snr-3,76,0.2210,3,28.4,17.6,0,0,0.161,0.310,6.5,false,6.25,1.000,1.000,ft8
cw,snr-3,52,0.2366,3,29.2,17.6,0,0,0.090,0.540,8.0,false,6.25,1.000,1.000,js8call
cw,snr-3,64,0.1948,3,29.0,17.6,0,0,0.090,0.540,8.0,false,6.25,1.000,0.989,js8call
cw,snr-3,70,0.1889,2,29.1,17.6,0,0,0.092,0.535,8.0,false,6.25,1.000,0.977,ft8
cw,snr-3,70,0.1950,2,29.0,17.6,0,0,0.090,0.540,8.0,false,6.25,1.000,0.962,ft8
cw,snr-3,64,0.2493,3,28.3,17.6,0,0,0.160,0.310,6.5,false,6.25,1.000,1.000,ft8
cw,snr-3,76,0.2127,4,28.2,17.6,0,0,0.095,0.520,9.5,false,6.25,1.000,0.689,ft8
cw,snr-3,70,0.2016,3,28.7,17.6,0,0,0.127,0.390,7.0,false,6.25,1.000,1.000,ft8
cw,snr-3,76,0.2180,3,28.2,17.6,0,0,0.162,0.310,6.5,false,6.25,1.000,1.000,ft8
cw,snr-3,52,0.2374,2,29.1,17.6,0,0,0.089,0.535,8.0,false,6.25,1.000,0.900,js8call
cw,snr-3,76,0.2148,3,28.2,17.6,0,0,0.095,0.520,9.5,false,6.25,1.000,0.662,ft8
cw,snr-3,64,0.1890,3,29.2,17.6,0,0,0.091,0.535,8.0,false,6.25,1.000,0.866,js8call
cw,snr-3,52,0.2401,3,29.2,17.6,0,0,0.091,0.540,8.0,false,6.25,1.000,1.000,js8call
cw,snr-3,52,0.2366,3,29.2,17.6,0,0,0.090,0.540,8.0,false,6.25,1.000,0.990,js8call
cw,snr-3,70,0.1967,3,28.8,17.6,0,0,0.128,0.390,7.0,false,6.25,1.000,1.000,ft8
cw,snr-3,52,0.2392,3,29.1,17.6,0,0,0.092,0.535,8.0,false,6.25,1.000,0.841,js8call
cw,snr-3,64,0.1952,3,29.0,17.6,0,0,0.089,0.535,8.0,false,6.25,1.000,0.969,ft8
cw,snr-3,52,0.2331,3,29.1,17.6,0,0,0.087,0.540,8.0,false,6.25,1.000,0.959,js8call
cw,snr-3,70,0.2219,3,28.3,17.6,0,0,0.094,0.520,9.5,false,6.25,1.000,0.660,ft8
cw,snr-3,76,0.2132,3,28.2,17.6,0,0,0.097,0.520,9.5,false,6.25,1.000,0.656,ft8
cw,snr-3,58,0.1951,3,29.1,17.6,0,0,0.089,0.540,8.0,false,6.25,1.000,0.819,js8call
cw,snr-3,52,0.2414,2,29.0,17.6,0,0,0.089,0.540,8.0,false,6.25,1.000,0.854,js8call
cw,snr-3,87,0.1994,4,28.1,17.6,0,0,0.093,0.510,9.5,false,6.25,1.000,0.616,ft8
cw,snr-3,82,0.2039,4,28.3,17.6,0,0,0.097,0.520,9.5,false,6.25,1.000,0.667,ft8
cw,snr-3,52,0.2370,2,29.1,17.6,0,0,0.088,0.530,8.0,false,6.25,1.000,1.000,js8call
cw,snr-3,64,0.2472,5,28.4,17.6,0,0,0.162,0.310,6.5,false,6.25,1.000,1.000,ft8
cw,snr-3,64,0.2055,4,28.6,17.6,0,0,0.095,0.520,7.5,false,6.25,1.000,0.600,ft8
cw,itu-good,216,0.0486,8,42.0,17.6,1,0,0.629,0.520,7.5,false,6.25,1.000,0.720,ft8
cw,itu-good,187,0.0524,8,42.6,17.6,1,0,0.608,0.540,8.0,false,6.25,1.000,0.912,js8call
cw,itu-good,216,0.0421,9,42.4,17.6,1,0,0.606,0.540,8.0,false,6.25,1.000,0.920,js8call
cw,itu-good,187,0.0509,9,42.5,17.6,1,0,0.604,0.540,8.0,false,6.25,1.000,0.907,js8call
cw,itu-good,222,0.0442,7,42.5,17.6,1,0,0.608,0.540,8.0,false,6.25,1.000,1.000,ft8
cw,itu-good,205,0.0493,8,42.6,17.6,1,0,0.609,0.540,8.0,false,6.25,1.000,1.000,ft8
cw,itu-good,251,0.0405,7,42.0,17.6,1,0,0.629,0.520,7.5,false,6.25,1.000,0.711,ft8
cw,itu-good,205,0.0522,8,42.4,17.6,1,0,0.782,0.390,7.0,false,6.25,1.000,1.000,ft8
cw,itu-good,246,0.0512,10,41.9,17.6,2,0,0.896,0.310,6.5,false,6.25,1.000,1.000,ft8
cw,itu-good,246,0.0500,9,41.6,17.6,1,0,0.632,0.520,9.5,false,6.25,1.000,0.732,ft8
cw,itu-good,234,0.0446,8,41.9,17.6,1,0,0.629,0.520,7.5,false,6.25,1.000,0.718,ft8
cw,itu-good,228,0.0455,8,42.1,17.6,1,0,0.630,0.520,7.5,false,6.25,1.000,0.723,ft8
cw,itu-good,216,0.0428,8,42.5,17.6,1,0,0.607,0.540,8.0,false,6.25,1.000,0.905,js8call
cw,itu-good,240,0.0441,8,41.9,17.6,1,0,0.630,0.520,7.5,false,6.25,1.000,0.710,ft8
cw,itu-good,205,0.0677,9,42.0,17.6,2,0,0.894,0.310,6.5,false,6.25,1.000,1.000,ft8
cw,itu-good,205,0.0453,8,42.4,17.6,1,0,0.606,0.540,8.0,false,6.25,1.000,0.917,js8call
cw,itu-good,187,0.0591,9,42.3,17.6,1,0,0.782,0.390,7.0,false,6.25,1.000,1.000,ft8
cw,itu-good,205,0.0456,8,42.7,17.6,1,0,0.607,0.540,8.0,false,6.25,1.000,0.901,js8call
cw,itu-good,187,0.0514,9,42.6,17.6,1,0,0.608,0.540,8.0,false,6.25,1.000,0.895,js8call
cw,itu-good,187,0.0506,9,42.6,17.6,1,0,0.607,0.540,8.0,false,6.25,1.000,0.906,js8call
cw,itu-good,216,0.0423,8,42.6,17.6,1,0,0.608,0.540,8.0,false,6.25,1.000,0.916,js8call
cw,itu-good,205,0.0465,8,42.5,17.6,1,0,0.608,0.540,8.0,false,6.25,1.000,0.900,js8call
cw,itu-good,222,0.0410,8,42.5,17.6,1,0,0.606,0.540,8.0,false,6.25,1.000,0.926,js8call
cw,itu-good,222,0.0472,8,42.4,17.6,1,0,0.783,0.390,7.0,false,6.25,1.000,1.000,ft8
cw,itu-good,205,0.0468,8,42.4,17.6,1,0,0.606,0.540,8.0,false,6.25,1.000,0.875,js8call
cw,itu-good,187,0.0515,8,42.6,17.6,1,0,0.607,0.540,8.0,false,6.25,1.000,0.884,js8call
cw,itu-good,234,0.0395,7,42.4,17.6,1,0,0.607,0.540,8.0,false,6.25,1.000,1.000,ft8
cw,itu-good,222,0.0464,8,42.4,17.6,1,0,0.783,0.390,7.0,false,6.25,1.000,1.000,ft8
cw,itu-good,222,0.0485,7,41.9,17.6,1,0,0.628,0.520,7.5,false,6.25,1.000,0.714,ft8
cw,itu-good,205,0.0529,6,42.0,17.6,1,0,0.631,0.520,7.5,false,6.25,1.000,0.710,ft8
cw,itu-moderate,246,0.0449,10,42.3,17.6,1,0,0.785,0.385,7.0,false,6.25,1.000,1.000,ft8
cw,itu-moderate,216,0.0416,8,42.7,17.6,1,0,0.639,0.480,6.0,false,6.25,1.000,1.000,ft8
cw,itu-moderate,234,0.0421,9,42.5,17.6,1,0,0.627,0.500,8.0,false,6.25,1.000,0.785,ft8
cw,itu-moderate,234,0.0421,10,42.5,17.6,1,0,0.671,0.445,7.5,false,6.25,1.000,0.972,ft8
cw,itu-moderate,240,0.0464,10,42.4,17.6,1,0,0.785,0.385,7.0,false,6.25,1.000,1.000,ft8
cw,itu-moderate,222,0.0448,10,42.3,17.6,1,0,0.671,0.445,7.5,false,6.25,1.000,0.974,ft8
cw,itu-moderate,234,0.0488,10,42.1,17.6,1,0,0.657,0.475,8.5,false,6.25,1.000,1.000,ft8
cw,itu-moderate,234,0.0413,10,42.6,17.6,1,0,0.626,0.495,8.0,false,6.25,1.000,0.764,ft8
cw,itu-moderate,234,0.0433,10,42.4,17.6,1,0,0.670,0.455,7.5,false,6.25,1.000,0.976,ft8
cw,itu-moderate,246,0.0472,11,42.2,17.6,2,0,0.658,0.475,8.5,false,6.25,1.000,1.000,ft8
cw,itu-moderate,216,0.0449,9,42.6,17.6,1,0,0.625,0.495,8.0,false,6.25,1.000,0.773,ft8
cw,itu-moderate,216,0.0461,11,42.6,17.6,1,0,0.624,0.500,8.0,false,6.25,1.000,0.751,ft8
cw,itu-moderate,234,0.0428,10,42.3,17.6,1,0,0.671,0.450,7.5,false,6.25,1.000,0.968,ft8
cw,itu-moderate,205,0.0474,10,42.6,17.6,1,0,0.625,0.500,8.0,false,6.25,1.000,0.757,ft8
cw,itu-moderate,222,0.0397,8,42.8,17.6,1,0,0.641,0.480,6.0,false,6.25,1.000,1.000,ft8
cw,itu-moderate,222,0.0446,10,42.6,17.6,2,0,0.627,0.505,8.0,false,6.25,1.000,0.782,ft8
cw,itu-moderate,222,0.0438,8,42.4,17.6,1,0,0.955,0.275,5.5,false,6.25,1.000,1.000,ft8
cw,itu-moderate,246,0.0459,10,42.1,17.6,1,0,0.656,0.480,8.5,false,6.25,1.000,1.000,ft8
cw,itu-moderate,205,0.0495,10,42.5,17.6,1,0,0.625,0.495,8.0,false,6.25,1.000,0.758,ft8
cw,itu-moderate,187,0.0650,11,42.1,17.6,1,0,0.657,0.480,8.5,false,6.25,1.000,1.000,ft8
cw,itu-moderate,216,0.0486,10,42.2,17.6,1,0,0.671,0.445,7.5,false,6.25,1.000,0.979,ft8
cw,itu-moderate,246,0.0455,9,42.4,17.6,1,0,0.784,0.385,7.0,false,6.25,1.000,1.000,ft8
cw,itu-moderate,234,0.0400,10,42.6,17.6,1,0,0.627,0.500,8.0,false,6.25,1.000,0.764,ft8
cw,itu-moderate,205,0.0625,11,42.1,17.6,1,0,0.906,0.295,6.5,false,6.25,1.000,1.000,ft8
cw,itu-moderate,222,0.0442,10,42.6,17.6,1,0,0.626,0.500,8.0,false,6.25,1.000,0.776,ft8
cw,itu-moderate,222,0.0438,9,42.6,17.6,1,0,0.628,0.495,8.0,false,6.25,1.000,0.771,ft8
cw,itu-moderate,246,0.0450,9,42.4,17.6,2,0,0.785,0.385,7.0,false,6.25,1.000,1.000,ft8
cw,itu-moderate,216,0.0487,10,42.2,17.6,1,0,0.667,0.450,7.5,false,6.25,1.000,0.977,ft8
cw,itu-moderate,234,0.0412,10,42.5,17.6,1,0,0.625,0.495,8.0,false,6.25,1.000,0.757,ft8
cw,itu-moderate,193,0.0531,11,42.7,17.6,1,0,0.627,0.500,8.0,false,6.25,1.000,0.794,ft8
cw,itu-poor,263,0.0452,10,42.4,17.6,1,0,0.628,0.525,8.0,false,6.25,1.000,0.641,ft8
cw,itu-poor,281,0.0616,11,41.8,17.6,2,0,0.900,0.310,6.5,false,6.25,1.000,1.000,ft8
cw,itu-poor,339,0.0566,13,41.5,17.6,2,0,0.649,0.510,9.5,false,6.25,1.000,0.804,ft8
cw,itu-poor,263,0.0439,12,42.5,17.6,1,0,0.628,0.525,8.0,false,6.25,1.000,0.637,ft8
cw,itu-poor,281,0.0412,11,42.4,17.6,1,0,0.630,0.525,8.0,false,6.25,1.000,0.646,ft8
cw,itu-poor,339,0.0559,13,41.4,17.6,3,0,0.650,0.510,9.5,false,6.25,1.000,0.803,ft8
cw,itu-poor,351,0.0499,12,41.9,17.6,3,0,0.900,0.310,6.5,false,6.25,1.000,1.000,ft8
cw,itu-poor,298,0.0470,11,42.2,17.6,2,0,0.640,0.510,9.0,false,6.25,1.000,0.936,ft8
cw,itu-poor,281,0.0497,11,42.1,17.6,1,0,0.639,0.510,9.0,false,6.25,1.000,0.933,ft8
cw,itu-poor,339,0.0428,12,42.3,17.6,2,0,0.794,0.380,7.0,false,6.25,1.000,1.000,ft8
cw,itu-poor,263,0.0440,11,42.5,17.6,1,0,0.630,0.525,8.0,false,6.25,1.000,0.639,ft8
cw,itu-poor,263,0.0443,11,42.5,17.6,1,0,0.630,0.525,8.0,false,6.25,1.000,0.636,ft8
cw,itu-poor,275,0.0422,11,42.5,17.6,1,0,0.628,0.525,8.0,false,6.25,1.000,0.631,ft8
cw,itu-poor,263,0.0439,11,42.5,17.6,1,0,0.629,0.525,8.0,false,6.25,1.000,0.635,ft8
cw,itu-poor,281,0.0423,10,42.4,17.6,1,0,0.627,0.530,8.0,false,6.25,1.000,0.635,ft8
cw,itu-poor,281,0.0542,12,41.8,17.6,2,0,0.648,0.510,7.5,false,6.25,1.000,0.792,ft8
cw,itu-poor,263,0.0433,10,42.5,17.6,1,0,0.629,0.525,8.0,false,6.25,1.000,0.635,ft8
cw,itu-poor,328,0.0379,12,42.5,17.6,1,0,0.629,0.525,8.0,false,6.25,1.000,0.633,ft8
cw,itu-poor,298,0.0582,14,42.0,17.6,3,0,0.900,0.310,6.5,false,6.25,1.000,1.000,ft8
cw,itu-poor,351,0.0531,12,41.5,17.6,3,0,0.943,0.295,7.5,false,6.25,1.000,0.935,ft8
cw,itu-poor,281,0.0628,12,41.9,17.6,3,0,0.901,0.310,6.5,false,6.25,1.000,1.000,ft8
cw,itu-poor,339,0.0544,13,41.6,17.6,3,0,0.943,0.295,7.5,false,6.25,1.000,0.972,ft8
cw,itu-poor,281,0.0510,11,42.1,17.6,2,0,0.793,0.380,7.0,false,6.25,1.000,1.000,ft8
cw,itu-poor,281,0.0417,11,42.5,17.6,1,0,0.628,0.525,8.0,false,6.25,1.000,0.643,ft8
cw,itu-poor,263,0.0703,12,41.5,17.6,3,0,0.650,0.510,9.5,false,6.25,1.000,0.811,ft8
cw,itu-poor,339,0.0581,12,41.3,17.6,3,0,0.649,0.510,9.5,false,6.25,1.000,0.815,ft8
cw,itu-poor,281,0.0411,11,42.4,17.6,1,0,0.628,0.525,8.0,false,6.25,1.000,1.000,js8call
cw,itu-poor,281,0.0502,13,42.2,17.6,2,0,0.794,0.380,7.0,false,6.25,1.000,1.000,ft8
cw,itu-poor,281,0.0507,11,42.1,17.6,2,0,0.791,0.380,7.0,false,6.25,1.000,1.000,ft8
cw,itu-poor,339,0.0415,11,42.3,17.6,1,0,0.639,0.510,9.0,false,6.25,1.000,0.930,ft8
js8call,clean-800Hz,1382,0.0007,2,67.3,52.7,10,0,0.004,0.614,53.6,false,6.25,1.000,1.000,js8call
js8call,clean-800Hz,1382,0.0007,2,67.5,46.9,10,0,0.004,0.557,56.4,false,6.25,1.000,1.000,js8call
js8call,clean-800Hz,1382,0.0007,1,67.9,46.9,10,0,0.004,0.557,62.9,false,6.25,1.000,1.000,js8call
js8call,clean-800Hz,1382,0.0007,2,67.5,46.9,10,0,0.004,0.557,56.4,false,6.25,1.000,1.000,js8call
js8call,clean-800Hz,1382,0.0007,1,68.0,41.0,10,0,0.005,0.557,58.6,false,6.25,1.000,1.000,js8call
js8call,clean-800Hz,1382,0.0007,2,67.3,52.7,10,0,0.004,0.614,52.1,false,6.25,1.000,1.000,js8call
js8call,clean-800Hz,1382,0.0007,2,67.1,46.9,10,0,0.005,0.557,57.9,false,6.25,1.000,1.000,js8call
js8call,clean-800Hz,1382,0.0007,2,67.0,46.9,10,0,0.004,0.557,55.7,false,6.25,1.000,1.000,js8call
js8call,clean-800Hz,1382,0.0007,2,67.5,46.9,10,0,0.004,0.557,56.4,false,6.25,1.000,1.000,js8call
js8call,clean-800Hz,1382,0.0007,1,67.8,46.9,10,0,0.005,0.557,56.4,false,6.25,1.000,1.000,js8call
js8call,clean-800Hz,1382,0.0007,2,67.3,52.7,10,0,0.004,0.614,53.6,false,6.25,1.000,1.000,js8call
js8call,clean-800Hz,1382,0.0007,2,67.3,52.7,10,0,0.004,0.614,52.1,false,6.25,1.000,1.000,js8call
js8call,clean-800Hz,1382,0.0007,2,67.3,52.7,10,0,0.004,0.614,52.1,false,6.25,1.000,1.000,js8call
js8call,clean-800Hz,1382,0.0007,1,67.3,46.9,10,0,0.004,0.600,56.4,false,6.25,1.000,1.000,js8call
js8call,clean-800Hz,1382,0.0007,1,67.9,46.9,10,0,0.004,0.557,62.9,false,6.25,1.000,1.000,js8call
js8call,clean-800Hz,1382,0.0007,2,67.1,46.9,10,0,0.005,0.557,57.9,false,6.25,1.000,1.000,js8call
js8call,clean-800Hz,1382,0.0007,1,67.4,46.9,10,0,0.004,0.557,58.6,false,6.25,1.000,1.000,js8call
js8call,clean-800Hz,1382,0.0007,1,67.9,46.9,10,0,0.004,0.557,62.9,false,6.25,1.000,1.000,js8call
js8call,clean-800Hz,1382,0.0007,2,67.3,52.7,10,0,0.004,0.614,52.1,false,6.25,1.000,1.000,js8call
js8call,clean-800Hz,1382,0.0007,1,67.3,46.9,10,0,0.004,0.600,56.4,false,6.25,1.000,1.000,js8call
js8call,clean-800Hz,1382,0.0007,2,67.5,46.9,10,0,0.004,0.557,56.4,false,6.25,1.000,1.000,js8call
js8call,clean-800Hz,1382,0.0007,2,67.1,46.9,10,0,0.005,0.557,57.9,false,6.25,1.000,1.000,js8call
js8call,clean-800Hz,1382,0.0007,2,67.5,46.9,10,0,0.004,0.557,56.4,false,6.25,1.000,1.000,js8call
js8call,clean-800Hz,1382,0.0007,2,67.1,46.9,10,0,0.005,0.557,57.9,false,6.25,1.000,1.000,js8call
js8call,clean-800Hz,1382,0.0007,2,67.5,46.9,10,0,0.004,0.557,56.4,false,6.25,1.000,1.000,js8call
js8call,clean-800Hz,1382,0.0007,2,67.1,46.9,10,0,0.005,0.557,57.9,false,6.25,1.000,1.000,js8call
js8call,clean-800Hz,1382,0.0007,2,67.3,52.7,10,0,0.004,0.614,53.6,false,6.25,1.000,1.000,js8call
js8call,clean-800Hz,1382,0.0007,1,67.3,46.9,10,0,0.004,0.600,56.4,false,6.25,1.000,1.000,js8call
js8call,clean-800Hz,1382,0.0007,1,67.8,46.9,10,0,0.005,0.557,56.4,false,6.25,1.000,1.000,js8call
js8call,clean-800Hz,1382,0.0007,1,67.3,46.9,10,0,0.004,0.600,56.4,false,6.25,1.000,1.000,js8call
js8call,clean-1000Hz,1441,0.0008,2,64.7,46.9,10,0,0.004,0.614,52.1,false,6.25,1.000,1.000,js8call
js8call,clean-1000Hz,1441,0.0008,2,64.7,46.9,10,0,0.004,0.614,52.1,false,6.25,1.000,1.000,js8call
js8call,clean-1000Hz,1441,0.0008,1,65.0,46.9,10,0,0.004,0.557,56.4,false,6.25,1.000,1.000,js8call
js8call,clean-1000Hz,1441,0.0008,1,65.1,46.9,10,0,0.004,0.557,62.9,false,6.25,1.000,1.000,js8call
js8call,clean-1000Hz,1441,0.0008,1,65.0,46.9,10,0,0.004,0.557,56.4,false,6.25,1.000,1.000,js8call
js8call,clean-1000Hz,1441,0.0008,1,64.5,46.9,10,0,0.004,0.571,57.9,false,6.25,1.000,1.000,js8call
js8call,clean-1000Hz,1441,0.0008,1,64.5,46.9,10,0,0.004,0.571,57.9,false,6.25,1.000,1.000,js8call
js8call,clean-1000Hz,1441,0.0008,1,64.7,52.7,10,0,0.003,0.614,53.6,false,6.25,1.000,1.000,js8call
js8call,clean-1000Hz,1441,0.0008,1,65.3,46.9,10,0,0.004,0.557,58.6,false,6.25,1.000,1.000,js8call
js8call,clean-1000Hz,1441,0.0008,1,65.1,46.9,10,0,0.004,0.557,62.9,false,6.25,1.000,1.000,js8call
js8call,clean-1000Hz,1441,0.0008,1,65.3,46.9,10,0,0.004,0.557,58.6,false,6.25,1.000,1.000,js8call
js8call,clean-1000Hz,1441,0.0008,1,64.8,46.9,10,0,0.003,0.557,56.4,false,6.25,1.000,1.000,js8call
js8call,clean-1000Hz,1441,0.0008,1,65.3,46.9,10,0,0.004,0.557,58.6,false,6.25,1.000,1.000,js8call
js8call,clean-1000Hz,1441,0.0008,1,64.7,46.9,10,0,0.003,0.557,58.6,false,6.25,1.000,1.000,js8call
js8call,clean-1000Hz,1441,0.0008,1,64.7,46.9,10,0,0.003,0.557,58.6,false,6.25,1.000,1.000,js8call
js8call,clean-1000Hz,1441,0.0008,1,65.0,46.9,10,0,0.004,0.557,56.4,false,6.25,1.000,1.000,js8call
js8call,clean-1000Hz,1441,0.0008,1,64.8,46.9,10,0,0.003,0.557,56.4,false,6.25,1.000,1.000,js8call
js8call,clean-1000Hz,1441,0.0008,1,64.8,46.9,10,0,0.003,0.557,56.4,false,6.25,1.000,1.000,js8call
js8call,clean-1000Hz,1441,0.0008,1,65.0,46.9,10,0,0.004,0.557,56.4,false,6.25,1.000,1.000,js8call
js8call,clean-1000Hz,1441,0.0008,1,64.5,46.9,10,0,0.004,0.571,57.9,false,6.25,1.000,1.000,js8call
js8call,clean-1000Hz,1441,0.0008,1,65.3,46.9,10,0,0.004,0.557,58.6,false,6.25,1.000,1.000,js8call
js8call,clean-1000Hz,1441,0.0008,1,65.0,46.9,10,0,0.004,0.557,56.4,false,6.25,1.000,1.000,js8call
js8call,clean-1000Hz,1441,0.0008,1,65.0,46.9,10,0,0.004,0.557,56.4,false,6.25,1.000,1.000,js8call
js8call,clean-1000Hz,1441,0.0008,1,64.7,52.7,10,0,0.003,0.614,53.6,false,6.25,1.000,1.000,js8call
js8call,clean-1000Hz,1441,0.0008,1,65.0,46.9,10,0,0.004,0.557,56.4,false,6.25,1.000,1.000,js8call
js8call,clean-1000Hz,1441,0.0008,2,64.7,46.9,10,0,0.004,0.614,52.1,false,6.25,1.000,1.000,js8call
js8call,clean-1000Hz,1441,0.0008,2,64.5,46.9,10,0,0.004,0.557,55.7,false,6.25,1.000,1.000,js8call
js8call,clean-1000Hz,1441,0.0008,1,65.0,46.9,10,0,0.004,0.557,56.4,false,6.25,1.000,1.000,js8call
js8call,clean-1000Hz,1441,0.0008,1,64.7,46.9,10,0,0.003,0.557,58.6,false,6.25,1.000,1.000,js8call
js8call,clean-1000Hz,1441,0.0008,1,65.3,46.9,10,0,0.004,0.557,58.6,false,6.25,1.000,1.000,js8call
js8call,clean-1500Hz,773,0.0016,2,57.8,46.9,5,0,0.002,0.629,53.6,false,6.25,1.000,1.000,js8call
js8call,clean-1500Hz,773,0.0015,1,58.5,41.0,5,0,0.003,0.564,55.0,false,6.25,1.000,1.000,js8call
js8call,clean-1500Hz,773,0.0015,2,58.2,46.9,5,0,0.002,0.571,55.0,false,6.25,1.000,1.000,js8call
js8call,clean-1500Hz,773,0.0016,1,58.1,41.0,5,0,0.003,0.571,62.9,false,6.25,1.000,1.000,js8call
js8call,clean-1500Hz,773,0.0016,1,58.1,41.0,5,0,0.003,0.571,62.9,false,6.25,1.000,1.000,js8call
js8call,clean-1500Hz,773,0.0016,1,58.1,41.0,5,0,0.003,0.571,62.9,false,6.25,1.000,1.000,js8call
js8call,clean-1500Hz,773,0.0017,1,58.0,46.9,5,0,0.003,0.586,57.9,false,6.25,1.000,1.000,js8call
js8call,clean-1500Hz,773,0.0017,1,58.0,46.9,5,0,0.003,0.586,57.9,false,6.25,1.000,1.000,js8call
js8call,clean-1500Hz,773,0.0015,1,58.5,41.0,5,0,0.003,0.564,55.0,false,6.25,1.000,1.000,js8call
js8call,clean-1500Hz,773,0.0015,2,57.9,46.9,5,0,0.003,0.629,52.1,false,6.25,1.000,1.000,js8call
js8call,clean-1500Hz,773,0.0015,2,58.2,46.9,5,0,0.002,0.571,55.0,false,6.25,1.000,1.000,js8call
js8call,clean-1500Hz,773,0.0015,1,58.5,41.0,5,0,0.003,0.564,55.0,false,6.25,1.000,1.000,js8call
js8call,clean-1500Hz,773,0.0015,2,58.2,46.9,5,0,0.002,0.571,55.0,false,6.25,1.000,1.000,js8call
js8call,clean-1500Hz,773,0.0015,1,58.5,41.0,5,0,0.003,0.564,55.0,false,6.25,1.000,1.000,js8call
js8call,clean-1500Hz,773,0.0016,2,57.8,46.9,5,0,0.002,0.629,53.6,false,6.25,1.000,1.000,js8call
js8call,clean-1500Hz,773,0.0015,2,58.2,46.9,5,0,0.002,0.571,55.0,false,6.25,1.000,1.000,js8call
js8call,clean-1500Hz,773,0.0016,1,57.9,46.9,5,0,0.002,0.550,58.6,false,6.25,1.000,1.000,js8call
js8call,clean-1500Hz,773,0.0015,2,58.2,46.9,5,0,0.002,0.571,55.0,false,6.25,1.000,1.000,js8call
js8call,clean-1500Hz,773,0.0016,2,57.8,46.9,5,0,0.002,0.629,53.6,false,6.25,1.000,1.000,js8call
js8call,clean-1500Hz,773,0.0017,1,58.0,52.7,5,0,0.003,0.557,54.3,false,6.25,1.000,1.000,js8call
js8call,clean-1500Hz,773,0.0015,2,57.9,46.9,5,0,0.003,0.629,52.1,false,6.25,1.000,1.000,js8call
js8call,clean-1500Hz,773,0.0016,1,58.1,41.0,5,0,0.003,0.571,62.9,false,6.25,1.000,1.000,js8call
js8call,clean-1500Hz,773,0.0016,1,58.1,41.0,5,0,0.003,0.571,62.9,false,6.25,1.000,1.000,js8call
js8call,clean-1500Hz,773,0.0015,2,57.9,46.9,5,0,0.003,0.629,52.1,false,6.25,1.000,1.000,js8call
js8call,clean-1500Hz,773,0.0017,1,58.0,52.7,5,0,0.003,0.557,54.3,false,6.25,1.000,1.000,js8call
js8call,clean-1500Hz,773,0.0016,1,58.1,41.0,5,0,0.003,0.571,62.9,false,6.25,1.000,1.000,js8call
js8call,clean-1500Hz,773,0.0017,1,58.0,52.7,5,0,0.003,0.557,54.3,false,6.25,1.000,1.000,js8call
js8call,clean-1500Hz,773,0.0017,1,58.0,52.7,5,0,0.003,0.557,54.3,false,6.25,1.000,1.000,js8call
js8call,clean-1500Hz,773,0.0016,1,58.1,41.0,5,0,0.003,0.571,62.9,false,6.25,1.000,1.000,js8call
js8call,clean-1500Hz,773,0.0017,1,58.0,46.9,5,0,0.003,0.586,57.9,false,6.25,1.000,1.000,js8call
js8call,clean-2000Hz,855,0.0013,1,59.8,41.0,6,0,0.002,0.543,57.1,false,6.25,1.000,1.000,js8call
js8call,clean-2000Hz,855,0.0013,1,59.8,41.0,6,0,0.002,0.543,57.1,false,6.25,1.000,1.000,js8call
js8call,clean-2000Hz,861,0.0014,1,58.6,46.9,6,0,0.002,0.529,54.3,false,6.25,1.000,1.000,js8call
js8call,clean-2000Hz,855,0.0014,1,58.7,46.9,6,0,0.002,0.514,55.7,false,6.25,1.000,1.000,js8call
js8call,clean-2000Hz,855,0.0013,2,58.5,52.7,6,0,0.002,0.614,52.1,false,6.25,1.000,1.000,js8call
js8call,clean-2000Hz,855,0.0013,1,59.5,41.0,6,0,0.002,0.586,55.0,false,6.25,1.000,1.000,js8call
js8call,clean-2000Hz,855,0.0014,1,58.7,46.9,6,0,0.002,0.514,55.7,false,6.25,1.000,1.000,js8call
js8call,clean-2000Hz,855,0.0013,2,59.1,41.0,6,0,0.002,0.600,55.0,false,6.25,1.000,1.000,js8call
js8call,clean-2000Hz,861,0.0014,1,58.7,46.9,6,0,0.002,0.529,56.4,false,6.25,1.000,1.000,js8call
js8call,clean-2000Hz,855,0.0014,1,58.7,46.9,6,0,0.002,0.514,55.7,false,6.25,1.000,1.000,js8call
js8call,clean-2000Hz,855,0.0013,1,59.3,41.0,6,0,0.002,0.543,61.4,false,6.25,1.000,1.000,js8call
js8call,clean-2000Hz,855,0.0013,2,59.1,41.0,6,0,0.002,0.600,55.0,false,6.25,1.000,1.000,js8call
js8call,clean-2000Hz,861,0.0014,1,58.6,46.9,6,0,0.002,0.529,54.3,false,6.25,1.000,1.000,js8call
js8call,clean-2000Hz,855,0.0013,2,59.1,41.0,6,0,0.002,0.600,55.0,false,6.25,1.000,1.000,js8call
js8call,clean-2000Hz,855,0.0013,2,59.1,41.0,6,0,0.002,0.600,55.0,false,6.25,1.000,1.000,js8call
js8call,clean-2000Hz,861,0.0014,1,58.7,46.9,6,0,0.002,0.529,56.4,false,6.25,1.000,1.000,js8call
js8call,clean-2000Hz,855,0.0013,2,59.1,41.0,6,0,0.002,0.600,55.0,false,6.25,1.000,1.000,js8call
js8call,clean-2000Hz,855,0.0014,1,58.7,46.9,6,0,0.002,0.514,55.7,false,6.25,1.000,1.000,js8call
js8call,clean-2000Hz,855,0.0013,1,59.5,41.0,6,0,0.002,0.586,55.0,false,6.25,1.000,1.000,js8call
js8call,clean-2000Hz,855,0.0013,2,58.5,52.7,6,0,0.002,0.614,52.1,false,6.25,1.000,1.000,js8call
js8call,clean-2000Hz,855,0.0013,2,58.6,52.7,6,0,0.002,0.614,50.7,false,6.25,1.000,1.000,js8call
js8call,clean-2000Hz,855,0.0014,1,58.8,41.0,6,0,0.002,0.600,55.0,false,6.25,1.000,1.000,js8call
js8call,clean-2000Hz,855,0.0013,1,59.5,41.0,6,0,0.002,0.586,55.0,false,6.25,1.000,1.000,js8call
js8call,clean-2000Hz,855,0.0013,2,58.5,52.7,6,0,0.002,0.614,52.1,false,6.25,1.000,1.000,js8call
js8call,clean-2000Hz,861,0.0014,1,58.7,46.9,6,0,0.002,0.529,56.4,false,6.25,1.000,1.000,js8call
js8call,clean-2000Hz,855,0.0013,2,58.6,52.7,6,0,0.002,0.614,50.7,false,6.25,1.000,1.000,js8call
js8call,clean-2000Hz,861,0.0014,1,58.6,46.9,6,0,0.002,0.529,54.3,false,6.25,1.000,1.000,js8call
js8call,clean-2000Hz,855,0.0013,2,58.5,52.7,6,0,0.002,0.614,52.1,false,6.25,1.000,1.000,js8call
js8call,clean-2000Hz,855,0.0014,1,58.7,46.9,6,0,0.002,0.514,55.7,false,6.25,1.000,1.000,js8call
js8call,clean-2000Hz,855,0.0013,2,59.1,41.0,6,0,0.002,0.600,55.0,false,6.25,1.000,1.000,js8call
js8call,snr30,726,0.0018,20,57.7,46.9,5,0,0.004,0.529,64.3,false,6.25,1.000,1.000,js8call
js8call,snr30,832,0.0017,20,56.9,46.9,6,0,0.004,0.536,59.3,false,6.25,1.000,1.000,js8call
js8call,snr30,796,0.0016,19,57.4,46.9,5,0,0.004,0.536,60.0,false,6.25,1.000,1.000,js8call
js8call,snr30,755,0.0018,17,57.0,52.7,5,0,0.004,0.507,49.3,false,6.25,1.000,1.000,js8call
js8call,snr30,744,0.0018,20,56.9,46.9,5,0,0.003,0.507,57.1,false,6.25,1.000,1.000,js8call
js8call,snr30,738,0.0018,20,57.2,46.9,6,0,0.004,0.550,55.0,false,6.25,1.000,1.000,js8call
js8call,snr30,720,0.0019,20,57.5,46.9,5,0,0.004,0.479,62.9,false,6.25,1.000,1.000,js8call
js8call,snr30,785,0.0017,20,56.9,52.7,5,0,0.003,0.486,52.9,false,6.25,1.000,1.000,js8call
js8call,snr30,738,0.0019,20,56.8,46.9,5,0,0.004,0.507,56.4,false,6.25,1.000,1.000,js8call
js8call,snr30,808,0.0017,19,57.1,46.9,5,0,0.003,0.493,59.3,false,6.25,1.000,1.000,js8call
js8call,snr30,785,0.0017,18,57.4,46.9,5,0,0.004,0.536,56.4,false,6.25,1.000,1.000,js8call
js8call,snr30,808,0.0016,20,57.7,46.9,5,0,0.004,0.529,61.4,false,6.25,1.000,1.000,js8call
js8call,snr30,814,0.0016,20,57.1,46.9,5,0,0.004,0.586,54.3,false,6.25,1.000,1.000,js8call
js8call,snr30,767,0.0018,20,57.0,46.9,5,0,0.004,0.500,54.3,false,6.25,1.000,1.000,js8call
js8call,snr30,726,0.0020,20,56.9,46.9,5,0,0.003,0.521,56.4,false,6.25,1.000,1.000,js8call
js8call,snr30,750,0.0019,20,57.0,46.9,5,0,0.003,0.507,60.7,false,6.25,1.000,1.000,js8call
js8call,snr30,796,0.0017,20,57.1,46.9,5,0,0.003,0.507,52.1,false,6.25,1.000,1.000,js8call
js8call,snr30,837,0.0016,20,57.1,46.9,5,0,0.004,0.579,55.0,false,6.25,1.000,1.000,js8call
js8call,snr30,744,0.0018,20,57.3,52.7,5,0,0.004,0.536,60.7,false,6.25,1.000,1.000,js8call
js8call,snr30,744,0.0018,20,57.0,46.9,5,0,0.004,0.550,56.4,false,6.25,1.000,1.000,js8call
js8call,snr30,779,0.0017,20,57.2,52.7,6,0,0.003,0.521,60.7,false,6.25,1.000,1.000,js8call
js8call,snr30,773,0.0018,20,57.1,46.9,5,0,0.004,0.500,59.3,false,6.25,1.000,1.000,js8call
js8call,snr30,843,0.0015,20,57.2,46.9,5,0,0.004,0.493,53.6,false,6.25,1.000,1.000,js8call
js8call,snr30,773,0.0018,20,57.1,46.9,5,0,0.003,0.536,51.4,false,6.25,1.000,1.000,js8call
js8call,snr30,755,0.0018,20,57.4,46.9,5,0,0.004,0.521,57.1,false,6.25,1.000,1.000,js8call
js8call,snr30,767,0.0019,20,56.8,46.9,6,0,0.004,0.543,55.0,false,6.25,1.000,1.000,js8call
js8call,snr30,785,0.0018,20,56.9,46.9,5,0,0.004,0.529,58.6,false,6.25,1.000,1.000,js8call
js8call,snr30,785,0.0017,20,57.1,46.9,5,0,0.003,0.543,55.0,false,6.25,1.000,1.000,js8call
js8call,snr30,708,0.0019,20,56.9,46.9,5,0,0.004,0.564,60.7,false,6.25,1.000,1.000,js8call
js8call,snr30,779,0.0017,20,57.1,46.9,5,0,0.004,0.550,54.3,false,6.25,1.000,1.000,js8call
js8call,snr20,275,0.0093,4,48.2,46.9,1,0,0.579,0.700,0.5,false,6.25,1.000,1.000,js8call
js8call,snr20,275,0.0108,5,48.0,46.9,1,0,0.579,0.700,0.5,false,6.25,1.000,1.000,js8call
js8call,snr20,287,0.0087,4,48.1,46.9,0,0,0.580,0.700,0.5,false,6.25,1.000,1.000,js8call
js8call,snr20,257,0.0106,5,48.3,46.9,1,0,0.579,0.700,0.5,false,6.25,1.000,1.000,js8call
js8call,snr20,292,0.0102,5,48.0,46.9,1,0,0.579,0.700,0.5,false,6.25,1.000,1.000,js8call
js8call,snr20,257,0.0108,4,48.2,46.9,1,0,0.579,0.700,0.5,false,6.25,1.000,1.000,js8call
js8call,snr20,281,0.0091,5,48.3,46.9,1,0,0.579,0.700,0.5,false,6.25,1.000,1.000,js8call
js8call,snr20,275,0.0109,5,47.8,46.9,1,0,0.579,0.700,0.5,false,6.25,1.000,1.000,js8call
js8call,snr20,287,0.0103,6,47.8,46.9,1,0,0.580,0.700,0.5,false,6.25,1.000,1.000,js8call
js8call,snr20,269,0.0107,7,48.1,46.9,1,0,0.579,0.700,0.5,false,6.25,1.000,1.000,js8call
js8call,snr20,287,0.0096,5,48.0,46.9,1,0,0.579,0.700,0.5,false,6.25,1.000,1.000,js8call
js8call,snr20,275,0.0098,4,48.4,46.9,1,0,0.579,0.700,0.5,false,6.25,1.000,1.000,js8call
js8call,snr20,316,0.0074,5,48.7,46.9,1,0,0.579,0.700,0.5,false,6.25,1.000,1.000,js8call
js8call,snr20,246,0.0121,4,48.0,52.7,1,0,0.579,0.700,0.5,false,6.25,1.000,1.000,js8call
js8call,snr20,292,0.0083,6,48.7,46.9,1,0,0.579,0.700,0.5,false,6.25,1.000,1.000,js8call
js8call,snr20,281,0.0109,5,47.8,46.9,1,0,0.579,0.700,0.5,false,6.25,1.000,1.000,js8call
js8call,snr20,257,0.0106,4,48.3,46.9,1,0,0.580,0.700,0.5,false,6.25,1.000,1.000,js8call
js8call,snr20,275,0.0106,5,48.0,46.9,1,0,0.579,0.700,0.5,false,6.25,1.000,1.000,js8call
js8call,snr20,269,0.0119,5,47.8,46.9,1,0,0.579,0.700,0.5,false,6.25,1.000,1.000,js8call
js8call,snr20,275,0.0094,5,48.7,46.9,1,0,0.579,0.700,0.5,false,6.25,1.000,1.000,js8call
js8call,snr20,281,0.0089,4,48.7,46.9,0,0,0.579,0.700,0.5,false,6.25,1.000,1.000,js8call
js8call,snr20,281,0.0103,5,48.0,46.9,1,0,0.579,0.700,0.5,false,6.25,1.000,1.000,js8call
js8call,snr20,281,0.0109,7,47.9,46.9,1,0,0.579,0.700,0.5,false,6.25,1.000,1.000,js8call
js8call,snr20,281,0.0090,3,48.4,46.9,1,0,0.579,0.700,0.5,false,6.25,1.000,1.000,js8call
js8call,snr20,263,0.0105,6,48.5,46.9,1,0,0.579,0.700,0.5,false,6.25,1.000,1.000,js8call
js8call,snr20,269,0.0119,4,47.9,46.9,1,0,0.579,0.700,0.5,false,6.25,1.000,1.000,js8call
js8call,snr20,263,0.0106,5,48.3,46.9,1,0,0.579,0.700,0.5,false,6.25,1.000,1.000,js8call
js8call,snr20,287,0.0088,6,48.0,52.7,0,0,0.579,0.700,0.5,false,6.25,1.000,1.000,js8call
js8call,snr20,298,0.0090,5,48.0,46.9,1,0,0.579,0.700,0.5,false,6.25,1.000,1.000,js8call
js8call,snr20,269,0.0098,3,48.6,46.9,0,0,0.580,0.700,0.5,false,6.25,1.000,1.000,js8call
js8call,snr15,164,0.0298,2,43.7,46.9,0,0,0.524,0.700,0.5,false,6.25,1.000,1.000,js8call
js8call,snr15,181,0.0288,2,43.3,46.9,0,0,0.524,0.700,0.5,false,6.25,1.000,1.000,js8call
js8call,snr15,169,0.0287,3,43.3,52.7,0,0,0.523,0.700,0.5,false,6.25,1.000,1.000,js8call
js8call,snr15,175,0.0283,3,43.3,46.9,0,0,0.524,0.700,0.5,false,6.25,1.000,1.000,js8call
js8call,snr15,169,0.0278,2,44.0,46.9,0,0,0.524,0.700,0.5,false,6.25,1.000,1.000,js8call
js8call,snr15,181,0.0250,2,43.3,52.7,0,0,0.523,0.700,0.5,false,6.25,1.000,1.000,js8call
js8call,snr15,181,0.0297,4,43.2,46.9,0,0,0.525,0.700,0.5,false,6.25,1.000,1.000,js8call
js8call,snr15,199,0.0237,2,43.3,46.9,0,0,0.524,0.700,0.5,false,6.25,1.000,1.000,js8call
js8call,snr15,169,0.0344,1,43.3,46.9,0,0,0.524,0.700,0.5,false,6.25,1.000,1.000,js8call
js8call,snr15,175,0.0324,3,43.1,46.9,0,0,0.524,0.700,0.5,false,6.25,1.000,1.000,js8call
js8call,snr15,164,0.0304,4,43.4,52.7,0,0,0.524,0.700,0.5,false,6.25,1.000,1.000,js8call
js8call,snr15,164,0.0367,2,43.3,46.9,0,0,0.523,0.700,0.5,false,6.25,1.000,1.000,js8call
js8call,snr15,175,0.0260,4,43.5,52.7,0,0,0.523,0.700,0.5,false,6.25,1.000,1.000,js8call
js8call,snr15,187,0.0276,2,43.3,46.9,0,0,0.525,0.700,0.5,false,6.25,1.000,1.000,js8call
js8call,snr15,181,0.0270,4,43.3,46.9,0,0,0.523,0.700,0.5,false,6.25,1.000,1.000,js8call
js8call,snr15,181,0.0234,5,43.7,46.9,0,0,0.524,0.700,0.5,false,6.25,1.000,1.000,js8call
js8call,snr15,164,0.0292,3,44.1,46.9,0,0,0.523,0.700,0.5,false,6.25,1.000,1.000,js8call
js8call,snr15,169,0.0281,2,43.6,46.9,0,0,0.523,0.700,0.5,false,6.25,1.000,1.000,js8call
js8call,snr15,175,0.0318,6,43.2,46.9,0,0,0.524,0.700,0.5,false,6.25,1.000,1.000,js8call
js8call,snr15,181,0.0247,2,43.8,46.9,0,0,0.524,0.700,0.5,false,6.25,1.000,1.000,js8call
js8call,snr15,181,0.0300,2,43.2,46.9,0,0,0.523,0.700,0.5,false,6.25,1.000,1.000,js8call
js8call,snr15,187,0.0231,2,43.9,46.9,0,0,0.524,0.700,0.5,false,6.25,1.000,1.000,js8call
js8call,snr15,152,0.0344,3,43.4,46.9,0,0,0.523,0.700,0.5,false,6.25,1.000,1.000,js8call
js8call,snr15,175,0.0251,3,43.9,46.9,0,0,0.523,0.700,0.5,false,6.25,1.000,1.000,js8call
js8call,snr15,175,0.0259,2,44.1,46.9,0,0,0.524,0.700,0.5,false,6.25,1.000,1.000,js8call
js8call,snr15,175,0.0261,2,43.7,46.9,0,0,0.524,0.700,0.5,false,6.25,1.000,1.000,js8call
js8call,snr15,187,0.0272,2,43.1,46.9,0,0,0.523,0.700,0.5,false,6.25,1.000,1.000,js8call
js8call,snr15,175,0.0260,2,44.0,46.9,0,0,0.524,0.700,0.5,false,6.25,1.000,1.000,js8call
js8call,snr15,164,0.0310,3,43.3,46.9,0,0,0.523,0.700,0.5,false,6.25,1.000,1.000,js8call
js8call,snr15,181,0.0298,2,43.2,46.9,0,0,0.523,0.700,0.5,false,6.25,1.000,1.000,js8call
js8call,snr10,105,0.0966,3,39.1,46.9,0,0,0.433,0.700,0.5,false,6.25,1.000,1.000,js8call
js8call,snr10,128,0.0605,4,39.2,46.9,0,0,0.431,0.700,0.5,false,6.25,1.000,1.000,js8call
js8call,snr10,123,0.0822,2,38.8,46.9,0,0,0.432,0.700,0.5,false,6.25,1.000,1.000,js8call
js8call,snr10,117,0.0721,2,39.1,46.9,0,0,0.432,0.700,0.5,false,6.25,1.000,1.000,js8call
js8call,snr10,117,0.0770,3,38.9,46.9,0,0,0.432,0.700,0.5,false,6.25,1.000,1.000,js8call
js8call,snr10,117,0.0773,2,38.7,52.7,0,0,0.431,0.700,0.5,false,6.25,1.000,1.000,js8call
js8call,snr10,111,0.0862,4,38.6,52.7,0,0,0.432,0.700,0.5,false,6.25,1.000,1.000,js8call
js8call,snr10,128,0.0764,1,38.5,46.9,0,0,0.430,0.700,0.5,false,6.25,1.000,1.000,js8call
js8call,snr10,117,0.0748,3,39.0,46.9,0,0,0.430,0.700,0.5,false,6.25,1.000,1.000,js8call
js8call,snr10,117,0.0901,1,38.3,46.9,0,0,0.430,0.700,0.5,false,6.25,1.000,1.000,js8call
js8call,snr10,111,0.1055,1,38.4,46.9,0,0,0.432,0.700,0.5,false,6.25,1.000,1.000,js8call
js8call,snr10,111,0.0836,2,39.1,46.9,0,0,0.430,0.700,0.5,false,6.25,1.000,1.000,js8call
js8call,snr10,99,0.1137,2,39.0,46.9,0,0,0.431,0.700,0.5,false,6.25,1.000,1.000,js8call
js8call,snr10,128,0.0721,4,38.5,46.9,0,0,0.432,0.700,0.5,false,6.25,1.000,1.000,js8call
js8call,snr10,123,0.0672,1,38.7,46.9,0,0,0.431,0.700,0.5,false,6.25,1.000,1.000,js8call
js8call,snr10,117,0.0823,4,38.6,46.9,0,0,0.431,0.700,0.5,false,6.25,1.000,1.000,js8call
js8call,snr10,123,0.0752,2,38.6,46.9,0,0,0.432,0.700,0.5,false,6.25,1.000,1.000,js8call
js8call,snr10,117,0.0928,3,38.5,46.9,0,0,0.432,0.700,0.5,false,6.25,1.000,1.000,js8call
js8call,snr10,117,0.0963,2,38.4,46.9,0,0,0.431,0.700,0.5,false,6.25,1.000,1.000,js8call
js8call,snr10,105,0.0997,3,39.0,46.9,0,0,0.431,0.700,0.5,false,6.25,1.000,1.000,js8call
js8call,snr10,123,0.0675,1,38.9,46.9,0,0,0.432,0.700,0.5,false,6.25,1.000,1.000,js8call
js8call,snr10,111,0.0912,5,38.6,52.7,0,0,0.432,0.700,0.5,false,6.25,1.000,1.000,js8call
js8call,snr10,123,0.0815,2,38.4,46.9,0,0,0.430,0.700,0.5,false,6.25,1.000,1.000,js8call
js8call,snr10,117,0.0934,3,38.4,46.9,0,0,0.432,0.700,0.5,false,6.25,1.000,1.000,js8call
js8call,snr10,123,0.0845,2,38.5,46.9,0,0,0.432,0.700,0.5,false,6.25,1.000,1.000,js8call
js8call,snr10,123,0.0824,2,38.6,46.9,0,0,0.431,0.700,0.5,false,6.25,1.000,1.000,js8call
js8call,snr10,111,0.0848,2,39.3,46.9,0,0,0.432,0.700,0.5,false,6.25,1.000,1.000,js8call
js8call,snr10,117,0.0955,3,38.5,46.9,0,0,0.431,0.700,0.5,false,6.25,1.000,1.000,js8call
js8call,snr10,111,0.0910,4,38.5,46.9,0,0,0.432,0.700,0.5,false,6.25,1.000,1.000,js8call
js8call,snr10,117,0.0940,2,38.3,46.9,0,0,0.432,0.700,0.5,false,6.25,1.000,1.000,js8call
js8call,snr5,87,0.2065,1,33.3,46.9,0,0,0.291,0.700,0.5,false,6.25,1.000,1.000,js8call
js8call,snr5,82,0.2147,3,33.8,46.9,0,0,0.290,0.700,0.5,false,6.25,1.000,1.000,js8call
js8call,snr5,87,0.1982,2,33.5,46.9,0,0,0.290,0.700,0.5,false,6.25,1.000,1.000,js8call
js8call,snr5,87,0.2153,3,33.4,46.9,0,0,0.287,0.700,0.5,false,6.25,1.000,1.000,js8call
js8call,snr5,76,0.2521,1,34.1,46.9,0,0,0.289,0.700,0.5,false,6.25,1.000,1.000,js8call
js8call,snr5,87,0.2293,1,33.5,46.9,0,0,0.288,0.700,0.5,false,6.25,1.000,1.000,js8call
js8call,snr5,76,0.2502,2,33.8,46.9,0,0,0.289,0.700,0.5,false,6.25,1.000,1.000,js8call
js8call,snr5,76,0.2513,1,34.2,46.9,0,0,0.292,0.700,0.5,false,6.25,1.000,1.000,js8call
js8call,snr5,76,0.2591,2,34.1,46.9,0,0,0.289,0.700,0.5,false,6.25,1.000,1.000,js8call
js8call,snr5,82,0.2219,2,33.5,52.7,0,0,0.286,0.700,0.5,false,6.25,1.000,1.000,js8call
js8call,snr5,82,0.2129,1,33.7,46.9,0,0,0.289,0.700,0.5,false,6.25,1.000,1.000,js8call
js8call,snr5,76,0.2505,2,34.1,46.9,0,0,0.287,0.700,0.5,false,6.25,1.000,1.000,js8call
js8call,snr5,82,0.2252,2,33.5,52.7,0,0,0.289,0.700,0.5,false,6.25,1.000,1.000,js8call
js8call,snr5,93,0.1811,3,33.5,46.9,0,0,0.293,0.700,0.5,false,6.25,1.000,1.000,js8call
js8call,snr5,82,0.2173,3,33.7,46.9,0,0,0.288,0.700,0.5,false,6.25,1.000,1.000,js8call
js8call,snr5,87,0.1677,2,33.8,46.9,0,0,0.291,0.700,0.5,false,6.25,1.000,1.000,js8call
js8call,snr5,82,0.2231,2,33.6,52.7,0,0,0.291,0.700,0.5,false,6.25,1.000,1.000,js8call
js8call,snr5,87,0.1836,1,33.5,52.7,0,0,0.289,0.700,0.5,false,6.25,1.000,1.000,js8call
js8call,snr5,82,0.2326,1,33.5,46.9,0,0,0.291,0.700,0.5,false,6.25,1.000,1.000,js8call
js8call,snr5,82,0.2141,2,33.9,46.9,0,0,0.289,0.700,0.5,false,6.25,1.000,1.000,js8call
js8call,snr5,82,0.2655,2,33.7,46.9,0,0,0.290,0.700,0.5,false,6.25,1.000,1.000,js8call
js8call,snr5,82,0.2027,2,33.9,46.9,0,0,0.289,0.700,0.5,false,6.25,1.000,1.000,js8call
js8call,snr5,82,0.2511,2,33.2,46.9,0,0,0.288,0.700,0.5,false,6.25,1.000,1.000,js8call
js8call,snr5,82,0.2645,2,33.5,46.9,0,0,0.289,0.700,0.5,false,6.25,1.000,1.000,js8call
js8call,snr5,76,0.2513,2,33.6,46.9,0,0,0.291,0.700,0.5,false,6.25,1.000,1.000,js8call
js8call,snr5,87,0.2234,1,33.5,46.9,0,0,0.290,0.700,0.5,false,6.25,1.000,1.000,js8call
js8call,snr5,82,0.2270,2,33.5,52.7,0,0,0.290,0.700,0.5,false,6.25,1.000,1.000,js8call
js8call,snr5,82,0.2196,3,33.4,46.9,0,0,0.288,0.700,0.5,false,6.25,1.000,1.000,js8call
js8call,snr5,76,0.2407,2,33.6,46.9,0,0,0.289,0.700,0.5,false,6.25,1.000,1.000,js8call
js8call,snr5,82,0.2288,1,33.3,46.9,0,0,0.286,0.700,0.5,false,6.25,1.000,1.000,js8call
js8call,snr3,76,0.3373,1,31.4,46.9,0,0,0.220,0.700,0.5,false,6.25,1.000,1.000,js8call
js8call,snr3,70,0.3474,1,31.4,52.7,0,0,0.220,0.700,0.5,false,6.25,1.000,1.000,js8call
js8call,snr3,70,0.3289,1,31.9,46.9,0,0,0.220,0.700,0.5,false,6.25,1.000,1.000,js8call
js8call,snr3,64,0.4255,3,31.3,52.7,0,0,0.220,0.700,0.5,false,6.25,1.000,1.000,js8call
js8call,snr3,70,0.3400,2,31.3,46.9,0,0,0.220,0.700,0.5,false,6.25,1.000,1.000,js8call
js8call,snr3,70,0.3460,1,31.3,52.7,0,0,0.219,0.700,0.5,false,6.25,1.000,1.000,js8call
js8call,snr3,70,0.3883,1,31.3,46.9,0,0,0.220,0.700,0.5,false,6.25,1.000,1.000,js8call
js8call,snr3,76,0.3341,1,31.2,46.9,0,0,0.220,0.700,0.5,false,6.25,1.000,1.000,js8call
js8call,snr3,76,0.2921,2,31.4,46.9,0,0,0.221,0.700,0.5,false,6.25,1.000,1.000,js8call
js8call,snr3,76,0.3364,1,31.5,46.9,0,0,0.220,0.700,0.5,false,6.25,1.000,1.000,js8call
js8call,snr3,76,0.2743,2,31.6,46.9,0,0,0.222,0.700,0.5,false,6.25,1.000,1.000,js8call
js8call,snr3,70,0.3247,1,31.8,46.9,0,0,0.220,0.700,0.5,false,6.25,1.000,1.000,js8call
js8call,snr3,76,0.2821,1,31.3,46.9,0,0,0.221,0.700,0.5,false,6.25,1.000,1.000,js8call
js8call,snr3,82,0.2760,2,31.4,46.9,0,0,0.220,0.700,0.5,false,6.25,1.000,1.000,js8call
js8call,snr3,76,0.2840,2,31.3,46.9,0,0,0.219,0.700,0.5,false,6.25,1.000,1.000,js8call
js8call,snr3,76,0.2606,2,31.7,46.9,0,0,0.222,0.700,0.5,false,6.25,1.000,1.000,js8call
js8call,snr3,70,0.3435,3,31.5,52.7,0,0,0.220,0.700,0.5,false,6.25,1.000,1.000,js8call
js8call,snr3,70,0.3494,1,31.5,46.9,0,0,0.223,0.700,0.5,false,6.25,1.000,1.000,js8call
js8call,snr3,70,0.3328,1,31.5,46.9,0,0,0.219,0.700,0.5,false,6.25,1.000,1.000,js8call
js8call,snr3,70,0.3212,1,31.9,46.9,0,0,0.221,0.700,0.5,false,6.25,1.000,1.000,js8call
js8call,snr3,76,0.3271,1,31.4,46.9,0,0,0.218,0.700,0.5,false,6.25,1.000,1.000,js8call
js8call,snr3,82,0.2599,2,31.2,46.9,0,0,0.221,0.700,0.5,false,6.25,1.000,1.000,js8call
js8call,snr3,70,0.3166,1,31.4,46.9,0,0,0.219,0.700,0.5,false,6.25,1.000,1.000,js8call
js8call,snr3,70,0.3235,1,31.7,46.9,0,0,0.222,0.700,0.5,false,6.25,1.000,1.000,js8call
js8call,snr3,76,0.3337,2,31.5,46.9,0,0,0.220,0.700,0.5,false,6.25,1.000,1.000,js8call
js8call,snr3,70,0.3833,3,31.4,46.9,0,0,0.219,0.700,0.5,false,6.25,1.000,1.000,js8call
js8call,snr3,70,0.3324,1,31.8,46.9,0,0,0.220,0.700,0.5,false,6.25,1.000,1.000,js8call
js8call,snr3,70,0.3147,1,31.5,46.9,0,0,0.220,0.700,0.5,false,6.25,1.000,1.000,js8call
js8call,snr3,70,0.3225,1,31.7,46.9,0,0,0.219,0.700,0.5,false,6.25,1.000,1.000,js8call
js8call,snr3,70,0.3322,1,31.5,52.7,0,0,0.222,0.700,0.5,false,6.25,1.000,1.000,js8call
js8call,snr0,64,0.4169,1,28.4,46.9,0,0,0.123,0.700,0.5,false,6.25,1.000,1.000,js8call
js8call,snr0,64,0.4646,1,28.3,52.7,0,0,0.123,0.700,0.5,false,6.25,1.000,1.000,js8call
js8call,snr0,58,0.5390,1,28.8,46.9,0,0,0.123,0.700,0.5,false,6.25,1.000,1.000,js8call
js8call,snr0,64,0.4144,1,28.4,46.9,0,0,0.126,0.700,0.5,false,6.25,1.000,1.000,js8call
js8call,snr0,58,0.5239,1,29.0,46.9,0,0,0.126,0.700,0.5,false,6.25,1.000,1.000,js8call
js8call,snr0,58,0.5732,2,28.2,52.7,0,0,0.126,0.700,0.5,false,6.25,1.000,1.000,js8call
js8call,snr0,58,0.5664,2,28.4,52.7,0,0,0.127,0.700,0.5,false,6.25,1.000,1.000,js8call
js8call,snr0,58,0.5334,2,28.4,46.9,0,0,0.124,0.700,0.5,false,6.25,1.000,1.000,js8call
js8call,snr0,58,0.5345,1,29.0,46.9,0,0,0.127,0.700,0.5,false,6.25,1.000,1.000,js8call
js8call,snr0,64,0.4493,1,28.3,46.9,0,0,0.127,0.700,0.5,false,6.25,1.000,1.000,js8call
js8call,snr0,70,0.4014,2,28.2,46.9,0,0,0.130,0.700,0.5,false,6.25,1.000,1.000,js8call
js8call,snr0,64,0.5181,1,28.3,46.9,0,0,0.126,0.700,0.5,false,6.25,1.000,1.000,js8call
js8call,snr0,58,0.5410,1,28.5,46.9,0,0,0.126,0.700,0.5,false,6.25,1.000,1.000,js8call
js8call,snr0,64,0.4828,1,28.1,46.9,0,0,0.125,0.700,0.5,false,6.25,1.000,1.000,js8call
js8call,snr0,64,0.4963,2,28.3,46.9,0,0,0.124,0.700,0.5,false,6.25,1.000,1.000,js8call
js8call,snr0,76,0.3494,2,28.2,46.9,0,0,0.124,0.700,0.5,false,6.25,1.000,1.000,js8call
js8call,snr0,64,0.4881,1,28.2,46.9,0,0,0.125,0.700,0.5,false,6.25,1.000,1.000,js8call
js8call,snr0,58,0.5632,2,28.2,52.7,0,0,0.126,0.700,0.5,false,6.25,1.000,1.000,js8call
js8call,snr0,58,0.5308,1,28.3,46.9,0,0,0.125,0.700,0.5,false,6.25,1.000,1.000,js8call
js8call,snr0,58,0.5345,1,28.6,46.9,0,0,0.125,0.700,0.5,false,6.25,1.000,1.000,js8call
js8call,snr0,58,0.5308,1,28.9,46.9,0,0,0.124,0.700,0.5,false,6.25,1.000,1.000,js8call
js8call,snr0,58,0.5568,2,28.2,52.7,0,0,0.124,0.700,0.5,false,6.25,1.000,1.000,js8call
js8call,snr0,64,0.4553,1,28.1,46.9,0,0,0.122,0.700,0.5,false,6.25,1.000,1.000,js8call
js8call,snr0,64,0.5234,1,28.2,46.9,0,0,0.127,0.700,0.5,false,6.25,1.000,1.000,js8call
js8call,snr0,58,0.5389,1,28.4,46.9,0,0,0.127,0.700,0.5,false,6.25,1.000,1.000,js8call
js8call,snr0,64,0.4502,1,28.3,46.9,0,0,0.124,0.700,0.5,false,6.25,1.000,1.000,js8call
js8call,snr0,58,0.5331,1,28.6,46.9,0,0,0.125,0.700,0.5,false,6.25,1.000,1.000,js8call
js8call,snr0,64,0.4474,1,28.4,52.7,0,0,0.128,0.700,0.5,false,6.25,1.000,1.000,js8call
js8call,snr0,64,0.4559,1,28.2,46.9,0,0,0.124,0.700,0.5,false,6.25,1.000,1.000,js8call
js8call,snr0,58,0.5332,1,28.5,46.9,0,0,0.123,0.700,0.5,false,6.25,1.000,1.000,js8call
js8call,snr-3,52,0.6923,1,25.8,46.9,0,0,0.058,0.700,0.5,false,6.25,1.000,1.000,js8call
js8call,snr-3,58,0.6344,1,25.0,46.9,0,0,0.061,0.700,0.5,false,6.25,1.000,1.000,js8call
js8call,snr-3,58,0.6314,2,24.9,46.9,0,0,0.059,0.700,0.5,false,6.25,1.000,1.000,js8call
js8call,snr-3,52,0.7590,1,25.0,46.9,0,0,0.059,0.700,0.5,false,6.25,1.000,1.000,js8call
js8call,snr-3,58,0.6223,1,24.9,46.9,0,0,0.060,0.695,1.5,false,6.25,1.000,1.000,js8call
js8call,snr-3,52,0.6969,1,25.2,46.9,0,0,0.059,0.695,1.5,false,6.25,1.000,1.000,js8call
js8call,snr-3,52,0.6963,1,25.8,46.9,0,0,0.061,0.700,0.5,false,6.25,1.000,1.000,js8call
js8call,snr-3,52,0.7428,1,25.1,46.9,0,0,0.060,0.700,0.5,false,6.25,1.000,1.000,js8call
js8call,snr-3,52,0.6958,1,25.5,46.9,0,0,0.061,0.700,0.5,false,6.25,1.000,1.000,js8call
js8call,snr-3,64,0.5442,1,24.9,46.9,0,0,0.059,0.700,0.5,false,6.25,1.000,1.000,js8call
js8call,snr-3,52,0.7508,2,24.9,52.7,0,0,0.057,0.700,0.5,false,6.25,1.000,1.000,js8call
js8call,snr-3,52,0.7444,1,25.2,46.9,0,0,0.060,0.700,0.5,false,6.25,1.000,1.000,js8call
js8call,snr-3,58,0.5608,1,25.3,46.9,0,0,0.059,0.695,1.5,false,6.25,1.000,1.000,js8call
js8call,snr-3,52,0.7436,2,24.9,52.7,0,0,0.060,0.700,0.5,false,6.25,1.000,1.000,js8call
js8call,snr-3,58,0.6329,2,24.9,46.9,0,0,0.061,0.700,0.5,false,6.25,1.000,1.000,js8call
js8call,snr-3,52,0.7355,2,25.0,52.7,0,0,0.062,0.700,0.5,false,6.25,1.000,1.000,js8call
js8call,snr-3,52,0.7058,1,25.2,46.9,0,0,0.059,0.700,0.5,false,6.25,1.000,1.000,js8call
js8call,snr-3,52,0.6978,1,25.2,46.9,0,0,0.060,0.700,0.5,false,6.25,1.000,1.000,js8call
js8call,snr-3,52,0.7041,1,25.4,46.9,0,0,0.059,0.700,0.5,false,6.25,1.000,1.000,js8call
js8call,snr-3,52,0.7405,2,25.1,52.7,0,0,0.058,0.690,2.5,false,6.25,1.000,1.000,js8call
js8call,snr-3,58,0.5917,1,25.0,52.7,0,0,0.059,0.700,0.5,false,6.25,1.000,1.000,js8call
js8call,snr-3,58,0.6255,2,24.9,46.9,0,0,0.059,0.700,0.5,false,6.25,1.000,1.000,js8call
js8call,snr-3,58,0.5631,1,25.4,46.9,0,0,0.060,0.700,0.5,false,6.25,1.000,1.000,js8call
js8call,snr-3,52,0.7493,1,25.1,46.9,0,0,0.058,0.700,0.5,false,6.25,1.000,1.000,js8call
js8call,snr-3,52,0.7013,1,25.6,46.9,0,0,0.059,0.700,0.5,false,6.25,1.000,1.000,js8call
js8call,snr-3,52,0.7065,1,25.6,46.9,0,0,0.061,0.695,1.5,false,6.25,1.000,1.000,js8call
js8call,snr-3,58,0.6531,2,24.9,46.9,0,0,0.060,0.700,0.5,false,6.25,1.000,1.000,js8call
js8call,snr-3,52,0.7474,1,25.0,46.9,0,0,0.060,0.690,2.5,false,6.25,1.000,1.000,js8call
js8call,snr-3,52,0.6904,1,25.5,46.9,0,0,0.060,0.700,0.5,false,6.25,1.000,1.000,js8call
js8call,snr-3,52,0.7450,2,25.0,52.7,0,0,0.058,0.695,1.5,false,6.25,1.000,1.000,js8call
js8call,itu-good,169,0.0534,3,38.9,35.2,0,0,0.639,0.505,1.5,false,6.25,1.000,1.000,ft8
js8call,itu-good,193,0.0477,3,39.9,23.4,0,0,0.636,0.495,2.5,false,6.25,1.000,1.000,ft8
js8call,itu-good,169,0.0578,3,38.8,35.2,0,0,0.636,0.485,2.5,false,6.25,1.000,1.000,ft8
js8call,itu-good,164,0.0606,5,39.9,23.4,0,0,0.638,0.490,2.5,false,6.25,1.000,1.000,ft8
js8call,itu-good,187,0.0466,4,39.0,23.4,0,0,0.639,0.495,1.5,false,6.25,1.000,1.000,ft8
js8call,itu-good,169,0.0587,3,39.8,23.4,0,0,0.639,0.495,1.5,false,6.25,1.000,1.000,ft8
js8call,itu-good,158,0.0601,2,38.6,29.3,0,0,0.639,0.505,1.5,false,6.25,1.000,1.000,ft8
js8call,itu-good,164,0.0635,3,39.7,23.4,0,0,0.637,0.475,1.5,false,6.25,1.000,1.000,ft8
js8call,itu-good,199,0.0428,5,40.0,23.4,0,0,0.638,0.495,1.5,false,6.25,1.000,1.000,ft8
js8call,itu-good,169,0.0532,2,38.9,23.4,0,0,0.638,0.500,1.5,false,6.25,1.000,1.000,ft8
js8call,itu-good,169,0.0592,2,39.6,23.4,0,0,0.637,0.495,2.5,false,6.25,1.000,1.000,ft8
js8call,itu-good,164,0.0637,4,38.8,35.2,0,0,0.637,0.480,2.5,false,6.25,1.000,1.000,ft8
js8call,itu-good,175,0.0506,3,39.1,23.4,0,0,0.637,0.485,2.5,false,6.25,1.000,1.000,ft8
js8call,itu-good,187,0.0458,3,40.1,23.4,0,0,0.636,0.495,2.5,false,6.25,1.000,1.000,ft8
js8call,itu-good,169,0.0503,3,38.8,23.4,0,0,0.636,0.500,1.5,false,6.25,1.000,1.000,ft8
js8call,itu-good,169,0.0523,3,40.1,23.4,0,0,0.638,0.500,2.5,false,6.25,1.000,1.000,ft8
js8call,itu-good,169,0.0605,4,39.0,35.2,0,0,0.635,0.475,1.5,false,6.25,1.000,1.000,ft8
js8call,itu-good,187,0.0491,3,39.0,29.3,0,0,0.638,0.500,1.5,false,6.25,1.000,1.000,ft8
js8call,itu-good,169,0.0555,4,38.9,29.3,0,0,0.639,0.510,1.5,false,6.25,1.000,1.000,ft8
js8call,itu-good,169,0.0560,4,39.8,23.4,0,0,0.635,0.485,2.5,false,6.25,1.000,1.000,ft8
js8call,itu-good,187,0.0474,5,38.9,29.3,0,0,0.636,0.500,1.5,false,6.25,1.000,1.000,ft8
js8call,itu-good,187,0.0489,4,38.7,29.3,0,0,0.640,0.505,1.5,false,6.25,1.000,1.000,ft8
js8call,itu-good,169,0.0546,4,38.8,29.3,0,0,0.637,0.500,1.5,false,6.25,1.000,1.000,ft8
js8call,itu-good,181,0.0476,2,38.9,23.4,0,0,0.637,0.495,1.5,false,6.25,1.000,1.000,ft8
js8call,itu-good,187,0.0516,1,39.7,23.4,0,0,0.636,0.485,2.5,false,6.25,1.000,1.000,ft8
js8call,itu-good,164,0.0534,4,38.9,23.4,0,0,0.639,0.500,1.5,false,6.25,1.000,1.000,ft8
js8call,itu-good,193,0.0440,3,39.1,23.4,0,0,0.638,0.495,1.5,false,6.25,1.000,1.000,ft8
js8call,itu-good,181,0.0462,4,40.2,23.4,0,0,0.640,0.485,2.5,false,6.25,1.000,1.000,ft8
js8call,itu-good,169,0.0605,1,39.6,23.4,0,0,0.636,0.485,3.5,false,6.25,1.000,1.000,ft8
js8call,itu-good,193,0.0500,2,39.7,23.4,0,0,0.638,0.485,2.5,false,6.25,1.000,1.000,ft8
js8call,itu-moderate,117,0.1029,6,37.6,35.2,0,0,0.440,0.580,1.5,false,6.25,1.000,1.000,ft8
js8call,itu-moderate,105,0.1069,5,38.0,35.2,0,0,0.440,0.585,1.5,false,6.25,1.000,1.000,ft8
js8call,itu-moderate,128,0.0834,6,37.3,35.2,0,0,0.440,0.585,1.5,false,6.25,1.000,1.000,ft8
js8call,itu-moderate,111,0.0899,4,38.2,35.2,0,0,0.441,0.585,1.5,false,6.25,1.000,1.000,ft8
js8call,itu-moderate,117,0.0973,4,37.9,35.2,0,0,0.440,0.585,1.5,false,6.25,1.000,1.000,ft8
js8call,itu-moderate,105,0.0968,3,38.3,41.0,0,0,0.440,0.585,1.5,false,6.25,1.000,1.000,ft8
js8call,itu-moderate,105,0.0956,3,39.0,35.2,0,0,0.442,0.585,1.5,false,6.25,1.000,1.000,ft8
js8call,itu-moderate,111,0.1187,5,37.3,35.2,0,0,0.441,0.580,1.5,false,6.25,1.000,1.000,ft8
js8call,itu-moderate,105,0.0955,3,38.6,35.2,0,0,0.441,0.585,1.5,false,6.25,1.000,1.000,ft8
js8call,itu-moderate,111,0.1120,7,37.5,35.2,0,0,0.441,0.585,1.5,false,6.25,1.000,1.000,ft8
js8call,itu-moderate,99,0.1065,4,38.0,35.2,0,0,0.440,0.580,1.5,false,6.25,1.000,1.000,ft8
js8call,itu-moderate,111,0.0898,4,38.2,35.2,0,0,0.441,0.580,1.5,false,6.25,1.000,1.000,ft8
js8call,itu-moderate,105,0.1016,5,38.3,41.0,0,0,0.440,0.585,1.5,false,6.25,1.000,1.000,ft8
js8call,itu-moderate,117,0.0819,4,38.2,35.2,0,0,0.441,0.585,1.5,false,6.25,1.000,1.000,ft8
js8call,itu-moderate,111,0.0949,4,37.9,35.2,0,0,0.439,0.585,1.5,false,6.25,1.000,1.000,ft8
js8call,itu-moderate,117,0.1040,5,37.4,35.2,0,0,0.442,0.580,1.5,false,6.25,1.000,1.000,ft8
js8call,itu-moderate,117,0.0792,4,38.2,41.0,0,0,0.440,0.585,1.5,false,6.25,1.000,1.000,ft8
js8call,itu-moderate,111,0.0866,3,38.7,35.2,0,0,0.439,0.585,1.5,false,6.25,1.000,1.000,ft8
js8call,itu-moderate,123,0.0684,3,39.1,35.2,0,0,0.441,0.585,1.5,false,6.25,1.000,1.000,ft8
js8call,itu-moderate,117,0.0985,6,37.5,35.2,0,0,0.440,0.585,1.5,false,6.25,1.000,1.000,ft8
js8call,itu-moderate,117,0.0987,5,37.4,35.2,0,0,0.440,0.585,1.5,false,6.25,1.000,1.000,ft8
js8call,itu-moderate,111,0.0895,6,38.3,41.0,0,0,0.441,0.580,1.5,false,6.25,1.000,1.000,ft8
js8call,itu-moderate,99,0.1140,4,38.3,41.0,0,0,0.440,0.585,1.5,false,6.25,1.000,1.000,ft8
js8call,itu-moderate,111,0.1174,6,37.3,35.2,0,0,0.438,0.580,1.5,false,6.25,1.000,1.000,ft8
js8call,itu-moderate,111,0.0844,4,38.8,35.2,0,0,0.441,0.585,1.5,false,6.25,1.000,1.000,ft8
js8call,itu-moderate,111,0.0832,3,38.7,35.2,0,0,0.439,0.580,1.5,false,6.25,1.000,1.000,ft8
js8call,itu-moderate,99,0.1117,4,38.1,35.2,0,0,0.438,0.580,1.5,false,6.25,1.000,1.000,ft8
js8call,itu-moderate,105,0.1018,4,38.3,41.0,0,0,0.441,0.590,1.5,false,6.25,1.000,1.000,ft8
js8call,itu-moderate,105,0.0957,4,38.8,35.2,0,0,0.442,0.580,1.5,false,6.25,1.000,1.000,ft8
js8call,itu-moderate,111,0.0828,4,38.2,35.2,0,0,0.440,0.585,1.5,false,6.25,1.000,1.000,ft8
js8call,itu-poor,105,0.1201,5,38.2,46.9,0,0,0.395,0.700,0.5,false,6.25,1.000,1.000,js8call
js8call,itu-poor,111,0.0979,5,38.2,46.9,0,0,0.396,0.700,0.5,false,6.25,1.000,1.000,js8call
js8call,itu-poor,105,0.1154,6,38.1,46.9,0,0,0.395,0.700,0.5,false,6.25,1.000,1.000,js8call
js8call,itu-poor,93,0.1334,5,38.1,52.7,0,0,0.395,0.700,0.5,false,6.25,1.000,1.000,js8call
js8call,itu-poor,93,0.1317,5,38.1,52.7,0,0,0.396,0.700,0.5,false,6.25,1.000,1.000,js8call
js8call,itu-poor,99,0.1218,5,38.2,46.9,0,0,0.394,0.700,0.5,false,6.25,1.000,1.000,js8call
js8call,itu-poor,99,0.1076,4,38.7,46.9,0,0,0.397,0.700,0.5,false,6.25,1.000,1.000,js8call
js8call,itu-poor,99,0.1425,5,38.2,46.9,0,0,0.398,0.700,0.5,false,6.25,1.000,1.000,js8call
js8call,itu-poor,105,0.0943,5,38.7,46.9,0,0,0.395,0.700,0.5,false,6.25,1.000,1.000,js8call
js8call,itu-poor,105,0.1149,5,38.1,46.9,0,0,0.396,0.700,0.5,false,6.25,1.000,1.000,js8call
js8call,itu-poor,93,0.1287,5,38.5,46.9,0,0,0.395,0.700,0.5,false,6.25,1.000,1.000,js8call
js8call,itu-poor,99,0.1338,6,38.0,46.9,0,0,0.396,0.700,0.5,false,6.25,1.000,1.000,js8call
js8call,itu-poor,99,0.1108,5,38.1,52.7,0,0,0.394,0.700,0.5,false,6.25,1.000,1.000,js8call
js8call,itu-poor,93,0.1440,5,38.1,46.9,0,0,0.396,0.700,0.5,false,6.25,1.000,1.000,js8call
js8call,itu-poor,93,0.1300,5,38.1,52.7,0,0,0.394,0.700,0.5,false,6.25,1.000,1.000,js8call
js8call,itu-poor,99,0.1092,5,38.6,46.9,0,0,0.396,0.700,0.5,false,6.25,1.000,1.000,js8call
js8call,itu-poor,99,0.1030,5,38.0,46.9,0,0,0.396,0.700,0.5,false,6.25,1.000,1.000,js8call
js8call,itu-poor,87,0.1518,5,37.9,46.9,0,0,0.395,0.700,0.5,false,6.25,1.000,1.000,js8call
js8call,itu-poor,117,0.0806,5,38.2,46.9,0,0,0.395,0.700,0.5,false,6.25,1.000,1.000,js8call
js8call,itu-poor,111,0.0911,5,38.1,46.9,0,0,0.396,0.700,0.5,false,6.25,1.000,1.000,js8call
js8call,itu-poor,99,0.1180,5,38.2,46.9,0,0,0.396,0.700,0.5,false,6.25,1.000,1.000,js8call
js8call,itu-poor,99,0.1217,5,38.1,46.9,0,0,0.396,0.700,0.5,false,6.25,1.000,1.000,js8call
js8call,itu-poor,117,0.0867,5,38.2,46.9,0,0,0.395,0.700,0.5,false,6.25,1.000,1.000,js8call
js8call,itu-poor,105,0.1184,5,38.1,46.9,0,0,0.396,0.700,0.5,false,6.25,1.000,1.000,js8call
js8call,itu-poor,93,0.1219,5,38.1,46.9,0,0,0.395,0.700,0.5,false,6.25,1.000,1.000,js8call
js8call,itu-poor,93,0.1323,5,38.2,52.7,0,0,0.396,0.700,0.5,false,6.25,1.000,1.000,js8call
js8call,itu-poor,105,0.1186,5,38.2,46.9,0,0,0.397,0.700,0.5,false,6.25,1.000,1.000,js8call
js8call,itu-poor,93,0.1282,5,38.0,46.9,0,0,0.394,0.700,0.5,false,6.25,1.000,1.000,js8call
js8call,itu-poor,99,0.1100,5,38.2,52.7,0,0,0.396,0.700,0.5,false,6.25,1.000,1.000,js8call
js8call,itu-poor,99,0.1192,5,38.1,46.9,0,0,0.396,0.700,0.5,false,6.25,1.000,1.000,js8call
ft8,clean-1000Hz,1558,0.0000,1,87.6,35.2,9,0,0.013,0.540,60.0,false,6.25,1.000,1.000,ft8
ft8,clean-1000Hz,1558,0.0000,2,87.0,29.3,9,0,0.013,0.625,49.0,false,6.25,1.000,1.000,ft8
ft8,clean-1000Hz,1558,0.0000,1,87.8,46.9,9,0,0.013,0.540,58.5,false,6.25,1.000,1.000,ft8
ft8,clean-1000Hz,1558,0.0000,2,86.5,46.9,9,0,0.013,0.550,50.5,false,6.25,1.000,1.000,ft8
ft8,clean-1000Hz,1558,0.0000,2,85.9,46.9,9,0,0.013,0.570,52.0,false,6.25,1.000,1.000,ft8
ft8,clean-1000Hz,1558,0.0000,1,89.5,29.3,9,0,0.013,0.540,63.5,false,6.25,1.000,1.000,ft8
ft8,clean-1000Hz,1558,0.0000,1,86.8,46.9,9,0,0.013,0.550,58.0,false,6.25,1.000,1.000,ft8
ft8,clean-1000Hz,1558,0.0000,2,88.2,58.6,9,0,0.013,0.615,45.5,false,6.25,1.000,1.000,ft8
ft8,clean-1000Hz,1558,0.0000,1,86.6,46.9,9,0,0.013,0.530,55.5,false,6.25,1.000,1.000,ft8
ft8,clean-1000Hz,1558,0.0000,2,89.9,23.4,9,0,0.013,0.550,58.0,false,6.25,1.000,1.000,ft8
ft8,clean-1000Hz,1558,0.0000,2,85.5,46.9,9,0,0.013,0.585,53.0,false,6.25,1.000,1.000,ft8
ft8,clean-1000Hz,1558,0.0000,2,86.9,46.9,9,0,0.013,0.560,57.5,false,6.25,1.000,1.000,ft8
ft8,clean-1000Hz,1558,0.0000,1,89.1,29.3,9,0,0.013,0.620,48.5,false,6.25,1.000,1.000,ft8
ft8,clean-1000Hz,1558,0.0000,1,86.5,41.0,9,0,0.013,0.570,51.5,false,6.25,1.000,1.000,ft8
ft8,clean-1000Hz,1558,0.0000,2,89.4,17.6,9,0,0.013,0.540,58.5,false,6.25,1.000,1.000,ft8
ft8,clean-1000Hz,1558,0.0000,2,85.2,52.7,9,0,0.013,0.570,49.0,false,6.25,1.000,1.000,ft8
ft8,clean-1000Hz,1558,0.0000,2,84.8,23.4,9,0,0.013,0.610,42.0,false,6.25,1.000,1.000,ft8
ft8,clean-1000Hz,1558,0.0000,1,86.1,41.0,9,0,0.013,0.590,44.5,false,6.25,1.000,1.000,ft8
ft8,clean-1000Hz,1558,0.0000,2,86.4,52.7,9,0,0.013,0.540,52.5,false,6.25,1.000,1.000,ft8
ft8,clean-1000Hz,1558,0.0000,2,87.3,29.3,9,0,0.013,0.615,45.5,false,6.25,1.000,1.000,ft8
ft8,clean-1000Hz,1558,0.0000,1,90.2,29.3,9,0,0.013,0.540,64.5,false,6.25,1.000,1.000,ft8
ft8,clean-1000Hz,1558,0.0000,2,87.8,46.9,9,0,0.013,0.550,54.5,false,6.25,1.000,1.000,ft8
ft8,clean-1000Hz,1558,0.0000,2,87.1,52.7,9,0,0.013,0.620,51.5,false,6.25,1.000,1.000,ft8
ft8,clean-1000Hz,1558,0.0000,2,88.0,52.7,9,0,0.013,0.620,50.0,false,6.25,1.000,1.000,ft8
ft8,clean-1000Hz,1558,0.0000,1,87.5,23.4,9,0,0.013,0.575,52.5,false,6.25,1.000,1.000,ft8
ft8,clean-1000Hz,1558,0.0000,2,86.6,29.3,9,0,0.013,0.630,40.5,false,6.25,1.000,1.000,ft8
ft8,clean-1000Hz,1558,0.0000,2,88.8,23.4,9,0,0.013,0.535,56.5,false,6.25,1.000,1.000,ft8
ft8,clean-1000Hz,1558,0.0000,2,86.7,35.2,9,0,0.013,0.590,51.5,false,6.25,1.000,1.000,ft8
ft8,clean-1000Hz,1558,0.0000,2,86.9,46.9,9,0,0.013,0.580,51.0,false,6.25,1.000,1.000,ft8
ft8,clean-1000Hz,1558,0.0000,2,85.1,52.7,9,0,0.013,0.590,49.5,false,6.25,1.000,1.000,ft8
ft8,clean-1500Hz,1265,0.0000,2,84.5,29.3,9,0,0.013,0.540,49.5,false,6.25,1.000,1.000,ft8
ft8,clean-1500Hz,1265,0.0000,2,83.5,23.4,9,0,0.013,0.600,41.5,false,6.25,1.000,1.000,ft8
ft8,clean-1500Hz,1265,0.0000,2,83.4,46.9,9,0,0.013,0.570,51.5,false,6.25,1.000,1.000,ft8
ft8,clean-1500Hz,1271,0.0000,1,84.4,46.9,9,0,0.013,0.550,54.0,false,6.25,1.000,1.000,ft8
ft8,clean-1500Hz,1271,0.0000,1,86.5,41.0,9,0,0.013,0.560,57.5,false,6.25,1.000,1.000,ft8
ft8,clean-1500Hz,1265,0.0000,2,83.6,46.9,9,0,0.013,0.555,49.5,false,6.25,1.000,1.000,ft8
ft8,clean-1500Hz,1265,0.0000,2,84.6,23.4,9,0,0.013,0.520,50.5,false,6.25,1.000,1.000,ft8
ft8,clean-1500Hz,1265,0.0000,1,84.6,41.0,9,0,0.013,0.545,56.0,false,6.25,1.000,1.000,ft8
ft8,clean-1500Hz,1265,0.0000,1,84.7,52.7,9,0,0.013,0.580,51.0,false,6.25,1.000,1.000,ft8
ft8,clean-1500Hz,1271,0.0000,2,84.9,23.4,9,0,0.013,0.570,57.5,false,6.25,1.000,1.000,ft8
ft8,clean-1500Hz,1271,0.0000,1,83.0,46.9,9,0,0.013,0.545,53.0,false,6.25,1.000,1.000,ft8
ft8,clean-1500Hz,1265,0.0000,2,82.4,46.9,9,0,0.013,0.560,53.5,false,6.25,1.000,1.000,ft8
ft8,clean-1500Hz,1265,0.0000,2,86.0,23.4,9,0,0.013,0.540,55.5,false,6.25,1.000,1.000,ft8
ft8,clean-1500Hz,1271,0.0000,2,87.4,17.6,9,0,0.013,0.590,44.5,false,6.25,1.000,1.000,ft8
ft8,clean-1500Hz,1271,0.0000,2,84.3,29.3,9,0,0.013,0.560,44.5,false,6.25,1.000,1.000,ft8
ft8,clean-1500Hz,1265,0.0000,2,83.0,46.9,9,0,0.013,0.545,49.0,false,6.25,1.000,1.000,ft8
ft8,clean-1500Hz,1265,0.0000,2,82.6,29.3,9,0,0.013,0.575,45.5,false,6.25,1.000,1.000,ft8
ft8,clean-1500Hz,1265,0.0000,1,84.1,46.9,9,0,0.013,0.560,55.5,false,6.25,1.000,1.000,ft8
ft8,clean-1500Hz,1271,0.0000,1,85.5,41.0,9,0,0.013,0.560,55.5,false,6.25,1.000,1.000,ft8
ft8,clean-1500Hz,1265,0.0000,1,85.2,41.0,9,0,0.013,0.520,55.0,false,6.25,1.000,1.000,ft8
ft8,clean-1500Hz,1265,0.0000,1,84.8,41.0,9,0,0.012,0.540,57.5,false,6.25,1.000,1.000,ft8
ft8,clean-1500Hz,1265,0.0000,1,86.1,29.3,9,0,0.013,0.550,62.5,false,6.25,1.000,1.000,ft8
ft8,clean-1500Hz,1265,0.0000,1,86.2,29.3,9,0,0.013,0.550,58.5,false,6.25,1.000,1.000,ft8
ft8,clean-1500Hz,1271,0.0000,2,82.9,46.9,9,0,0.013,0.615,48.5,false,6.25,1.000,1.000,ft8
ft8,clean-1500Hz,1271,0.0000,2,85.6,46.9,9,0,0.013,0.580,51.0,false,6.25,1.000,1.000,ft8
ft8,clean-1500Hz,1265,0.0000,1,83.9,46.9,9,0,0.013,0.540,56.0,false,6.25,1.000,1.000,ft8
ft8,clean-1500Hz,1265,0.0000,1,85.9,35.2,9,0,0.013,0.570,59.0,false,6.25,1.000,1.000,ft8
ft8,clean-1500Hz,1265,0.0000,2,82.5,52.7,9,0,0.013,0.570,51.0,false,6.25,1.000,1.000,ft8
ft8,clean-1500Hz,1271,0.0000,2,83.2,46.9,9,0,0.013,0.520,53.5,false,6.25,1.000,1.000,ft8
ft8,clean-1500Hz,1271,0.0000,2,86.3,23.4,9,0,0.013,0.550,58.5,false,6.25,1.000,1.000,ft8
ft8,clean-2000Hz,1300,0.0000,1,86.6,46.9,9,0,0.012,0.575,53.5,false,6.25,1.000,1.000,ft8
ft8,clean-2000Hz,1294,0.0000,2,86.9,23.4,9,0,0.012,0.540,47.5,false,6.25,1.000,1.000,ft8
ft8,clean-2000Hz,1300,0.0000,2,84.9,17.6,9,0,0.012,0.520,49.5,false,6.25,1.000,1.000,ft8
ft8,clean-2000Hz,1294,0.0000,1,87.5,35.2,9,0,0.012,0.510,57.5,false,6.25,1.000,1.000,ft8
ft8,clean-2000Hz,1300,0.0000,2,84.8,46.9,9,0,0.012,0.525,50.5,false,6.25,1.000,1.000,ft8
ft8,clean-2000Hz,1294,0.0000,1,84.7,46.9,9,0,0.012,0.510,52.0,false,6.25,1.000,1.000,ft8
ft8,clean-2000Hz,1294,0.0000,1,86.7,41.0,9,0,0.012,0.560,58.5,false,6.25,1.000,1.000,ft8
ft8,clean-2000Hz,1294,0.0000,2,84.9,41.0,9,0,0.012,0.470,49.5,false,6.25,1.000,1.000,ft8
ft8,clean-2000Hz,1300,0.0000,1,87.2,23.4,9,0,0.012,0.510,55.5,false,6.25,1.000,1.000,ft8
ft8,clean-2000Hz,1294,0.0000,1,81.4,52.7,9,0,0.012,0.535,46.5,false,6.25,1.000,1.000,ft8
ft8,clean-2000Hz,1294,0.0000,1,85.5,46.9,9,0,0.012,0.550,52.0,false,6.25,1.000,1.000,ft8
ft8,clean-2000Hz,1300,0.0000,2,82.3,29.3,9,0,0.012,0.570,39.5,false,6.25,1.000,1.000,ft8
ft8,clean-2000Hz,1300,0.0000,2,84.9,29.3,9,0,0.012,0.580,44.0,false,6.25,1.000,1.000,ft8
ft8,clean-2000Hz,1300,0.0000,1,87.7,35.2,9,0,0.012,0.490,62.0,false,6.25,1.000,1.000,ft8
ft8,clean-2000Hz,1300,0.0000,2,84.4,17.6,9,0,0.012,0.570,39.5,false,6.25,1.000,1.000,ft8
ft8,clean-2000Hz,1300,0.0000,1,88.3,29.3,9,0,0.012,0.570,54.0,false,6.25,1.000,1.000,ft8
ft8,clean-2000Hz,1300,0.0000,2,82.8,58.6,9,0,0.012,0.555,36.5,false,6.25,1.000,1.000,ft8
ft8,clean-2000Hz,1300,0.0000,2,83.7,46.9,9,0,0.012,0.510,51.5,false,6.25,1.000,1.000,ft8
ft8,clean-2000Hz,1300,0.0000,2,87.2,17.6,9,0,0.012,0.565,45.5,false,6.25,1.000,1.000,ft8
ft8,clean-2000Hz,1294,0.0000,2,87.8,17.6,9,0,0.012,0.565,48.5,false,6.25,1.000,1.000,ft8
ft8,clean-2000Hz,1300,0.0000,2,83.7,52.7,9,0,0.012,0.585,48.5,false,6.25,1.000,1.000,ft8
ft8,clean-2000Hz,1294,0.0000,2,85.2,52.7,9,0,0.012,0.605,53.5,false,6.25,1.000,1.000,ft8
ft8,clean-2000Hz,1294,0.0000,2,85.9,41.0,9,0,0.012,0.590,46.5,false,6.25,1.000,1.000,ft8
ft8,clean-2000Hz,1300,0.0000,2,87.2,41.0,9,0,0.012,0.540,48.5,false,6.25,1.000,1.000,ft8
ft8,clean-2000Hz,1300,0.0000,2,84.1,17.6,9,0,0.012,0.550,47.5,false,6.25,1.000,1.000,ft8
ft8,clean-2000Hz,1294,0.0000,2,82.2,35.2,9,0,0.012,0.495,41.5,false,6.25,1.000,1.000,ft8
ft8,clean-2000Hz,1300,0.0000,2,84.3,17.6,9,0,0.012,0.625,35.0,false,6.25,1.000,1.000,ft8
ft8,clean-2000Hz,1294,0.0000,1,85.8,23.4,9,0,0.012,0.635,52.5,false,6.25,1.000,1.000,ft8
ft8,clean-2000Hz,1300,0.0000,2,84.9,52.7,9,0,0.012,0.580,49.0,false,6.25,1.000,1.000,ft8
ft8,clean-2000Hz,1294,0.0000,1,84.0,46.9,9,0,0.012,0.460,52.0,false,6.25,1.000,1.000,ft8
ft8,clean-2500Hz,1300,0.0000,1,86.2,41.0,9,0,0.012,0.570,48.0,false,6.25,1.000,1.000,ft8
ft8,clean-2500Hz,1306,0.0000,2,85.3,29.3,9,0,0.012,0.540,39.0,false,6.25,1.000,1.000,ft8
ft8,clean-2500Hz,1300,0.0000,2,86.7,23.4,9,0,0.012,0.610,55.5,false,6.25,1.000,1.000,ft8
ft8,clean-2500Hz,1306,0.0000,2,86.2,17.6,9,0,0.012,0.580,38.0,false,6.25,1.000,1.000,ft8
ft8,clean-2500Hz,1306,0.0000,2,84.7,29.3,9,0,0.012,0.550,48.5,false,6.25,1.000,1.000,ft8
ft8,clean-2500Hz,1306,0.0000,2,82.4,52.7,9,0,0.012,0.550,40.5,false,6.25,1.000,1.000,ft8
ft8,clean-2500Hz,1306,0.0000,2,83.4,17.6,9,0,0.012,0.620,39.5,false,6.25,1.000,1.000,ft8
ft8,clean-2500Hz,1300,0.0000,2,85.4,52.7,9,0,0.012,0.620,51.5,false,6.25,1.000,1.000,ft8
ft8,clean-2500Hz,1300,0.0000,2,84.1,29.3,9,0,0.012,0.515,42.5,false,6.25,1.000,1.000,ft8
ft8,clean-2500Hz,1306,0.0000,2,85.8,23.4,9,0,0.012,0.565,44.5,false,6.25,1.000,1.000,ft8
ft8,clean-2500Hz,1300,0.0000,1,88.1,23.4,9,0,0.012,0.585,57.5,false,6.25,1.000,1.000,ft8
ft8,clean-2500Hz,1306,0.0000,1,86.6,41.0,9,0,0.012,0.590,54.0,false,6.25,1.000,1.000,ft8
ft8,clean-2500Hz,1312,0.0000,1,85.6,35.2,9,0,0.012,0.550,48.5,false,6.25,1.000,1.000,ft8
ft8,clean-2500Hz,1300,0.0000,1,86.8,41.0,9,0,0.012,0.620,43.5,false,6.25,1.000,1.000,ft8
ft8,clean-2500Hz,1306,0.0000,1,85.4,41.0,9,0,0.012,0.520,51.5,false,6.25,1.000,1.000,ft8
ft8,clean-2500Hz,1300,0.0000,2,83.6,46.9,9,0,0.012,0.620,40.5,false,6.25,1.000,1.000,ft8
ft8,clean-2500Hz,1306,0.0000,1,85.3,41.0,9,0,0.012,0.510,45.5,false,6.25,1.000,1.000,ft8
ft8,clean-2500Hz,1306,0.0000,2,85.9,17.6,9,0,0.012,0.590,42.5,false,6.25,1.000,1.000,ft8
ft8,clean-2500Hz,1306,0.0000,1,89.0,23.4,9,0,0.012,0.620,63.5,false,6.25,1.000,1.000,ft8
ft8,clean-2500Hz,1306,0.0000,1,84.5,46.9,9,0,0.012,0.605,44.5,false,6.25,1.000,1.000,ft8
ft8,clean-2500Hz,1306,0.0000,1,85.1,46.9,9,0,0.012,0.540,50.0,false,6.25,1.000,1.000,ft8
ft8,clean-2500Hz,1306,0.0000,2,84.6,46.9,9,0,0.012,0.545,39.5,false,6.25,1.000,1.000,ft8
ft8,clean-2500Hz,1306,0.0000,2,85.5,46.9,9,0,0.012,0.605,52.5,false,6.25,1.000,1.000,ft8
ft8,clean-2500Hz,1306,0.0000,1,86.2,46.9,9,0,0.012,0.570,55.5,false,6.25,1.000,1.000,ft8
ft8,clean-2500Hz,1306,0.0000,2,83.3,52.7,9,0,0.012,0.550,43.5,false,6.25,1.000,1.000,ft8
ft8,clean-2500Hz,1306,0.0000,1,84.7,46.9,9,0,0.012,0.550,48.5,false,6.25,1.000,1.000,ft8
ft8,clean-2500Hz,1306,0.0000,2,84.3,46.9,9,0,0.012,0.490,43.5,false,6.25,1.000,1.000,ft8
ft8,clean-2500Hz,1306,0.0000,2,87.3,23.4,9,0,0.012,0.585,52.5,false,6.25,1.000,1.000,ft8
ft8,clean-2500Hz,1300,0.0000,1,88.5,17.6,9,0,0.012,0.520,52.5,false,6.25,1.000,1.000,ft8
ft8,clean-2500Hz,1300,0.0000,1,87.4,35.2,9,0,0.012,0.535,51.0,false,6.25,1.000,1.000,ft8
ft8,snr30,298,0.0036,5,58.3,46.9,2,0,0.012,0.495,54.5,false,6.25,1.000,1.000,ft8
ft8,snr30,316,0.0033,5,57.7,52.7,2,0,0.012,0.515,51.5,false,6.25,1.000,1.000,ft8
ft8,snr30,275,0.0028,6,59.4,29.3,2,0,0.013,0.470,46.5,false,6.25,1.000,1.000,ft8
ft8,snr30,298,0.0028,3,58.3,41.0,2,0,0.013,0.520,60.5,false,6.25,1.000,1.000,ft8
ft8,snr30,275,0.0035,5,58.3,41.0,2,0,0.013,0.510,54.5,false,6.25,1.000,1.000,ft8
ft8,snr30,339,0.0032,3,58.2,29.3,2,0,0.012,0.500,52.5,false,6.25,1.000,1.000,ft8
ft8,snr30,292,0.0038,3,57.5,46.9,2,0,0.013,0.465,53.5,false,6.25,1.000,1.000,ft8
ft8,snr30,304,0.0035,4,57.9,46.9,2,0,0.012,0.500,54.5,false,6.25,1.000,1.000,ft8
ft8,snr30,263,0.0032,2,59.5,29.3,2,0,0.013,0.510,56.0,false,6.25,1.000,1.000,ft8
ft8,snr30,275,0.0037,5,59.2,29.3,2,0,0.012,0.510,49.5,false,6.25,1.000,1.000,ft8
ft8,snr30,322,0.0028,5,58.2,52.7,2,0,0.013,0.490,48.5,false,6.25,1.000,1.000,ft8
ft8,snr30,351,0.0030,4,58.8,29.3,2,0,0.013,0.470,52.5,false,6.25,1.000,1.000,ft8
ft8,snr30,269,0.0030,4,58.7,41.0,2,0,0.013,0.465,61.5,false,6.25,1.000,1.000,ft8
ft8,snr30,269,0.0035,4,59.1,29.3,2,0,0.013,0.480,59.0,false,6.25,1.000,1.000,ft8
ft8,snr30,281,0.0037,4,58.1,46.9,2,0,0.013,0.470,48.0,false,6.25,1.000,1.000,ft8
ft8,snr30,292,0.0035,4,58.6,29.3,2,0,0.013,0.500,54.0,false,6.25,1.000,1.000,ft8
ft8,snr30,281,0.0039,4,58.9,23.4,2,0,0.013,0.495,50.5,false,6.25,1.000,1.000,ft8
ft8,snr30,298,0.0038,4,57.8,52.7,2,0,0.013,0.565,51.0,false,6.25,1.000,1.000,ft8
ft8,snr30,281,0.0031,4,59.2,23.4,2,0,0.013,0.500,51.0,false,6.25,1.000,1.000,ft8
ft8,snr30,316,0.0040,7,57.7,52.7,2,0,0.013,0.510,44.0,false,6.25,1.000,1.000,ft8
ft8,snr30,304,0.0025,6,58.9,29.3,2,0,0.013,0.530,51.5,false,6.25,1.000,1.000,ft8
ft8,snr30,310,0.0033,5,59.3,23.4,2,0,0.012,0.520,51.5,false,6.25,1.000,1.000,ft8
ft8,snr30,287,0.0029,3,59.3,17.6,2,0,0.013,0.515,57.5,false,6.25,1.000,1.000,ft8
ft8,snr30,287,0.0026,2,59.3,35.2,2,0,0.013,0.525,64.5,false,6.25,1.000,1.000,ft8
ft8,snr30,275,0.0038,4,58.9,23.4,2,0,0.013,0.560,54.0,false,6.25,1.000,1.000,ft8
ft8,snr30,316,0.0033,5,58.1,29.3,2,0,0.013,0.525,49.5,false,6.25,1.000,1.000,ft8
ft8,snr30,304,0.0037,4,59.1,29.3,2,0,0.013,0.485,53.0,false,6.25,1.000,1.000,ft8
ft8,snr30,269,0.0035,4,59.3,29.3,2,0,0.013,0.525,54.0,false,6.25,1.000,1.000,ft8
ft8,snr30,269,0.0031,1,59.6,29.3,2,0,0.013,0.485,59.5,false,6.25,1.000,1.000,ft8
ft8,snr30,304,0.0030,4,59.1,17.6,2,0,0.012,0.510,56.0,false,6.25,1.000,1.000,ft8
ft8,snr20,164,0.0206,3,49.1,29.3,0,0,0.013,0.475,48.0,false,6.25,1.000,1.000,ft8
ft8,snr20,152,0.0246,4,48.5,52.7,0,0,0.013,0.480,54.5,false,6.25,1.000,1.000,ft8
ft8,snr20,175,0.0261,2,48.0,52.7,0,0,0.013,0.495,48.0,false,6.25,1.000,1.000,ft8
ft8,snr20,146,0.0229,3,48.8,46.9,0,0,0.013,0.565,49.5,false,6.25,1.000,1.000,ft8
ft8,snr20,164,0.0184,3,48.4,46.9,0,0,0.013,0.480,55.0,false,6.25,1.000,1.000,ft8
ft8,snr20,152,0.0214,2,49.7,29.3,0,0,0.013,0.505,51.5,false,6.25,1.000,1.000,ft8
ft8,snr20,181,0.0219,2,48.8,35.2,0,0,0.013,0.500,54.5,false,6.25,1.000,1.000,ft8
ft8,snr20,158,0.0190,2,50.6,17.6,0,0,0.014,0.550,52.5,false,6.25,1.000,1.000,ft8
ft8,snr20,158,0.0194,1,49.7,35.2,0,0,0.013,0.470,57.0,false,6.25,1.000,1.000,ft8
ft8,snr20,169,0.0229,1,48.7,46.9,0,0,0.013,0.540,48.5,false,6.25,1.000,1.000,ft8
ft8,snr20,146,0.0249,3,49.0,41.0,0,0,0.013,0.495,49.5,false,6.25,1.000,1.000,ft8
ft8,snr20,169,0.0183,2,48.1,46.9,0,0,0.013,0.450,53.5,false,6.25,1.000,1.000,ft8
ft8,snr20,164,0.0218,3,49.1,35.2,0,0,0.014,0.495,59.0,false,6.25,1.000,1.000,ft8
ft8,snr20,181,0.0203,2,48.6,29.3,0,0,0.013,0.495,50.0,false,6.25,1.000,1.000,ft8
ft8,snr20,164,0.0249,2,48.2,52.7,0,0,0.013,0.480,43.5,false,6.25,1.000,1.000,ft8
ft8,snr20,152,0.0226,2,48.7,41.0,0,0,0.013,0.540,52.5,false,6.25,1.000,1.000,ft8
ft8,snr20,169,0.0216,2,49.2,35.2,0,0,0.013,0.505,55.0,false,6.25,1.000,1.000,ft8
ft8,snr20,175,0.0216,2,49.9,17.6,0,0,0.013,0.475,52.5,false,6.25,1.000,1.000,ft8
ft8,snr20,175,0.0200,4,48.0,52.7,0,0,0.013,0.520,55.5,false,6.25,1.000,1.000,ft8
ft8,snr20,175,0.0242,2,48.1,23.4,0,0,0.013,0.560,48.5,false,6.25,1.000,1.000,ft8
ft8,snr20,169,0.0222,2,48.6,41.0,0,0,0.013,0.510,54.0,false,6.25,1.000,1.000,ft8
ft8,snr20,175,0.0206,1,48.9,29.3,0,0,0.013,0.510,58.0,false,6.25,1.000,1.000,ft8
ft8,snr20,181,0.0187,3,49.1,23.4,0,0,0.013,0.535,55.5,false,6.25,1.000,1.000,ft8
ft8,snr20,152,0.0181,2,50.3,17.6,0,0,0.013,0.490,49.0,false,6.25,1.000,1.000,ft8
ft8,snr20,193,0.0162,3,48.9,23.4,0,0,0.013,0.450,54.5,false,6.25,1.000,1.000,ft8
ft8,snr20,175,0.0174,3,49.0,41.0,0,0,0.013,0.485,50.5,false,6.25,1.000,1.000,ft8
ft8,snr20,164,0.0208,1,48.3,46.9,0,0,0.013,0.505,51.5,false,6.25,1.000,1.000,ft8
ft8,snr20,187,0.0198,1,49.8,23.4,0,0,0.013,0.500,53.5,false,6.25,1.000,1.000,ft8
ft8,snr20,158,0.0252,2,48.8,41.0,0,0,0.013,0.470,59.0,false,6.25,1.000,1.000,ft8
ft8,snr20,152,0.0192,2,50.9,23.4,0,0,0.013,0.505,50.5,false,6.25,1.000,1.000,ft8
ft8,snr15,117,0.0541,2,43.7,46.9,0,0,0.014,0.530,56.0,false,6.25,1.000,1.000,ft8
ft8,snr15,123,0.0478,1,44.4,41.0,0,0,0.014,0.530,53.0,false,6.25,1.000,1.000,ft8
ft8,snr15,117,0.0533,1,45.3,23.4,0,0,0.014,0.475,51.0,false,6.25,1.000,1.000,ft8
ft8,snr15,128,0.0528,2,45.3,23.4,0,0,0.013,0.505,52.5,false,6.25,1.000,1.000,ft8
ft8,snr15,134,0.0510,2,45.1,23.4,0,0,0.013,0.495,46.5,false,6.25,1.000,1.000,ft8
ft8,snr15,123,0.0660,1,43.6,46.9,0,0,0.014,0.510,52.0,false,6.25,1.000,1.000,ft8
ft8,snr15,123,0.0434,2,44.2,41.0,0,0,0.015,0.525,52.0,false,6.25,1.000,1.000,ft8
ft8,snr15,146,0.0436,1,43.1,52.7,0,0,0.014,0.460,45.5,false,6.25,1.000,1.000,ft8
ft8,snr15,117,0.0549,1,43.7,41.0,0,0,0.013,0.540,53.5,false,6.25,1.000,1.000,ft8
ft8,snr15,146,0.0438,2,44.5,23.4,0,0,0.014,0.500,53.5,false,6.25,1.000,1.000,ft8
ft8,snr15,123,0.0396,1,44.7,35.2,0,0,0.014,0.470,49.0,false,6.25,1.000,1.000,ft8
ft8,snr15,105,0.0653,1,45.1,17.6,0,0,0.013,0.525,46.0,false,6.25,1.000,1.000,ft8
ft8,snr15,134,0.0521,2,44.2,35.2,0,0,0.014,0.485,50.0,false,6.25,1.000,1.000,ft8
ft8,snr15,140,0.0532,2,43.8,29.3,0,0,0.014,0.485,51.5,false,6.25,1.000,1.000,ft8
ft8,snr15,134,0.0409,1,44.7,41.0,0,0,0.014,0.500,53.0,false,6.25,1.000,1.000,ft8
ft8,snr15,123,0.0540,2,43.8,52.7,0,0,0.014,0.475,54.5,false,6.25,1.000,1.000,ft8
ft8,snr15,123,0.0421,1,44.8,23.4,0,0,0.013,0.530,50.0,false,6.25,1.000,1.000,ft8
ft8,snr15,117,0.0461,1,44.5,35.2,0,0,0.014,0.520,50.5,false,6.25,1.000,1.000,ft8
ft8,snr15,117,0.0622,1,44.1,46.9,0,0,0.015,0.470,53.5,false,6.25,1.000,1.000,ft8
ft8,snr15,128,0.0521,1,43.6,46.9,0,0,0.014,0.500,52.5,false,6.25,1.000,1.000,ft8
ft8,snr15,117,0.0491,1,44.9,23.4,0,0,0.013,0.535,51.0,false,6.25,1.000,1.000,ft8
ft8,snr15,128,0.0573,1,43.8,41.0,0,0,0.014,0.475,52.5,false,6.25,1.000,1.000,ft8
ft8,snr15,134,0.0447,2,43.5,46.9,0,0,0.014,0.505,49.5,false,6.25,1.000,1.000,ft8
ft8,snr15,134,0.0472,2,44.0,23.4,0,0,0.014,0.505,49.5,false,6.25,1.000,1.000,ft8
ft8,snr15,128,0.0501,2,44.7,29.3,0,0,0.014,0.510,50.5,false,6.25,1.000,1.000,ft8
ft8,snr15,117,0.0541,1,44.0,41.0,0,0,0.013,0.495,54.5,false,6.25,1.000,1.000,ft8
ft8,snr15,140,0.0488,2,43.0,52.7,0,0,0.014,0.500,54.0,false,6.25,1.000,1.000,ft8
ft8,snr15,134,0.0433,2,44.4,23.4,0,0,0.013,0.525,53.0,false,6.25,1.000,1.000,ft8
ft8,snr15,134,0.0459,1,43.8,46.9,0,0,0.013,0.525,51.0,false,6.25,1.000,1.000,ft8
ft8,snr15,140,0.0522,1,43.3,46.9,0,0,0.013,0.500,48.5,false,6.25,1.000,1.000,ft8
ft8,snr10,99,0.1358,1,38.9,46.9,0,0,0.015,0.435,49.0,false,6.25,1.000,1.000,ft8
ft8,snr10,93,0.1247,1,39.5,46.9,0,0,0.015,0.470,51.5,false,6.25,1.000,1.000,ft8
ft8,snr10,105,0.1265,2,40.0,23.4,0,0,0.016,0.535,51.0,false,6.25,1.000,1.000,ft8
ft8,snr10,105,0.1285,3,38.6,46.9,0,0,0.014,0.465,45.0,false,6.25,1.000,1.000,ft8
ft8,snr10,111,0.1165,1,38.7,46.9,0,0,0.016,0.480,51.0,false,6.25,1.000,1.000,ft8
ft8,snr10,99,0.1237,2,39.0,29.3,0,0,0.015,0.495,51.5,false,6.25,1.000,1.000,ft8
ft8,snr10,105,0.1219,2,40.0,23.4,0,0,0.017,0.490,44.0,false,6.25,1.000,1.000,ft8
ft8,snr10,93,0.1636,2,38.8,52.7,0,0,0.016,0.510,47.5,false,6.25,1.000,1.000,ft8
ft8,snr10,99,0.1043,2,39.6,46.9,0,0,0.015,0.510,47.5,false,6.25,1.000,1.000,ft8
ft8,snr10,99,0.1453,2,39.1,46.9,0,0,0.015,0.510,48.5,false,6.25,1.000,1.000,ft8
ft8,snr10,99,0.1058,2,39.7,29.3,0,0,0.015,0.470,54.0,false,6.25,1.000,1.000,ft8
ft8,snr10,117,0.1052,2,39.6,23.4,0,0,0.016,0.505,50.0,false,6.25,1.000,1.000,ft8
ft8,snr10,117,0.0858,2,38.9,23.4,0,0,0.015,0.490,57.0,false,6.25,1.000,1.000,ft8
ft8,snr10,93,0.1063,1,40.1,35.2,0,0,0.015,0.460,58.5,false,6.25,1.000,1.000,ft8
ft8,snr10,99,0.1176,2,40.3,17.6,0,0,0.016,0.490,51.0,false,6.25,1.000,1.000,ft8
ft8,snr10,93,0.1650,2,39.1,35.2,0,0,0.015,0.515,51.5,false,6.25,1.000,1.000,ft8
ft8,snr10,111,0.1275,2,38.3,58.6,0,0,0.014,0.490,48.0,false,6.25,1.000,1.000,ft8
ft8,snr10,93,0.1488,1,38.8,41.0,0,0,0.015,0.560,50.5,false,6.25,1.000,1.000,ft8
ft8,snr10,99,0.1303,1,38.9,46.9,0,0,0.015,0.525,55.0,false,6.25,1.000,1.000,ft8
ft8,snr10,128,0.0999,2,39.0,23.4,0,0,0.015,0.505,51.5,false,6.25,1.000,1.000,ft8
ft8,snr10,93,0.1159,1,40.1,29.3,0,0,0.014,0.500,54.5,false,6.25,1.000,1.000,ft8
ft8,snr10,111,0.1316,2,38.4,52.7,0,0,0.014,0.505,50.5,false,6.25,1.000,1.000,ft8
ft8,snr10,105,0.1132,1,39.4,35.2,0,0,0.015,0.510,51.0,false,6.25,1.000,1.000,ft8
ft8,snr10,93,0.1709,1,39.3,29.3,0,0,0.014,0.455,47.5,false,6.25,1.000,1.000,ft8
ft8,snr10,111,0.1096,2,40.0,17.6,0,0,0.016,0.490,46.5,false,6.25,1.000,1.000,ft8
ft8,snr10,105,0.0984,2,39.1,46.9,0,0,0.016,0.485,49.0,false,6.25,1.000,1.000,ft8
ft8,snr10,105,0.1281,2,39.5,23.4,0,0,0.014,0.475,50.5,false,6.25,1.000,1.000,ft8
ft8,snr10,105,0.1059,2,38.5,46.9,0,0,0.016,0.505,49.5,false,6.25,1.000,1.000,ft8
ft8,snr10,82,0.1598,1,40.1,29.3,0,0,0.016,0.450,51.0,false,6.25,1.000,1.000,ft8
ft8,snr10,105,0.0939,2,39.6,46.9,0,0,0.016,0.475,51.5,false,6.25,1.000,1.000,ft8
ft8,snr5,70,0.2686,1,34.7,41.0,0,0,0.016,0.510,52.0,false,6.25,1.000,1.000,ft8
ft8,snr5,70,0.2538,1,35.3,29.3,0,0,0.016,0.480,49.0,false,6.25,1.000,1.000,ft8
ft8,snr5,87,0.1977,2,34.9,17.6,0,0,0.017,0.455,48.5,false,6.25,1.000,1.000,ft8
ft8,snr5,87,0.2465,2,34.8,23.4,0,0,0.018,0.500,48.0,false,6.25,1.000,1.000,ft8
ft8,snr5,76,0.2358,2,34.6,23.4,0,0,0.017,0.495,50.5,false,6.25,1.000,1.000,ft8
ft8,snr5,76,0.3151,2,34.5,29.3,0,0,0.018,0.480,43.5,false,6.25,1.000,1.000,ft8
ft8,snr5,87,0.2727,2,34.2,23.4,0,0,0.017,0.485,49.0,false,6.25,1.000,1.000,ft8
ft8,snr5,87,0.1991,2,34.7,23.4,0,0,0.017,0.505,54.5,false,6.25,1.000,1.000,ft8
ft8,snr5,76,0.2302,1,34.1,46.9,0,0,0.017,0.550,52.5,false,6.25,1.000,1.000,ft8
ft8,snr5,76,0.3599,2,33.3,52.7,0,0,0.018,0.500,52.0,false,6.25,1.000,1.000,ft8
ft8,snr5,87,0.2735,2,33.8,29.3,0,0,0.016,0.485,51.5,false,6.25,1.000,1.000,ft8
ft8,snr5,70,0.3103,1,34.9,35.2,0,0,0.017,0.495,57.0,false,6.25,1.000,1.000,ft8
ft8,snr5,76,0.2550,1,33.8,41.0,0,0,0.016,0.495,46.5,false,6.25,1.000,1.000,ft8
ft8,snr5,82,0.1973,1,33.6,46.9,0,0,0.017,0.490,48.5,false,6.25,1.000,1.000,ft8
ft8,snr5,82,0.2887,1,33.5,46.9,0,0,0.017,0.525,52.5,false,6.25,1.000,1.000,ft8
ft8,snr5,87,0.2547,2,33.4,52.7,0,0,0.016,0.530,49.0,false,6.25,1.000,1.000,ft8
ft8,snr5,70,0.2893,1,35.3,23.4,0,0,0.016,0.465,49.5,false,6.25,1.000,1.000,ft8
ft8,snr5,87,0.2170,2,34.6,29.3,0,0,0.018,0.495,51.5,false,6.25,1.000,1.000,ft8
ft8,snr5,82,0.3029,2,33.6,52.7,0,0,0.017,0.555,49.0,false,6.25,1.000,1.000,ft8
ft8,snr5,82,0.2643,2,35.7,17.6,0,0,0.017,0.450,50.5,false,6.25,1.000,1.000,ft8
ft8,snr5,93,0.2276,2,34.1,23.4,0,0,0.017,0.495,47.5,false,6.25,1.000,1.000,ft8
ft8,snr5,76,0.2396,1,35.2,23.4,0,0,0.016,0.485,47.5,false,6.25,1.000,1.000,ft8
ft8,snr5,76,0.2861,2,34.8,23.4,0,0,0.017,0.520,48.5,false,6.25,1.000,1.000,ft8
ft8,snr5,82,0.2040,1,34.8,35.2,0,0,0.018,0.485,50.0,false,6.25,1.000,1.000,ft8
ft8,snr5,82,0.2088,2,34.7,46.9,0,0,0.020,0.480,49.0,false,6.25,1.000,1.000,ft8
ft8,snr5,76,0.3015,1,34.9,29.3,0,0,0.018,0.530,50.0,false,6.25,1.000,1.000,ft8
ft8,snr5,87,0.2181,2,35.1,17.6,0,0,0.018,0.530,52.5,false,6.25,1.000,1.000,ft8
ft8,snr5,82,0.2460,2,34.1,23.4,0,0,0.016,0.505,48.5,false,6.25,1.000,1.000,ft8
ft8,snr5,76,0.2676,1,35.3,17.6,0,0,0.016,0.525,49.5,false,6.25,1.000,1.000,ft8
ft8,snr5,76,0.2718,2,33.5,46.9,0,0,0.017,0.495,53.5,false,6.25,1.000,1.000,ft8
ft8,snr3,82,0.3201,2,31.3,52.7,0,0,0.018,0.515,48.0,false,6.25,1.000,1.000,ft8
ft8,snr3,76,0.3377,2,34.3,17.6,0,0,0.016,0.465,49.5,false,6.25,1.000,1.000,ft8
ft8,snr3,70,0.3118,1,32.5,29.3,0,0,0.017,0.475,49.5,false,6.25,1.000,1.000,ft8
ft8,snr3,70,0.3166,2,31.8,41.0,0,0,0.018,0.520,49.5,false,6.25,1.000,1.000,ft8
ft8,snr3,76,0.3074,1,32.1,46.9,0,0,0.018,0.510,53.0,false,6.25,1.000,1.000,ft8
ft8,snr3,76,0.3453,1,32.0,41.0,0,0,0.017,0.485,54.0,false,6.25,1.000,1.000,ft8
ft8,snr3,76,0.3334,1,32.3,41.0,0,0,0.017,0.480,56.5,false,6.25,1.000,1.000,ft8
ft8,snr3,70,0.3594,1,32.3,46.9,0,0,0.018,0.485,50.5,false,6.25,1.000,1.000,ft8
ft8,snr3,64,0.3690,1,32.8,29.3,0,0,0.018,0.480,53.5,false,6.25,1.000,1.000,ft8
ft8,snr3,76,0.3445,1,32.0,41.0,0,0,0.017,0.500,52.5,false,6.25,1.000,1.000,ft8
ft8,snr3,70,0.3168,1,31.6,46.9,0,0,0.017,0.515,55.5,false,6.25,1.000,1.000,ft8
ft8,snr3,70,0.3007,2,32.5,35.2,0,0,0.017,0.440,48.5,false,6.25,1.000,1.000,ft8
ft8,snr3,64,0.4087,1,32.4,35.2,0,0,0.016,0.515,53.0,false,6.25,1.000,1.000,ft8
ft8,snr3,82,0.3056,2,31.5,46.9,0,0,0.018,0.540,54.5,false,6.25,1.000,1.000,ft8
ft8,snr3,76,0.3681,1,31.6,46.9,0,0,0.018,0.495,47.5,false,6.25,1.000,1.000,ft8
ft8,snr3,76,0.4104,2,31.6,29.3,0,0,0.017,0.525,51.5,false,6.25,1.000,1.000,ft8
ft8,snr3,70,0.3009,1,34.2,17.6,0,0,0.016,0.470,50.5,false,6.25,1.000,1.000,ft8
ft8,snr3,70,0.3462,1,31.6,46.9,0,0,0.019,0.515,56.5,false,6.25,1.000,1.000,ft8
ft8,snr3,76,0.3504,1,31.4,46.9,0,0,0.019,0.515,44.5,false,6.25,1.000,1.000,ft8
ft8,snr3,76,0.3871,2,31.3,52.7,0,0,0.018,0.490,47.0,false,6.25,1.000,1.000,ft8
ft8,snr3,76,0.3932,2,31.6,46.9,0,0,0.018,0.515,42.5,false,6.25,1.000,1.000,ft8
ft8,snr3,82,0.2777,1,32.3,41.0,0,0,0.018,0.495,43.5,false,6.25,1.000,1.000,ft8
ft8,snr3,76,0.3496,2,32.1,46.9,0,0,0.017,0.480,50.5,false,6.25,1.000,1.000,ft8
ft8,snr3,70,0.2751,1,33.1,35.2,0,0,0.018,0.500,52.0,false,6.25,1.000,1.000,ft8
ft8,snr3,70,0.3116,2,31.5,46.9,0,0,0.018,0.535,52.5,false,6.25,1.000,1.000,ft8
ft8,snr3,76,0.3648,2,31.4,52.7,0,0,0.018,0.480,48.0,false,6.25,1.000,1.000,ft8
ft8,snr3,76,0.3861,2,32.0,35.2,0,0,0.018,0.470,55.5,false,6.25,1.000,1.000,ft8
ft8,snr3,76,0.3728,2,32.9,23.4,0,0,0.019,0.485,56.0,false,6.25,1.000,1.000,ft8
ft8,snr3,76,0.3383,1,32.2,35.2,0,0,0.016,0.510,52.0,false,6.25,1.000,1.000,ft8
ft8,snr3,64,0.4025,1,31.7,41.0,0,0,0.019,0.535,47.5,false,6.25,1.000,1.000,ft8
ft8,snr0,64,0.4605,2,28.9,46.9,0,0,0.017,0.500,48.5,false,6.25,1.000,1.000,ft8
ft8,snr0,64,0.6041,2,28.7,23.4,0,0,0.015,0.490,48.0,false,6.25,1.000,1.000,ft8
ft8,snr0,64,0.5380,1,28.9,29.3,0,0,0.018,0.510,48.5,false,6.25,1.000,1.000,ft8
ft8,snr0,58,0.5039,1,29.4,35.2,0,0,0.017,0.495,50.0,false,6.25,1.000,1.000,ft8
ft8,snr0,64,0.4625,2,29.7,29.3,0,0,0.017,0.455,46.0,false,6.25,1.000,1.000,ft8
ft8,snr0,58,0.5274,2,30.1,17.6,0,0,0.017,0.470,50.0,false,6.25,1.000,1.000,ft8
ft8,snr0,58,0.5917,2,28.6,46.9,0,0,0.018,0.485,51.5,false,6.25,1.000,1.000,ft8
ft8,snr0,64,0.4610,2,28.6,46.9,0,0,0.018,0.540,47.5,false,6.25,1.000,1.000,ft8
ft8,snr0,64,0.5145,1,29.6,29.3,0,0,0.017,0.490,50.0,false,6.25,1.000,1.000,ft8
ft8,snr0,70,0.4272,2,30.1,23.4,0,0,0.018,0.525,53.5,false,6.25,1.000,1.000,ft8
ft8,snr0,64,0.5389,1,28.3,46.9,0,0,0.017,0.550,49.0,false,6.25,1.000,1.000,ft8
ft8,snr0,58,0.6859,1,29.2,35.2,0,0,0.016,0.470,53.5,false,6.25,1.000,1.000,ft8
ft8,snr0,58,0.5428,1,28.8,46.9,0,0,0.017,0.490,49.5,false,6.25,1.000,1.000,ft8
ft8,snr0,64,0.4678,2,28.9,46.9,0,0,0.018,0.510,46.5,false,6.25,1.000,1.000,ft8
ft8,snr0,58,0.6807,2,29.1,23.4,0,0,0.018,0.495,50.5,false,6.25,1.000,1.000,ft8
ft8,snr0,70,0.4603,2,28.7,46.9,0,0,0.016,0.480,48.5,false,6.25,1.000,1.000,ft8
ft8,snr0,64,0.5893,1,28.1,52.7,0,0,0.017,0.480,46.0,false,6.25,1.000,1.000,ft8
ft8,snr0,64,0.5393,2,29.4,23.4,0,0,0.018,0.465,58.0,false,6.25,1.000,1.000,ft8
ft8,snr0,64,0.4603,2,28.5,52.7,0,0,0.016,0.480,49.0,false,6.25,1.000,1.000,ft8
ft8,snr0,70,0.5346,2,28.2,58.6,0,0,0.017,0.470,53.5,false,6.25,1.000,1.000,ft8
ft8,snr0,64,0.5630,2,28.2,52.7,0,0,0.018,0.525,44.5,false,6.25,1.000,1.000,ft8
ft8,snr0,64,0.5937,2,30.0,17.6,0,0,0.018,0.520,45.5,false,6.25,1.000,1.000,ft8
ft8,snr0,64,0.5901,1,28.4,46.9,0,0,0.018,0.540,50.5,false,6.25,1.000,1.000,ft8
ft8,snr0,58,0.7064,2,28.5,29.3,0,0,0.017,0.455,52.5,false,6.25,1.000,1.000,ft8
ft8,snr0,64,0.4635,2,28.7,46.9,0,0,0.016,0.475,55.5,false,6.25,1.000,1.000,ft8
ft8,snr0,64,0.5239,1,29.7,29.3,0,0,0.019,0.455,44.5,false,6.25,1.000,1.000,ft8
ft8,snr0,64,0.6162,2,28.6,46.9,0,0,0.017,0.460,49.0,false,6.25,1.000,1.000,ft8
ft8,snr0,70,0.5250,2,28.5,52.7,0,0,0.017,0.505,53.0,false,6.25,1.000,1.000,ft8
ft8,snr0,64,0.5446,2,29.0,17.6,0,0,0.016,0.450,50.0,false,6.25,1.000,1.000,ft8
ft8,snr0,58,0.4882,1,29.7,41.0,0,0,0.018,0.500,46.5,false,6.25,1.000,1.000,ft8
ft8,snr-3,52,0.6916,1,25.9,41.0,0,0,0.016,0.500,42.0,false,6.25,1.000,1.000,ft8
ft8,snr-3,58,0.7625,2,25.3,46.9,0,0,0.015,0.515,49.5,false,6.25,1.000,1.000,ft8
ft8,snr-3,64,0.6559,2,24.1,58.6,0,0,0.015,0.495,53.0,false,6.25,1.000,1.000,ft8
ft8,snr-3,58,0.6065,1,25.0,46.9,0,0,0.017,0.480,47.0,false,6.25,1.000,1.000,ft8
ft8,snr-3,58,0.7148,1,25.4,41.0,0,0,0.016,0.510,48.0,false,6.25,1.000,1.000,ft8
ft8,snr-3,58,0.6927,1,25.9,29.3,0,0,0.016,0.515,51.0,false,6.25,1.000,1.000,ft8
ft8,snr-3,58,0.5858,2,25.2,46.9,0,0,0.017,0.465,48.5,false,6.25,1.000,1.000,ft8
ft8,snr-3,58,0.6340,2,26.0,17.6,0,0,0.017,0.495,49.5,false,6.25,1.000,1.000,ft8
ft8,snr-3,58,0.7715,2,24.7,46.9,0,0,0.015,0.420,46.0,false,6.25,1.000,1.000,ft8
ft8,snr-3,58,0.5443,2,26.5,23.4,0,0,0.016,0.475,45.0,false,6.25,1.000,1.000,ft8
ft8,snr-3,58,0.6042,1,25.1,46.9,0,0,0.015,0.500,43.0,false,6.25,1.000,1.000,ft8
ft8,snr-3,58,0.5847,1,26.7,23.4,0,0,0.016,0.465,50.5,false,6.25,1.000,1.000,ft8
ft8,snr-3,52,0.7554,2,26.1,29.3,0,0,0.016,0.470,54.0,false,6.25,1.000,1.000,ft8
ft8,snr-3,64,0.6335,1,25.6,46.9,0,0,0.016,0.445,50.5,false,6.25,1.000,1.000,ft8
ft8,snr-3,64,0.6371,2,25.1,29.3,0,0,0.014,0.495,55.5,false,6.25,1.000,1.000,ft8
ft8,snr-3,58,0.7410,1,25.6,46.9,0,0,0.016,0.505,49.0,false,6.25,1.000,1.000,ft8
ft8,snr-3,52,0.6750,1,25.6,46.9,0,0,0.015,0.510,48.0,false,6.25,1.000,1.000,ft8
ft8,snr-3,58,0.6754,1,25.4,46.9,0,0,0.016,0.470,54.5,false,6.25,1.000,1.000,ft8
ft8,snr-3,64,0.6068,2,24.8,46.9,0,0,0.015,0.475,52.0,false,6.25,1.000,1.000,ft8
ft8,snr-3,58,0.5380,2,26.2,29.3,0,0,0.016,0.500,50.0,false,6.25,1.000,1.000,ft8
ft8,snr-3,58,0.7258,2,25.2,23.4,0,0,0.016,0.490,49.0,false,6.25,1.000,1.000,ft8
ft8,snr-3,58,0.6191,2,25.4,52.7,0,0,0.016,0.495,53.0,false,6.25,1.000,1.000,ft8
ft8,snr-3,64,0.5912,2,26.1,23.4,0,0,0.016,0.515,43.5,false,6.25,1.000,1.000,ft8
ft8,snr-3,58,0.7121,2,25.3,46.9,0,0,0.015,0.500,50.0,false,6.25,1.000,1.000,ft8
ft8,snr-3,58,0.7065,2,26.3,23.4,0,0,0.016,0.525,52.0,false,6.25,1.000,1.000,ft8
ft8,snr-3,58,0.7444,2,24.8,52.7,0,0,0.017,0.480,54.0,false,6.25,1.000,1.000,ft8
ft8,snr-3,52,0.6941,2,25.6,17.6,0,0,0.017,0.530,44.0,false,6.25,1.000,1.000,ft8
ft8,snr-3,52,0.6639,1,27.2,23.4,0,0,0.015,0.510,47.5,false,6.25,1.000,1.000,ft8
ft8,snr-3,52,0.6908,1,26.1,35.2,0,0,0.015,0.510,50.5,false,6.25,1.000,1.000,ft8
ft8,snr-3,64,0.6028,1,25.2,46.9,0,0,0.017,0.445,47.0,false,6.25,1.000,1.000,ft8
ft8,itu-good,93,0.1419,2,40.0,17.6,0,0,0.081,0.405,4.5,false,6.25,1.000,1.000,ft8
ft8,itu-good,93,0.1424,1,41.2,17.6,0,0,0.082,0.410,3.5,false,6.25,1.000,1.000,ft8
ft8,itu-good,93,0.1235,1,39.0,46.9,0,0,0.079,0.435,5.5,false,6.25,1.000,1.000,ft8
ft8,itu-good,87,0.1949,2,39.5,23.4,0,0,0.084,0.425,5.5,false,6.25,1.000,1.000,ft8
ft8,itu-good,99,0.1286,2,38.6,29.3,0,0,0.084,0.425,5.5,false,6.25,1.000,1.000,ft8
ft8,itu-good,105,0.1398,3,38.3,52.7,0,0,0.083,0.440,2.5,false,6.25,1.000,1.000,ft8
ft8,itu-good,105,0.1283,1,38.8,41.0,0,0,0.080,0.415,3.5,false,6.25,1.000,1.000,ft8
ft8,itu-good,99,0.1266,1,39.1,41.0,0,0,0.086,0.405,3.5,false,6.25,1.000,1.000,ft8
ft8,itu-good,93,0.1471,2,41.2,23.4,0,0,0.085,0.425,1.5,false,6.25,1.000,1.000,ft8
ft8,itu-good,117,0.1063,2,40.1,23.4,0,0,0.084,0.410,4.5,false,6.25,1.000,1.000,ft8
ft8,itu-good,99,0.1169,2,39.4,23.4,0,0,0.083,0.375,2.5,false,6.25,1.000,1.000,ft8
ft8,itu-good,99,0.1046,1,38.6,46.9,0,0,0.079,0.450,1.5,false,6.25,1.000,1.000,ft8
ft8,itu-good,123,0.1041,2,38.2,52.7,0,0,0.082,0.385,4.5,false,6.25,1.000,1.000,ft8
ft8,itu-good,93,0.1297,1,39.7,41.0,0,0,0.081,0.400,3.5,false,6.25,1.000,1.000,ft8
ft8,itu-good,105,0.1385,2,38.5,29.3,0,0,0.084,0.425,8.5,false,6.25,1.000,1.000,ft8
ft8,itu-good,93,0.1261,2,39.5,23.4,0,0,0.083,0.410,3.5,false,6.25,1.000,1.000,ft8
ft8,itu-good,99,0.1213,2,38.5,46.9,0,0,0.082,0.455,3.5,false,6.25,1.000,1.000,ft8
ft8,itu-good,111,0.1066,2,40.8,23.4,0,0,0.078,0.450,2.5,false,6.25,1.000,1.000,ft8
ft8,itu-good,99,0.1424,2,39.0,29.3,0,0,0.076,0.450,2.5,false,6.25,1.000,1.000,ft8
ft8,itu-good,105,0.1198,2,38.3,52.7,0,0,0.083,0.445,1.5,false,6.25,1.000,1.000,ft8
ft8,itu-good,99,0.1518,2,39.7,17.6,0,0,0.082,0.435,0.5,false,6.25,1.000,1.000,ft8
ft8,itu-good,105,0.1528,2,39.3,23.4,0,0,0.084,0.390,3.5,false,6.25,1.000,1.000,ft8
ft8,itu-good,93,0.1064,2,41.0,17.6,0,0,0.078,0.445,7.5,false,6.25,1.000,1.000,ft8
ft8,itu-good,99,0.1280,1,38.8,41.0,0,0,0.083,0.425,2.5,false,6.25,1.000,1.000,ft8
ft8,itu-good,87,0.1767,1,39.4,29.3,0,0,0.086,0.420,1.5,false,6.25,1.000,1.000,ft8
ft8,itu-good,99,0.1336,2,38.7,29.3,0,0,0.080,0.440,0.5,false,6.25,1.000,1.000,ft8
ft8,itu-good,93,0.1251,2,38.7,46.9,0,0,0.083,0.375,2.5,false,6.25,1.000,1.000,ft8
ft8,itu-good,105,0.1125,1,39.8,23.4,0,0,0.081,0.435,4.5,false,6.25,1.000,1.000,ft8
ft8,itu-good,123,0.0970,2,38.1,52.7,0,0,0.083,0.450,2.5,false,6.25,1.000,1.000,ft8
ft8,itu-good,111,0.1120,2,38.7,23.4,0,0,0.081,0.365,1.5,false,6.25,1.000,1.000,ft8
ft8,itu-moderate,105,0.1154,1,38.3,35.2,0,0,0.446,0.565,4.0,false,6.25,1.000,1.000,ft8
ft8,itu-moderate,111,0.0869,2,38.8,29.3,0,0,0.390,0.560,4.0,false,6.25,1.000,1.000,ft8
ft8,itu-moderate,99,0.0997,2,39.3,29.3,0,0,0.395,0.555,4.0,false,6.25,1.000,1.000,ft8
ft8,itu-moderate,105,0.1076,1,38.8,35.2,0,0,0.398,0.625,5.0,false,6.25,1.000,1.000,ft8
ft8,itu-moderate,117,0.0885,1,38.9,29.3,0,0,0.418,0.580,4.0,false,6.25,1.000,1.000,ft8
ft8,itu-moderate,123,0.0863,1,38.1,41.0,0,0,0.427,0.575,4.0,false,6.25,1.000,1.000,ft8
ft8,itu-moderate,99,0.1225,2,38.4,41.0,0,0,0.340,0.525,3.0,false,6.25,1.000,1.000,ft8
ft8,itu-moderate,105,0.1144,1,38.6,35.2,0,0,0.445,0.580,4.0,false,6.25,1.000,1.000,ft8
ft8,itu-moderate,123,0.0967,2,39.2,23.4,0,0,0.426,0.615,5.0,false,6.25,1.000,1.000,ft8
ft8,itu-moderate,128,0.0809,1,37.6,46.9,0,0,0.367,0.525,6.0,false,6.25,1.000,1.000,ft8
ft8,itu-moderate,93,0.1153,1,38.9,29.3,0,0,0.401,0.565,4.0,false,6.25,1.000,1.000,ft8
ft8,itu-moderate,93,0.1062,1,38.6,35.2,0,0,0.434,0.620,6.0,false,6.25,1.000,1.000,ft8
ft8,itu-moderate,105,0.1024,2,38.7,41.0,0,0,0.426,0.575,4.0,false,6.25,1.000,1.000,ft8
ft8,itu-moderate,93,0.1056,2,38.7,35.2,0,0,0.426,0.585,5.0,false,6.25,1.000,1.000,ft8
ft8,itu-moderate,99,0.1119,1,37.7,41.0,0,0,0.357,0.545,3.0,false,6.25,1.000,1.000,ft8
ft8,itu-moderate,105,0.0914,1,38.2,35.2,0,0,0.379,0.495,7.0,false,6.25,1.000,1.000,ft8
ft8,itu-moderate,99,0.1293,1,37.9,41.0,0,0,0.395,0.545,5.0,false,6.25,1.000,1.000,ft8
ft8,itu-moderate,99,0.1146,1,39.0,29.3,0,0,0.446,0.545,4.0,false,6.25,1.000,1.000,ft8
ft8,itu-moderate,93,0.1030,1,37.8,41.0,0,0,0.443,0.565,4.0,false,6.25,1.000,1.000,ft8
ft8,itu-moderate,105,0.0816,1,38.1,41.0,0,0,0.394,0.550,4.0,false,6.25,1.000,1.000,ft8
ft8,itu-moderate,111,0.0965,1,38.4,29.3,0,0,0.391,0.490,5.0,false,6.25,1.000,1.000,ft8
ft8,itu-moderate,99,0.1139,2,38.8,35.2,0,0,0.382,0.485,6.0,false,6.25,1.000,1.000,ft8
ft8,itu-moderate,111,0.1127,1,38.2,35.2,0,0,0.429,0.565,4.0,false,6.25,1.000,1.000,ft8
ft8,itu-moderate,93,0.0957,1,39.6,29.3,0,0,0.377,0.500,8.0,false,6.25,1.000,1.000,ft8
ft8,itu-moderate,99,0.1167,1,38.1,35.2,0,0,0.400,0.535,7.0,false,6.25,1.000,1.000,ft8
ft8,itu-moderate,117,0.0895,1,38.0,41.0,0,0,0.409,0.515,7.0,false,6.25,1.000,1.000,ft8
ft8,itu-moderate,105,0.0947,3,38.6,29.3,0,0,0.413,0.515,4.0,false,6.25,1.000,1.000,ft8
ft8,itu-moderate,117,0.0957,2,37.6,41.0,0,0,0.423,0.620,4.0,false,6.25,1.000,1.000,ft8
ft8,itu-moderate,128,0.0949,3,38.8,29.3,0,0,0.418,0.635,5.0,false,6.25,1.000,1.000,ft8
ft8,itu-moderate,105,0.1134,1,38.6,35.2,0,0,0.385,0.500,4.0,false,6.25,1.000,1.000,ft8
ft8,itu-poor,87,0.1396,1,39.3,46.9,0,0,0.134,0.635,5.0,false,6.25,1.000,1.000,ft8
ft8,itu-poor,111,0.1276,2,39.3,23.4,0,0,0.133,0.645,4.0,false,6.25,1.000,1.000,ft8
ft8,itu-poor,99,0.1248,1,38.9,41.0,0,0,0.134,0.595,5.0,false,6.25,1.000,1.000,ft8
ft8,itu-poor,99,0.1161,1,40.3,23.4,0,0,0.133,0.630,4.0,false,6.25,1.000,1.000,ft8
ft8,itu-poor,105,0.1165,2,39.9,23.4,0,0,0.133,0.630,7.0,false,6.25,1.000,1.000,ft8
ft8,itu-poor,87,0.1212,1,39.9,35.2,0,0,0.134,0.635,5.0,false,6.25,1.000,1.000,ft8
ft8,itu-poor,117,0.0925,2,40.4,17.6,0,0,0.135,0.640,3.5,false,6.25,1.000,1.000,ft8
ft8,itu-poor,93,0.1065,1,39.8,41.0,0,0,0.133,0.650,3.5,false,6.25,1.000,1.000,ft8
ft8,itu-poor,105,0.1130,2,39.2,41.0,0,0,0.134,0.635,6.0,false,6.25,1.000,1.000,ft8
ft8,itu-poor,93,0.1091,1,41.0,23.4,0,0,0.134,0.645,3.5,false,6.25,1.000,1.000,ft8
ft8,itu-poor,93,0.1399,2,39.3,41.0,0,0,0.134,0.575,9.0,false,6.25,1.000,1.000,ft8
ft8,itu-poor,87,0.1218,1,39.9,35.2,0,0,0.134,0.635,5.0,false,6.25,1.000,1.000,ft8
ft8,itu-poor,93,0.1040,2,40.8,17.6,0,0,0.132,0.635,7.0,false,6.25,1.000,1.000,ft8
ft8,itu-poor,99,0.1356,1,38.9,46.9,0,0,0.134,0.610,7.0,false,6.25,1.000,1.000,ft8
ft8,itu-poor,105,0.0996,2,39.9,23.4,0,0,0.132,0.625,4.0,false,6.25,1.000,1.000,ft8
ft8,itu-poor,93,0.1217,1,39.7,41.0,0,0,0.133,0.635,4.5,false,6.25,1.000,1.000,ft8
ft8,itu-poor,99,0.0977,2,39.6,17.6,0,0,0.133,0.610,6.0,false,6.25,1.000,1.000,ft8
ft8,itu-poor,105,0.1276,2,39.7,29.3,0,0,0.133,0.625,5.0,false,6.25,1.000,1.000,ft8
ft8,itu-poor,99,0.1277,1,39.7,46.9,0,0,0.131,0.620,5.0,false,6.25,1.000,1.000,ft8
ft8,itu-poor,105,0.1389,1,38.6,52.7,0,0,0.133,0.605,9.0,false,6.25,1.000,1.000,ft8
ft8,itu-poor,93,0.1449,2,39.2,23.4,0,0,0.136,0.620,4.5,false,6.25,1.000,1.000,ft8
ft8,itu-poor,111,0.0931,2,39.1,29.3,0,0,0.134,0.630,4.0,false,6.25,1.000,1.000,ft8
ft8,itu-poor,93,0.1116,2,39.9,17.6,0,0,0.135,0.625,5.0,false,6.25,1.000,1.000,ft8
ft8,itu-poor,93,0.1367,2,40.2,23.4,0,0,0.134,0.625,7.0,false,6.25,1.000,1.000,ft8
ft8,itu-poor,87,0.1241,2,40.1,23.4,0,0,0.134,0.620,6.0,false,6.25,1.000,1.000,ft8
ft8,itu-poor,99,0.1257,2,39.3,23.4,0,0,0.135,0.625,5.0,false,6.25,1.000,1.000,ft8
ft8,itu-poor,93,0.1328,1,40.8,23.4,0,0,0.133,0.620,7.0,false,6.25,1.000,1.000,ft8
ft8,itu-poor,99,0.1182,2,40.0,29.3,0,0,0.135,0.655,3.5,false,6.25,1.000,1.000,ft8
ft8,itu-poor,105,0.1120,1,39.5,41.0,0,0,0.134,0.625,3.5,false,6.25,1.000,1.000,ft8
ft8,itu-poor,93,0.1667,2,39.7,29.3,0,0,0.133,0.620,6.0,false,6.25,1.000,1.000,ft8
rtty,agc-fast,351,0.1815,12,38.5,17.6,2,2,0.126,0.480,44.0,false,6.25,1.000,0.898,ft8
rtty,agc-fast,351,0.1507,10,39.2,17.6,2,2,0.126,0.485,52.0,false,6.25,1.000,0.715,js8call
rtty,agc-fast,339,0.1719,10,39.7,17.6,2,2,0.125,0.480,46.5,false,6.25,1.000,0.723,js8call
rtty,agc-fast,339,0.1727,11,39.3,17.6,2,2,0.125,0.495,53.5,false,6.25,1.000,0.685,ft8
rtty,agc-fast,351,0.1826,15,38.5,17.6,2,2,0.125,0.485,44.0,false,6.25,1.000,0.896,ft8
rtty,agc-fast,351,0.1505,10,40.6,11.7,2,2,0.125,0.500,45.5,false,6.25,1.000,0.887,ft8
rtty,agc-fast,339,0.1717,9,39.2,17.6,2,2,0.125,0.475,41.5,false,6.25,1.000,0.685,ft8
rtty,agc-fast,339,0.1594,10,38.3,17.6,2,2,0.126,0.475,41.5,false,6.25,1.000,1.000,ft8
rtty,agc-fast,351,0.1500,9,38.4,17.6,2,2,0.126,0.465,47.5,false,6.25,1.000,1.000,ft8
rtty,agc-fast,351,0.1780,13,38.6,17.6,2,2,0.126,0.520,44.0,false,6.25,1.000,0.890,ft8
rtty,agc-fast,351,0.1593,12,39.8,17.6,2,2,0.125,0.460,47.5,false,6.25,1.000,0.720,js8call
rtty,agc-fast,339,0.1627,10,39.2,17.6,2,2,0.126,0.485,49.0,false,6.25,1.000,0.710,js8call
rtty,agc-fast,339,0.1624,10,39.3,17.6,2,2,0.125,0.485,49.0,false,6.25,1.000,0.726,js8call
rtty,agc-fast,351,0.1831,13,38.5,17.6,2,2,0.125,0.455,47.5,false,6.25,1.000,0.893,ft8
rtty,agc-fast,351,0.1810,13,38.4,17.6,2,2,0.126,0.485,51.0,false,6.25,1.000,0.900,ft8
rtty,agc-fast,351,0.1691,12,39.2,17.6,2,2,0.126,0.455,49.0,false,6.25,1.000,0.790,js8call
rtty,agc-fast,339,0.1660,8,39.4,17.6,2,2,0.126,0.495,46.5,false,6.25,1.000,0.718,js8call
rtty,agc-fast,351,0.1822,14,38.5,17.6,2,2,0.126,0.550,43.0,false,6.25,1.000,0.903,ft8
rtty,agc-fast,351,0.1707,14,39.3,17.6,2,2,0.126,0.490,47.5,false,6.25,1.000,0.795,js8call
rtty,agc-fast,304,0.1717,9,40.5,11.7,2,2,0.126,0.480,44.5,false,6.25,1.000,0.760,ft8
rtty,agc-fast,351,0.1797,14,38.5,17.6,2,2,0.125,0.480,44.5,false,6.25,1.000,0.899,ft8
rtty,agc-fast,310,0.1814,11,40.4,11.7,2,2,0.126,0.490,45.5,false,6.25,1.000,0.878,ft8
rtty,agc-fast,351,0.1608,8,39.3,17.6,2,2,0.127,0.420,42.5,false,6.25,1.000,0.678,ft8
rtty,agc-fast,351,0.1426,9,40.6,11.7,2,2,0.126,0.490,47.0,false,6.25,1.000,0.760,ft8
rtty,agc-fast,339,0.1605,11,38.3,17.6,2,2,0.125,0.495,45.5,false,6.25,1.000,1.000,ft8
rtty,agc-fast,339,0.1609,11,38.5,17.6,2,2,0.126,0.480,48.0,false,6.25,1.000,1.000,ft8
rtty,agc-fast,351,0.1835,13,38.6,17.6,2,2,0.124,0.500,47.0,false,6.25,1.000,0.895,ft8
rtty,agc-fast,339,0.1660,10,39.4,17.6,2,2,0.124,0.535,41.0,false,6.25,1.000,0.702,js8call
rtty,agc-fast,351,0.1519,10,40.6,11.7,2,2,0.125,0.455,43.5,false,6.25,1.000,0.877,ft8
rtty,agc-fast,357,0.1548,11,39.2,17.6,2,2,0.126,0.455,48.5,false,6.25,1.000,0.689,ft8
rtty,agc-slow,351,0.1333,10,40.9,17.6,2,2,0.222,0.340,13.5,false,6.25,1.000,1.000,ft8
rtty,agc-slow,339,0.1562,10,39.9,17.6,2,2,0.220,0.330,10.5,false,6.25,1.000,1.000,ft8
rtty,agc-slow,351,0.1302,8,41.0,17.6,2,2,0.223,0.325,6.5,false,6.25,1.000,1.000,ft8
rtty,agc-slow,351,0.1452,9,40.1,17.6,2,2,0.221,0.370,12.5,false,6.25,1.000,1.000,ft8
rtty,agc-slow,351,0.1661,15,39.4,17.6,2,2,0.221,0.320,6.5,false,6.25,1.000,1.000,ft8
rtty,agc-slow,339,0.1569,13,40.4,17.6,2,2,0.222,0.345,6.5,false,6.25,1.000,1.000,ft8
rtty,agc-slow,351,0.1379,11,39.2,17.6,2,2,0.222,0.370,11.5,false,6.25,1.000,1.000,ft8
rtty,agc-slow,310,0.1685,10,40.8,11.7,2,2,0.221,0.330,8.5,false,6.25,1.000,1.000,ft8
rtty,agc-slow,339,0.1471,11,39.2,17.6,2,2,0.222,0.350,13.5,false,6.25,1.000,1.000,ft8
rtty,agc-slow,351,0.1565,13,39.9,17.6,2,2,0.221,0.375,8.5,false,6.25,1.000,1.000,ft8
rtty,agc-slow,339,0.1479,9,39.7,17.6,2,2,0.223,0.350,10.5,false,6.25,1.000,1.000,ft8
rtty,agc-slow,339,0.1717,11,39.7,17.6,2,2,0.222,0.345,12.0,false,6.25,1.000,1.000,ft8
rtty,agc-slow,345,0.1597,12,39.8,17.6,2,2,0.221,0.325,9.5,false,6.25,1.000,1.000,ft8
rtty,agc-slow,339,0.1529,10,40.4,17.6,2,2,0.221,0.310,4.5,false,6.25,1.000,1.000,ft8
rtty,agc-slow,351,0.1668,13,39.4,17.6,2,2,0.222,0.350,14.5,false,6.25,1.000,1.000,ft8
rtty,agc-slow,351,0.1419,10,40.2,17.6,2,2,0.221,0.315,4.5,false,6.25,1.000,1.000,ft8
rtty,agc-slow,351,0.1373,10,39.2,17.6,2,2,0.222,0.355,7.5,false,6.25,1.000,1.000,ft8
rtty,agc-slow,351,0.1482,10,39.9,17.6,2,2,0.221,0.325,8.5,false,6.25,1.000,1.000,ft8
rtty,agc-slow,339,0.1479,10,40.0,17.6,2,2,0.220,0.300,5.5,false,6.25,1.000,1.000,ft8
rtty,agc-slow,339,0.1574,11,40.3,17.6,2,2,0.222,0.335,7.0,false,6.25,1.000,1.000,ft8
rtty,agc-slow,351,0.1306,8,41.0,17.6,2,2,0.222,0.375,11.5,false,6.25,1.000,1.000,ft8
rtty,agc-slow,339,0.1483,10,40.0,17.6,2,2,0.221,0.370,9.5,false,6.25,1.000,1.000,ft8
rtty,agc-slow,339,0.1682,14,39.9,17.6,2,2,0.221,0.335,8.5,false,6.25,1.000,1.000,ft8
rtty,agc-slow,351,0.1378,9,39.9,17.6,2,2,0.221,0.355,10.5,false,6.25,1.000,1.000,ft8
rtty,agc-slow,351,0.1478,10,40.0,17.6,2,2,0.221,0.350,10.5,false,6.25,1.000,1.000,ft8
rtty,agc-slow,339,0.1786,13,39.4,17.6,2,2,0.221,0.315,5.5,false,6.25,1.000,1.000,ft8
rtty,agc-slow,351,0.1327,9,40.9,17.6,2,2,0.222,0.350,10.5,false,6.25,1.000,1.000,ft8
rtty,agc-slow,310,0.1703,10,40.9,11.7,2,2,0.222,0.380,13.5,false,6.25,1.000,1.000,ft8
rtty,agc-slow,339,0.1531,8,40.1,17.6,2,2,0.222,0.345,7.5,false,6.25,1.000,1.000,ft8
rtty,agc-slow,339,0.1587,11,40.0,17.6,2,2,0.222,0.340,6.5,false,6.25,1.000,1.000,ft8
rtty,selfade-6dB,339,0.1895,13,38.6,23.4,2,2,0.331,0.430,21.0,false,6.25,1.000,0.462,js8call
rtty,selfade-6dB,375,0.1392,10,40.6,17.6,2,2,0.012,0.510,48.5,false,6.25,1.000,0.489,js8call
rtty,selfade-6dB,351,0.1543,10,41.2,11.7,2,2,0.010,0.490,48.0,false,6.25,1.000,0.721,js8call
rtty,selfade-6dB,333,0.1680,15,39.8,17.6,2,2,0.028,0.530,36.5,false,6.25,1.000,0.524,js8call
rtty,selfade-6dB,351,0.1609,11,40.0,17.6,2,2,0.010,0.485,56.5,false,6.25,1.000,0.459,ft8
rtty,selfade-6dB,351,0.1578,10,40.2,17.6,2,2,0.010,0.510,55.5,false,6.25,1.000,0.485,js8call
rtty,selfade-6dB,351,0.1531,11,41.2,11.7,2,2,0.010,0.480,53.5,false,6.25,1.000,0.721,js8call
rtty,selfade-6dB,398,0.1217,10,40.1,17.6,2,2,0.010,0.515,51.5,false,6.25,1.000,0.492,js8call
rtty,selfade-6dB,351,0.1505,11,41.2,11.7,2,2,0.010,0.470,57.5,false,6.25,1.000,0.734,js8call
rtty,selfade-6dB,351,0.1532,10,41.2,11.7,2,2,0.011,0.530,50.5,false,6.25,1.000,0.719,js8call
rtty,selfade-6dB,351,0.1526,11,41.4,11.7,2,2,0.011,0.525,50.0,false,6.25,1.000,0.715,js8call
rtty,selfade-6dB,363,0.1596,13,39.8,17.6,2,2,0.011,0.505,46.0,false,6.25,1.000,0.526,js8call
rtty,selfade-6dB,410,0.1339,13,39.3,17.6,4,2,0.139,0.365,21.0,false,6.25,1.000,0.498,js8call
rtty,selfade-6dB,351,0.1407,13,39.2,17.6,2,2,0.088,0.485,21.0,false,6.25,1.000,0.855,js8call
rtty,selfade-6dB,351,0.1513,10,41.2,11.7,2,2,0.010,0.455,45.0,false,6.25,1.000,0.748,js8call
rtty,selfade-6dB,357,0.1787,14,37.4,17.6,2,2,0.224,0.420,23.0,false,6.25,1.000,0.532,js8call
rtty,selfade-6dB,351,0.1511,12,39.0,17.6,2,2,0.010,0.505,52.5,false,6.25,1.000,0.754,js8call
rtty,selfade-6dB,351,0.1433,10,41.2,11.7,2,2,0.010,0.495,45.0,false,6.25,1.000,0.530,ft8
rtty,selfade-6dB,363,0.1617,13,39.9,17.6,2,2,0.011,0.485,51.5,false,6.25,1.000,0.522,js8call
rtty,selfade-6dB,339,0.1920,12,37.7,17.6,2,2,0.214,0.390,21.0,false,6.25,1.000,0.520,js8call
rtty,selfade-6dB,386,0.1507,15,39.0,17.6,2,2,0.010,0.520,52.5,false,6.25,1.000,0.604,ft8
rtty,selfade-6dB,339,0.1591,12,40.8,17.6,2,2,0.279,0.620,19.0,false,6.25,1.000,0.494,js8call
rtty,selfade-6dB,369,0.1618,15,39.2,17.6,2,2,0.011,0.495,52.0,false,6.25,1.000,0.596,ft8
rtty,selfade-6dB,357,0.1633,14,39.8,17.6,2,2,0.011,0.500,50.5,false,6.25,1.000,0.520,js8call
rtty,selfade-6dB,386,0.1252,9,39.9,17.6,2,2,0.012,0.505,48.0,false,6.25,1.000,0.489,js8call
rtty,selfade-6dB,351,0.1502,10,39.0,17.6,2,2,0.010,0.520,52.0,false,6.25,1.000,0.770,js8call
rtty,selfade-6dB,351,0.1527,11,39.7,17.6,2,2,0.010,0.510,51.0,false,6.25,1.000,0.489,js8call
rtty,selfade-6dB,351,0.1421,8,41.2,11.7,2,2,0.010,0.515,55.5,false,6.25,1.000,0.533,ft8
rtty,selfade-6dB,351,0.1564,10,40.1,17.6,2,2,0.010,0.500,47.0,false,6.25,1.000,0.494,js8call
rtty,selfade-6dB,351,0.1547,9,40.1,17.6,2,2,0.011,0.480,55.0,false,6.25,1.000,0.488,js8call
rtty,selfade-12dB,351,0.1611,12,40.5,17.6,2,2,0.010,0.505,54.0,false,6.25,1.000,0.489,js8call
rtty,selfade-12dB,351,0.1470,11,39.0,17.6,2,2,0.010,0.510,51.5,false,6.25,1.000,0.753,js8call
rtty,selfade-12dB,351,0.1823,16,39.1,17.6,2,2,0.009,0.455,49.5,false,6.25,1.000,0.594,ft8
rtty,selfade-12dB,351,0.1599,10,40.7,17.6,2,2,0.010,0.465,54.5,false,6.25,1.000,0.487,js8call
rtty,selfade-12dB,351,0.1695,12,39.8,17.6,2,2,0.010,0.515,58.0,false,6.25,1.000,0.528,js8call
rtty,selfade-12dB,369,0.1351,10,39.1,17.6,2,2,0.010,0.475,49.0,false,6.25,1.000,0.763,js8call
rtty,selfade-12dB,351,0.1432,9,41.2,11.7,2,2,0.011,0.520,48.5,false,6.25,1.000,0.526,ft8
rtty,selfade-12dB,386,0.1300,11,40.3,17.6,2,2,0.079,0.380,42.5,false,6.25,1.000,0.534,js8call
rtty,selfade-12dB,339,0.1733,11,39.9,17.6,2,2,0.010,0.485,53.0,false,6.25,1.000,0.460,ft8
rtty,selfade-12dB,351,0.1725,13,39.8,17.6,2,2,0.011,0.485,48.5,false,6.25,1.000,0.513,js8call
rtty,selfade-12dB,351,0.1615,12,39.9,17.6,2,2,0.011,0.465,51.0,false,6.25,1.000,0.460,ft8
rtty,selfade-12dB,392,0.1452,13,39.1,17.6,2,2,0.011,0.505,47.5,false,6.25,1.000,0.609,ft8
rtty,selfade-12dB,339,0.1662,9,40.1,17.6,2,2,0.011,0.520,54.0,false,6.25,1.000,0.485,js8call
rtty,selfade-12dB,333,0.1564,10,41.1,11.7,2,2,0.103,0.715,22.0,false,31.25,1.000,0.835,js8call
rtty,selfade-12dB,351,0.1521,10,41.2,11.7,3,3,0.011,0.515,47.0,false,6.25,1.000,0.763,js8call
rtty,selfade-12dB,375,0.1354,11,39.9,17.6,2,2,0.010,0.495,48.0,false,6.25,1.000,0.484,js8call
rtty,selfade-12dB,351,0.1439,10,41.1,11.7,2,2,0.010,0.475,51.5,false,6.25,1.000,0.525,ft8
rtty,selfade-12dB,351,0.1489,11,39.1,17.6,2,2,0.011,0.485,47.0,false,6.25,1.000,0.758,ft8
rtty,selfade-12dB,351,0.1514,11,41.3,11.7,2,2,0.011,0.450,51.5,false,6.25,1.000,0.706,js8call
rtty,selfade-12dB,339,0.1613,10,39.0,17.6,2,2,0.013,0.530,51.0,false,6.25,1.000,0.753,js8call
rtty,selfade-12dB,351,0.1514,10,41.3,11.7,2,2,0.010,0.505,57.5,false,6.25,1.000,0.704,js8call
rtty,selfade-12dB,421,0.1091,12,39.9,17.6,3,2,0.047,0.555,52.0,false,6.25,1.000,0.457,ft8
rtty,selfade-12dB,339,0.1788,16,39.7,17.6,4,2,0.193,0.590,23.0,false,6.25,1.000,0.543,js8call
rtty,selfade-12dB,392,0.1220,11,39.9,17.6,2,2,0.010,0.460,45.5,false,6.25,1.000,0.490,js8call
rtty,selfade-12dB,351,0.1603,12,40.3,17.6,2,2,0.010,0.525,48.0,false,6.25,1.000,0.489,js8call
rtty,selfade-12dB,310,0.1830,11,41.1,11.7,2,2,0.023,0.500,56.0,false,6.25,1.000,0.741,js8call
rtty,selfade-12dB,357,0.1417,11,40.5,17.6,2,1,0.133,0.665,20.0,false,6.25,1.000,0.491,js8call
rtty,selfade-12dB,351,0.1427,9,41.2,11.7,2,2,0.010,0.505,45.0,false,6.25,1.000,0.530,ft8
rtty,selfade-12dB,351,0.1809,15,39.2,17.6,2,2,0.011,0.510,59.0,false,6.25,1.000,0.602,ft8
rtty,selfade-12dB,351,0.1821,14,39.2,17.6,3,3,0.011,0.505,47.5,false,6.25,1.000,0.603,ft8
rtty,qrn-light,351,0.1495,12,38.6,17.6,2,2,0.011,0.490,54.5,false,6.25,1.000,0.757,js8call
rtty,qrn-light,351,0.1574,10,40.6,11.7,2,2,0.011,0.510,46.0,false,6.25,1.000,0.734,js8call
rtty,qrn-light,351,0.1522,10,39.2,17.6,2,2,0.011,0.485,50.5,false,6.25,1.000,0.496,js8call
rtty,qrn-light,351,0.1814,14,38.5,17.6,2,2,0.011,0.510,53.0,false,6.25,1.000,0.576,ft8
rtty,qrn-light,357,0.1696,14,39.1,17.6,2,2,0.012,0.500,47.0,false,6.25,1.000,0.561,js8call
rtty,qrn-light,351,0.1584,9,39.5,17.6,2,2,0.012,0.495,46.0,false,6.25,1.000,0.463,js8call
rtty,qrn-light,339,0.1734,10,39.1,17.6,2,2,0.012,0.510,45.0,false,6.25,1.000,0.493,ft8
rtty,qrn-light,351,0.1455,8,40.2,11.7,2,2,0.013,0.485,50.5,false,6.25,1.000,0.528,ft8
rtty,qrn-light,339,0.1847,14,39.1,17.6,2,2,0.011,0.465,49.0,false,6.25,1.000,0.520,js8call
rtty,qrn-light,351,0.1511,9,40.2,11.7,2,2,0.016,0.495,46.0,false,6.25,1.000,0.728,js8call
rtty,qrn-light,351,0.1546,10,38.1,17.6,2,2,0.011,0.500,55.0,false,6.25,1.000,0.738,js8call
rtty,qrn-light,351,0.1507,11,37.8,17.6,2,2,0.012,0.540,44.5,false,6.25,1.000,0.807,js8call
rtty,qrn-light,351,0.1600,10,39.6,17.6,2,2,0.010,0.505,47.5,false,6.25,1.000,0.466,ft8
rtty,qrn-light,351,0.1632,10,39.3,17.6,2,2,0.014,0.535,51.0,false,6.25,1.000,0.502,js8call
rtty,qrn-light,351,0.1526,11,40.8,11.7,2,2,0.014,0.515,44.5,false,6.25,1.000,0.648,js8call
rtty,qrn-light,339,0.1622,8,38.2,17.6,2,2,0.014,0.490,44.5,false,6.25,1.000,0.511,js8call
rtty,qrn-light,351,0.1565,10,40.3,11.7,2,2,0.011,0.500,50.0,false,6.25,1.000,0.696,js8call
rtty,qrn-light,351,0.1547,11,38.7,17.6,2,2,0.012,0.450,48.5,false,6.25,1.000,0.502,js8call
rtty,qrn-light,351,0.1556,10,40.6,11.7,2,2,0.011,0.535,46.5,false,6.25,1.000,0.724,js8call
rtty,qrn-light,363,0.1408,13,38.6,17.6,2,2,0.011,0.525,51.0,false,6.25,1.000,0.715,ft8
rtty,qrn-light,351,0.1521,11,40.9,11.7,2,2,0.011,0.490,49.0,false,6.25,1.000,0.724,js8call
rtty,qrn-light,357,0.1532,9,39.4,17.6,2,2,0.011,0.505,51.0,false,6.25,1.000,0.499,js8call
rtty,qrn-light,339,0.1605,10,38.4,17.6,2,2,0.011,0.535,50.5,false,6.25,1.000,0.738,ft8
rtty,qrn-light,351,0.1523,11,40.5,11.7,2,2,0.012,0.505,44.5,false,6.25,1.000,0.803,js8call
rtty,qrn-light,351,0.1823,14,38.8,17.6,2,2,0.011,0.515,53.0,false,6.25,1.000,0.591,ft8
rtty,qrn-light,339,0.1776,10,38.8,17.6,2,2,0.014,0.500,53.0,false,6.25,1.000,0.443,ft8
rtty,qrn-light,339,0.1747,9,39.4,17.6,2,2,0.010,0.475,50.5,false,6.25,1.000,0.464,ft8
rtty,qrn-light,339,0.1639,10,38.5,17.6,2,2,0.011,0.485,49.5,false,6.25,1.000,0.744,ft8
rtty,qrn-light,310,0.1865,11,41.1,11.7,2,2,0.010,0.480,49.0,false,6.25,1.000,0.732,js8call
rtty,qrn-light,351,0.1846,12,37.7,17.6,2,2,0.016,0.465,40.0,false,6.25,1.000,0.518,ft8
rtty,qrn-heavy,304,0.2416,9,31.8,17.6,2,2,0.062,0.330,26.0,false,6.25,1.000,0.581,js8call
rtty,qrn-heavy,257,0.2917,7,32.3,17.6,2,2,0.066,0.465,35.0,false,6.25,1.000,0.749,js8call
rtty,qrn-heavy,298,0.2432,9,31.8,17.6,2,2,0.073,0.425,38.5,false,6.25,1.000,0.559,ft8
rtty,qrn-heavy,257,0.2746,8,33.2,17.6,2,2,0.059,0.450,44.5,false,6.25,1.000,0.395,js8call
rtty,qrn-heavy,257,0.2639,7,33.1,17.6,2,2,0.066,0.420,42.5,false,6.25,1.000,0.467,js8call
rtty,qrn-heavy,263,0.2751,7,33.3,17.6,2,2,0.060,0.460,48.5,false,6.25,1.000,0.406,js8call
rtty,qrn-heavy,328,0.2419,10,31.9,17.6,2,2,0.055,0.445,46.5,false,6.25,1.000,0.678,ft8
rtty,qrn-heavy,123,0.1830,6,34.3,17.6,2,2,0.064,0.445,42.0,false,6.25,1.000,0.523,ft8
rtty,qrn-heavy,298,0.2379,8,33.3,17.6,2,2,0.060,0.445,38.5,false,6.25,1.000,0.489,ft8
rtty,qrn-heavy,257,0.2474,6,33.7,17.6,2,2,0.059,0.430,42.5,false,6.25,1.000,0.517,js8call
rtty,qrn-heavy,257,0.2729,8,33.8,11.7,2,2,0.059,0.490,41.0,false,6.25,1.000,0.835,js8call
rtty,qrn-heavy,281,0.2765,9,31.5,17.6,2,2,0.074,0.435,36.0,false,6.25,1.000,0.434,js8call
rtty,qrn-heavy,298,0.2448,10,32.8,17.6,2,2,0.049,0.455,41.5,false,6.25,1.000,0.606,js8call
rtty,qrn-heavy,257,0.2736,8,31.1,17.6,2,2,0.084,0.310,14.0,false,6.25,1.000,0.505,ft8
rtty,qrn-heavy,257,0.2726,7,33.7,11.7,2,2,0.047,0.485,45.5,false,6.25,1.000,0.652,js8call
rtty,qrn-heavy,257,0.2517,9,33.2,17.6,2,2,0.046,0.510,50.5,false,6.25,1.000,0.435,js8call
rtty,qrn-heavy,257,0.3075,7,31.4,17.6,2,2,0.074,0.440,38.5,false,6.25,1.000,0.451,js8call
rtty,qrn-heavy,263,0.2717,7,32.9,17.6,2,2,0.060,0.480,42.5,false,6.25,1.000,0.472,ft8
rtty,qrn-heavy,287,0.2535,8,31.7,17.6,2,2,0.063,0.420,38.0,false,6.25,1.000,0.648,js8call
rtty,qrn-heavy,304,0.2068,7,31.9,17.6,2,2,0.057,0.450,42.0,false,6.25,1.000,0.989,js8call
rtty,qrn-heavy,257,0.2720,8,33.1,17.6,2,2,0.065,0.460,42.0,false,6.25,1.000,0.607,js8call
rtty,qrn-heavy,304,0.2539,9,31.6,17.6,2,2,0.064,0.490,43.0,false,6.25,1.000,0.616,ft8
rtty,qrn-heavy,298,0.2194,7,32.9,17.6,2,2,0.059,0.500,43.0,false,6.25,1.000,0.485,js8call
rtty,qrn-heavy,257,0.2660,7,33.7,11.7,2,2,0.064,0.425,36.5,false,6.25,1.000,0.676,js8call
rtty,qrn-heavy,269,0.2774,7,31.5,17.6,2,2,0.065,0.475,41.0,false,6.25,1.000,0.532,ft8
rtty,qrn-heavy,257,0.2517,6,34.4,11.7,2,2,0.049,0.435,45.5,false,6.25,1.000,0.551,ft8
rtty,qrn-heavy,292,0.2209,7,32.8,17.6,2,2,0.058,0.470,46.5,false,6.25,1.000,0.511,ft8
rtty,qrn-heavy,263,0.2680,8,32.6,17.6,2,2,0.055,0.475,41.0,false,6.25,1.000,0.484,ft8
rtty,qrn-heavy,304,0.2433,9,32.7,17.6,2,2,0.067,0.485,47.0,false,6.25,1.000,0.363,js8call
rtty,qrn-heavy,257,0.2643,6,33.2,17.6,2,2,0.049,0.455,42.0,false,6.25,1.000,0.455,ft8
rtty,drift-1Hz,439,0.0966,12,44.9,17.6,4,2,0.409,0.570,4.0,false,6.25,1.000,0.846,ft8
rtty,drift-1Hz,445,0.0901,17,44.4,17.6,5,2,0.409,0.565,4.0,false,6.25,1.000,0.815,ft8
rtty,drift-1Hz,462,0.0763,14,44.6,17.6,4,2,0.408,0.570,4.0,false,6.25,1.000,0.846,ft8
rtty,drift-1Hz,445,0.0830,12,44.5,17.6,4,2,0.410,0.570,4.0,false,6.25,1.000,0.847,ft8
rtty,drift-1Hz,439,0.0911,17,44.3,17.6,4,2,0.409,0.575,4.0,false,6.25,1.000,0.934,ft8
rtty,drift-1Hz,392,0.1060,13,45.9,17.6,5,4,0.410,0.565,4.0,false,6.25,1.000,0.885,ft8
rtty,drift-1Hz,433,0.0870,14,44.5,17.6,4,2,0.409,0.570,4.0,false,6.25,1.000,0.842,ft8
rtty,drift-1Hz,433,0.0964,16,44.5,17.6,4,2,0.409,0.565,4.0,false,6.25,1.000,0.814,ft8
rtty,drift-1Hz,439,0.1044,18,44.6,17.6,5,2,0.409,0.570,4.0,false,6.25,1.000,1.000,js8call
rtty,drift-1Hz,439,0.0890,13,44.8,17.6,4,2,0.410,0.580,4.0,false,6.25,1.000,0.844,ft8
rtty,drift-1Hz,433,0.0966,14,44.7,17.6,4,2,0.409,0.565,4.0,false,6.25,1.000,0.772,ft8
rtty,drift-1Hz,439,0.0886,17,44.2,17.6,4,2,0.407,0.565,4.0,false,6.25,1.000,0.933,ft8
rtty,drift-1Hz,439,0.0890,13,44.9,17.6,4,2,0.409,0.565,4.0,false,6.25,1.000,0.847,ft8
rtty,drift-1Hz,439,0.0949,13,45.1,17.6,4,2,0.409,0.580,4.0,false,6.25,1.000,0.843,ft8
rtty,drift-1Hz,433,0.0860,12,46.0,17.6,5,2,0.408,0.565,4.0,false,6.25,1.000,0.834,ft8
rtty,drift-1Hz,351,0.1322,13,45.9,17.6,5,4,0.408,0.575,4.0,false,6.25,1.000,0.886,ft8
rtty,drift-1Hz,392,0.1044,11,46.0,17.6,5,2,0.408,0.575,4.0,false,6.25,1.000,0.836,ft8
rtty,drift-1Hz,439,0.1047,17,44.6,17.6,4,2,0.409,0.565,4.0,false,6.25,1.000,0.981,js8call
rtty,drift-1Hz,433,0.0876,14,44.5,17.6,4,1,0.410,0.570,4.0,false,6.25,1.000,0.845,ft8
rtty,drift-1Hz,433,0.0871,11,45.9,17.6,5,2,0.409,0.565,4.0,false,6.25,1.000,0.839,ft8
rtty,drift-1Hz,445,0.0869,12,45.0,17.6,4,2,0.407,0.580,4.0,false,6.25,1.000,0.844,ft8
rtty,drift-1Hz,439,0.0851,13,44.6,17.6,4,2,0.408,0.570,4.0,false,6.25,1.000,0.842,ft8
rtty,drift-1Hz,433,0.0989,13,44.9,17.6,4,2,0.409,0.570,4.0,false,6.25,1.000,0.845,ft8
rtty,drift-1Hz,439,0.1028,18,44.5,17.6,5,2,0.409,0.565,4.0,false,6.25,1.000,0.999,js8call
rtty,drift-1Hz,439,0.0887,15,44.3,17.6,4,2,0.407,0.570,4.0,false,6.25,1.000,0.935,ft8
rtty,drift-1Hz,433,0.0904,18,44.3,17.6,4,2,0.408,0.565,4.0,false,6.25,1.000,0.934,ft8
rtty,drift-1Hz,439,0.0858,14,44.6,17.6,4,2,0.408,0.570,4.0,false,6.25,1.000,0.843,ft8
rtty,drift-1Hz,439,0.0939,14,44.7,17.6,4,2,0.408,0.575,4.0,false,6.25,1.000,0.773,ft8
rtty,drift-1Hz,433,0.0959,14,44.9,17.6,4,2,0.409,0.565,4.0,false,6.25,1.000,0.846,ft8
rtty,drift-1Hz,433,0.0912,13,44.8,17.6,4,2,0.409,0.570,4.0,false,6.25,1.000,0.838,ft8
rtty,drift-3Hz,439,0.1008,11,44.6,17.6,4,2,0.417,0.550,12.0,false,6.25,1.000,0.963,js8call
rtty,drift-3Hz,439,0.1011,13,44.6,17.6,4,2,0.417,0.550,12.0,false,6.25,1.000,0.963,js8call
rtty,drift-3Hz,445,0.1062,12,44.0,17.6,5,2,0.416,0.550,12.0,false,6.25,1.000,0.889,ft8
rtty,drift-3Hz,439,0.0942,12,45.0,17.6,5,2,0.415,0.550,12.0,false,6.25,1.000,0.782,ft8
rtty,drift-3Hz,433,0.1052,13,43.8,23.4,5,2,0.416,0.550,12.0,false,6.25,1.000,1.000,ft8
rtty,drift-3Hz,439,0.0915,12,43.2,17.6,4,2,0.416,0.550,12.0,false,6.25,1.000,1.000,js8call
rtty,drift-3Hz,439,0.0934,10,44.4,17.6,4,1,0.417,0.550,12.0,false,6.25,1.000,0.957,js8call
rtty,drift-3Hz,433,0.0972,11,43.2,17.6,4,2,0.416,0.545,12.0,false,6.25,1.000,1.000,js8call
rtty,drift-3Hz,462,0.0930,12,44.2,17.6,4,1,0.417,0.545,12.0,false,6.25,1.000,0.960,js8call
rtty,drift-3Hz,433,0.1116,12,44.0,17.6,5,2,0.417,0.545,12.0,false,6.25,1.000,0.891,ft8
rtty,drift-3Hz,439,0.0933,12,44.4,17.6,3,2,0.416,0.550,12.0,false,6.25,1.000,0.963,js8call
rtty,drift-3Hz,445,0.0980,12,44.6,17.6,4,2,0.415,0.545,12.0,false,6.25,1.000,0.970,js8call
rtty,drift-3Hz,439,0.0923,13,44.9,17.6,5,2,0.416,0.550,12.0,false,6.25,1.000,0.781,ft8
rtty,drift-3Hz,433,0.0956,11,44.9,17.6,5,2,0.416,0.550,12.0,false,6.25,1.000,0.783,ft8
rtty,drift-3Hz,445,0.1017,11,44.2,17.6,4,1,0.416,0.550,12.0,false,6.25,1.000,0.961,js8call
rtty,drift-3Hz,439,0.0920,11,43.2,17.6,4,2,0.415,0.550,12.0,false,6.25,1.000,1.000,js8call
rtty,drift-3Hz,439,0.0920,13,44.9,17.6,5,2,0.417,0.550,12.0,false,6.25,1.000,0.783,ft8
rtty,drift-3Hz,445,0.0917,13,43.2,17.6,4,2,0.416,0.550,12.0,false,6.25,1.000,1.000,js8call
rtty,drift-3Hz,439,0.1021,12,43.9,23.4,5,2,0.416,0.545,12.0,false,6.25,1.000,1.000,ft8
rtty,drift-3Hz,445,0.0979,13,44.6,17.6,4,2,0.415,0.550,12.0,false,6.25,1.000,0.964,js8call
rtty,drift-3Hz,439,0.0932,12,44.5,17.6,3,2,0.416,0.545,12.0,false,6.25,1.000,0.969,js8call
rtty,drift-3Hz,439,0.1044,13,44.3,17.6,4,1,0.417,0.550,12.0,false,6.25,1.000,0.963,js8call
rtty,drift-3Hz,509,0.0753,13,44.2,17.6,4,1,0.416,0.550,12.0,false,6.25,1.000,0.963,js8call
rtty,drift-3Hz,439,0.1031,12,44.3,17.6,4,1,0.416,0.550,12.0,false,6.25,1.000,0.963,js8call
rtty,drift-3Hz,445,0.1013,12,44.4,17.6,6,2,0.415,0.545,12.0,false,6.25,1.000,0.958,js8call
rtty,drift-3Hz,468,0.0910,12,44.4,17.6,4,1,0.416,0.545,12.0,false,6.25,1.000,0.959,js8call
rtty,drift-3Hz,445,0.0911,11,44.4,17.6,4,2,0.417,0.545,12.0,false,6.25,1.000,0.966,js8call
rtty,drift-3Hz,439,0.1023,11,43.9,23.4,5,2,0.415,0.545,12.0,false,6.25,1.000,1.000,ft8
rtty,drift-3Hz,492,0.0803,12,44.3,17.6,4,1,0.416,0.545,12.0,false,6.25,1.000,0.961,js8call
rtty,drift-3Hz,486,0.0936,14,43.4,17.6,4,2,0.417,0.550,12.0,false,6.25,1.000,0.957,js8call
rtty,phasenoise,433,0.0975,14,46.0,11.7,5,2,0.007,0.515,51.0,false,6.25,1.000,0.721,js8call
rtty,phasenoise,445,0.0884,16,43.7,17.6,5,2,0.007,0.525,44.0,false,6.25,1.000,0.755,ft8
rtty,phasenoise,445,0.0977,14,44.6,17.6,5,2,0.007,0.475,48.5,false,6.25,1.000,0.460,ft8
rtty,phasenoise,433,0.0983,14,46.1,11.7,6,4,0.006,0.530,47.0,false,6.25,1.000,0.740,js8call
rtty,phasenoise,445,0.0906,15,44.7,17.6,6,2,0.009,0.505,32.5,false,6.25,1.000,0.490,js8call
rtty,phasenoise,439,0.0922,17,43.8,17.6,5,2,0.006,0.510,47.5,false,6.25,1.000,0.752,ft8
rtty,phasenoise,439,0.0928,14,44.5,17.6,5,2,0.007,0.510,45.0,false,6.25,1.000,0.489,js8call
rtty,phasenoise,445,0.0958,13,44.5,17.6,5,2,0.007,0.440,52.5,false,6.25,1.000,0.459,ft8
rtty,phasenoise,398,0.1045,12,46.0,11.7,5,3,0.007,0.485,43.5,false,6.25,1.000,0.532,ft8
rtty,phasenoise,439,0.0963,11,44.8,17.6,4,2,0.006,0.505,53.0,false,6.25,1.000,0.492,js8call
rtty,phasenoise,445,0.0965,13,44.6,17.6,5,2,0.008,0.485,43.5,false,6.25,1.000,0.456,ft8
rtty,phasenoise,486,0.0737,16,43.7,17.6,5,2,0.007,0.545,46.0,false,6.25,1.000,0.757,js8call
rtty,phasenoise,445,0.0908,15,44.8,17.6,4,2,0.006,0.540,46.5,false,6.25,1.000,0.487,js8call
rtty,phasenoise,439,0.0977,13,44.9,17.6,5,2,0.007,0.485,52.0,false,6.25,1.000,0.493,js8call
rtty,phasenoise,486,0.0890,19,43.8,17.6,6,2,0.007,0.470,45.0,false,6.25,1.000,0.603,ft8
rtty,phasenoise,439,0.0913,15,43.9,17.6,4,2,0.007,0.550,55.0,false,6.25,1.000,0.744,ft8
rtty,phasenoise,445,0.0925,14,44.9,17.6,5,2,0.006,0.515,53.5,false,6.25,1.000,0.492,js8call
rtty,phasenoise,445,0.1028,16,44.6,17.6,7,3,0.007,0.475,50.5,false,6.25,1.000,0.520,js8call
rtty,phasenoise,433,0.0989,13,45.9,11.7,5,2,0.009,0.510,25.5,false,6.25,1.000,0.738,js8call
rtty,phasenoise,439,0.1126,20,43.8,17.6,6,2,0.006,0.520,49.5,false,6.25,1.000,0.604,ft8
rtty,phasenoise,445,0.0891,18,43.8,17.6,5,2,0.007,0.475,45.0,false,6.25,1.000,0.758,js8call
rtty,phasenoise,433,0.0946,15,43.9,17.6,5,2,0.007,0.520,46.5,false,6.25,1.000,0.760,js8call
rtty,phasenoise,445,0.1026,17,44.7,17.6,5,2,0.007,0.460,51.0,false,6.25,1.000,0.514,js8call
rtty,phasenoise,439,0.0922,15,43.6,17.6,5,2,0.007,0.500,47.0,false,6.25,1.000,0.760,js8call
rtty,phasenoise,439,0.1061,18,44.4,17.6,5,4,0.007,0.515,41.0,false,6.25,1.000,0.524,js8call
rtty,phasenoise,486,0.0885,18,43.9,17.6,6,5,0.006,0.495,50.0,false,6.25,1.000,0.599,ft8
rtty,phasenoise,445,0.1097,20,43.8,17.6,5,2,0.007,0.520,40.0,false,6.25,1.000,0.602,ft8
rtty,phasenoise,439,0.0944,12,44.8,17.6,4,2,0.006,0.480,47.5,false,6.25,1.000,0.495,js8call
rtty,phasenoise,445,0.0936,14,44.9,17.6,5,2,0.007,0.510,52.0,false,6.25,1.000,0.489,js8call
rtty,phasenoise,486,0.0772,14,44.9,17.6,5,2,0.007,0.535,49.0,false,6.25,1.000,0.486,js8call
rtty,hf-brutal,257,0.2971,8,32.5,17.6,2,2,0.245,0.550,17.5,false,6.25,1.000,1.000,ft8
rtty,hf-brutal,251,0.2644,6,33.1,17.6,2,2,0.229,0.515,15.5,false,6.25,1.000,0.945,js8call
rtty,hf-brutal,251,0.2832,5,32.6,17.6,2,2,0.235,0.545,17.5,false,6.25,1.000,1.000,ft8
rtty,hf-brutal,251,0.2757,6,33.8,17.6,2,2,0.220,0.490,15.5,false,6.25,1.000,0.933,ft8
rtty,hf-brutal,251,0.2805,5,32.6,17.6,2,2,0.227,0.545,20.5,false,6.25,1.000,0.972,ft8
rtty,hf-brutal,251,0.2889,6,32.7,17.6,2,2,0.231,0.505,18.5,false,6.25,1.000,0.931,ft8
rtty,hf-brutal,281,0.2275,5,33.4,17.6,2,2,0.228,0.530,14.5,false,6.25,1.000,0.922,js8call
rtty,hf-brutal,287,0.2090,5,33.5,17.6,2,2,0.230,0.530,15.0,false,6.25,1.000,0.906,js8call
rtty,hf-brutal,251,0.2765,6,34.2,17.6,2,2,0.234,0.370,11.5,false,6.25,1.000,1.000,ft8
rtty,hf-brutal,281,0.2591,8,32.5,11.7,2,2,0.228,0.550,18.5,false,6.25,1.000,1.000,ft8
rtty,hf-brutal,251,0.2773,7,33.7,17.6,2,2,0.229,0.515,14.5,false,6.25,1.000,0.924,js8call
rtty,hf-brutal,257,0.2646,7,34.0,17.6,2,2,0.223,0.500,16.5,false,6.25,1.000,0.945,ft8
rtty,hf-brutal,251,0.2765,5,33.3,17.6,2,2,0.230,0.500,16.5,false,6.25,1.000,0.923,js8call
rtty,hf-brutal,251,0.2749,6,33.9,17.6,2,2,0.244,0.390,10.5,false,6.25,1.000,1.000,ft8
rtty,hf-brutal,251,0.2606,5,32.7,17.6,2,2,0.231,0.485,15.5,false,6.25,1.000,0.936,ft8
rtty,hf-brutal,251,0.2979,7,32.1,11.7,2,2,0.228,0.565,18.5,false,6.25,1.000,1.000,ft8
rtty,hf-brutal,251,0.2742,5,34.6,17.6,2,2,0.229,0.450,13.5,false,6.25,1.000,1.000,ft8
rtty,hf-brutal,251,0.2597,5,34.3,17.6,2,2,0.228,0.510,13.5,false,6.25,1.000,1.000,ft8
rtty,hf-brutal,287,0.2216,5,33.6,17.6,2,2,0.224,0.525,16.5,false,6.25,1.000,0.954,ft8
rtty,hf-brutal,251,0.2773,6,32.6,17.6,2,2,0.232,0.535,18.5,false,6.25,1.000,1.000,ft8
rtty,hf-brutal,281,0.2060,6,33.4,17.6,2,2,0.228,0.525,17.5,false,6.25,1.000,0.903,ft8
rtty,hf-brutal,257,0.2618,7,33.4,17.6,2,2,0.224,0.555,15.5,false,6.25,1.000,0.944,ft8
rtty,hf-brutal,281,0.2262,6,33.2,17.6,2,2,0.236,0.520,14.5,false,6.25,1.000,0.897,ft8
rtty,hf-brutal,251,0.2725,6,33.0,17.6,2,2,0.239,0.510,18.5,false,6.25,1.000,0.927,ft8
rtty,hf-brutal,246,0.3094,9,31.7,11.7,2,2,0.242,0.555,18.5,false,6.25,1.000,1.000,ft8
rtty,hf-brutal,251,0.2835,6,33.7,17.6,2,2,0.230,0.495,15.5,false,6.25,1.000,0.951,js8call
rtty,hf-brutal,275,0.2402,6,32.9,17.6,2,2,0.226,0.525,16.5,false,6.25,1.000,0.940,ft8
rtty,hf-brutal,251,0.3055,8,32.6,17.6,2,2,0.239,0.570,16.5,false,6.25,1.000,1.000,ft8
rtty,hf-brutal,251,0.2717,5,33.0,17.6,2,2,0.220,0.545,17.5,false,6.25,1.000,0.977,ft8
rtty,hf-brutal,281,0.2346,6,33.5,17.6,2,2,0.214,0.510,16.5,false,6.25,1.000,0.952,ft8
psk31,agc-fast,82,0.1347,1,39.0,35.2,0,0,0.263,0.655,33.5,false,31.25,1.000,0.512,ft8
psk31,agc-fast,82,0.1241,1,39.4,29.3,0,0,0.259,0.640,32.0,false,31.25,1.000,0.546,ft8
psk31,agc-fast,82,0.1279,2,39.2,29.3,0,0,0.259,0.650,31.5,false,31.25,1.000,0.544,ft8
psk31,agc-fast,82,0.1327,1,38.9,35.2,0,0,0.263,0.655,33.5,false,31.25,1.000,0.518,ft8
psk31,agc-fast,76,0.1628,1,39.3,29.3,0,0,0.254,0.655,30.5,false,31.25,1.000,0.544,ft8
psk31,agc-fast,82,0.1276,1,39.4,29.3,0,0,0.258,0.650,31.5,false,31.25,1.000,0.559,ft8
psk31,agc-fast,82,0.1289,1,39.4,29.3,0,0,0.253,0.660,30.5,false,31.25,1.000,0.551,ft8
psk31,agc-fast,76,0.1636,1,39.0,35.2,0,0,0.268,0.640,35.0,false,31.25,1.000,0.643,js8call
psk31,agc-fast,82,0.1282,1,39.1,35.2,0,0,0.269,0.615,35.0,false,31.25,1.000,0.651,js8call
psk31,agc-fast,82,0.1315,1,38.9,35.2,0,0,0.267,0.635,34.5,false,31.25,1.000,0.371,js8call
psk31,agc-fast,82,0.1318,1,39.5,29.3,0,0,0.255,0.660,31.0,false,31.25,1.000,0.547,js8call
psk31,agc-fast,82,0.1328,1,39.0,35.2,0,0,0.263,0.655,33.5,false,31.25,1.000,0.530,ft8
psk31,agc-fast,82,0.1286,1,39.3,29.3,0,0,0.258,0.635,31.5,false,31.25,1.000,0.553,ft8
psk31,agc-fast,82,0.1279,1,39.3,29.3,0,0,0.256,0.665,31.0,false,31.25,1.000,0.538,js8call
psk31,agc-fast,82,0.1270,1,39.2,29.3,0,0,0.256,0.650,31.0,false,31.25,1.000,0.392,js8call
psk31,agc-fast,76,0.1580,1,39.3,29.3,0,0,0.254,0.650,30.5,false,31.25,1.000,0.542,ft8
psk31,agc-fast,82,0.1311,1,39.1,35.2,0,0,0.267,0.635,35.0,false,31.25,1.000,0.651,js8call
psk31,agc-fast,82,0.1319,1,38.9,35.2,0,0,0.265,0.635,34.5,false,31.25,1.000,0.372,js8call
psk31,agc-fast,82,0.1286,1,39.2,29.3,0,0,0.259,0.660,31.5,false,31.25,1.000,0.541,ft8
psk31,agc-fast,82,0.1290,1,39.0,35.2,0,0,0.265,0.630,34.5,false,31.25,1.000,0.371,js8call
psk31,agc-fast,82,0.1263,2,38.7,35.2,0,0,0.267,0.645,34.5,false,31.25,1.000,0.499,ft8
psk31,agc-fast,82,0.1244,1,39.3,29.3,0,0,0.257,0.655,31.0,false,31.25,1.000,0.543,js8call
psk31,agc-fast,82,0.1256,1,39.3,29.3,0,0,0.256,0.660,31.0,false,31.25,1.000,0.558,js8call
psk31,agc-fast,87,0.1075,1,39.0,35.2,0,0,0.265,0.630,34.5,false,31.25,1.000,0.372,js8call
psk31,agc-fast,82,0.1365,1,39.0,35.2,0,0,0.264,0.655,33.5,false,31.25,1.000,0.522,ft8
psk31,agc-fast,82,0.1295,1,39.4,29.3,0,0,0.257,0.650,31.5,false,31.25,1.000,0.546,ft8
psk31,agc-fast,82,0.1250,1,39.6,29.3,0,0,0.261,0.635,32.0,false,31.25,1.000,0.545,ft8
psk31,agc-fast,82,0.1272,2,39.3,29.3,0,0,0.259,0.645,31.5,false,31.25,1.000,0.551,ft8
psk31,agc-fast,82,0.1281,1,39.4,29.3,0,0,0.258,0.650,31.5,false,31.25,1.000,0.555,ft8
psk31,agc-fast,82,0.1279,1,39.0,35.2,0,0,0.267,0.635,34.5,false,31.25,1.000,0.367,js8call
psk31,agc-slow,82,0.1180,1,39.5,29.3,0,0,0.322,0.645,34.5,false,31.25,1.000,0.437,ft8
psk31,agc-slow,82,0.1151,1,39.6,29.3,0,0,0.318,0.640,31.0,false,31.25,1.000,0.573,ft8
psk31,agc-slow,76,0.1526,1,39.7,29.3,0,0,0.326,0.635,35.0,false,31.25,1.000,0.747,js8call
psk31,agc-slow,82,0.1164,1,39.7,29.3,0,0,0.313,0.675,30.5,false,31.25,1.000,0.567,ft8
psk31,agc-slow,76,0.1416,2,39.9,29.3,0,0,0.321,0.630,34.0,false,31.25,1.000,0.675,js8call
psk31,agc-slow,76,0.1477,1,39.7,29.3,0,0,0.314,0.650,30.0,false,31.25,1.000,0.464,ft8
psk31,agc-slow,76,0.1499,1,39.5,29.3,0,0,0.316,0.625,30.5,false,31.25,1.000,0.583,ft8
psk31,agc-slow,76,0.1422,1,39.8,29.3,0,0,0.320,0.630,34.0,false,31.25,1.000,0.672,js8call
psk31,agc-slow,76,0.1516,1,39.5,29.3,0,0,0.317,0.645,29.5,false,31.25,1.000,0.583,ft8
psk31,agc-slow,76,0.1493,1,39.7,29.3,0,0,0.328,0.635,35.0,false,31.25,1.000,0.730,js8call
psk31,agc-slow,82,0.1196,1,39.7,29.3,0,0,0.311,0.665,30.5,false,31.25,1.000,0.575,ft8
psk31,agc-slow,82,0.1168,1,39.8,29.3,0,0,0.328,0.630,35.0,false,31.25,1.000,0.728,js8call
psk31,agc-slow,82,0.1190,1,39.6,29.3,0,0,0.321,0.640,34.5,false,31.25,1.000,0.430,ft8
psk31,agc-slow,82,0.1214,1,39.5,29.3,0,0,0.321,0.645,34.5,false,31.25,1.000,0.433,ft8
psk31,agc-slow,76,0.1485,1,39.7,29.3,0,0,0.325,0.630,34.0,false,31.25,1.000,0.733,js8call
psk31,agc-slow,82,0.1238,1,39.6,29.3,0,0,0.318,0.635,31.0,false,31.25,1.000,0.584,ft8
psk31,agc-slow,82,0.1218,1,39.5,29.3,0,0,0.316,0.635,30.5,false,31.25,1.000,0.570,ft8
psk31,agc-slow,76,0.1425,1,39.9,29.3,0,0,0.322,0.650,34.0,false,31.25,1.000,0.684,js8call
psk31,agc-slow,82,0.1215,1,39.5,29.3,0,0,0.323,0.645,34.5,false,31.25,1.000,0.424,ft8
psk31,agc-slow,76,0.1503,1,39.5,29.3,0,0,0.317,0.625,29.5,false,31.25,1.000,0.579,ft8
psk31,agc-slow,82,0.1206,1,39.6,29.3,0,0,0.318,0.645,32.0,false,31.25,1.000,0.575,ft8
psk31,agc-slow,82,0.1163,1,39.6,29.3,0,0,0.323,0.645,34.5,false,31.25,1.000,0.430,ft8
psk31,agc-slow,76,0.1555,1,39.5,29.3,0,0,0.319,0.655,33.5,false,31.25,1.000,0.626,ft8
psk31,agc-slow,82,0.1216,1,39.5,29.3,0,0,0.315,0.635,29.5,false,31.25,1.000,0.576,ft8
psk31,agc-slow,82,0.1240,1,39.3,29.3,0,0,0.319,0.665,33.5,false,31.25,1.000,0.624,ft8
psk31,agc-slow,76,0.1507,1,39.4,29.3,0,0,0.323,0.645,34.5,false,31.25,1.000,0.432,ft8
psk31,agc-slow,82,0.1148,1,39.6,29.3,0,0,0.323,0.630,33.5,false,31.25,1.000,0.602,ft8
psk31,agc-slow,76,0.1545,1,39.2,29.3,0,0,0.318,0.645,33.5,false,31.25,1.000,0.617,ft8
psk31,agc-slow,82,0.1228,1,39.5,29.3,0,0,0.318,0.660,32.0,false,31.25,1.000,0.570,ft8
psk31,agc-slow,76,0.1530,1,39.6,29.3,0,0,0.316,0.635,30.5,false,31.25,1.000,0.573,ft8
psk31,selfade-6dB,87,0.1167,2,39.5,35.2,0,0,0.269,0.615,34.5,false,31.25,1.000,0.340,ft8
psk31,selfade-6dB,87,0.1135,2,40.1,29.3,0,0,0.258,0.660,30.5,false,31.25,1.000,0.527,js8call
psk31,selfade-6dB,87,0.1145,2,39.5,35.2,0,0,0.271,0.610,35.0,false,31.25,1.000,0.494,js8call
psk31,selfade-6dB,87,0.1180,2,40.2,29.3,0,0,0.260,0.645,31.5,false,31.25,1.000,0.519,js8call
psk31,selfade-6dB,87,0.1102,3,39.7,35.2,0,0,0.266,0.640,34.0,false,31.25,1.000,0.571,js8call
psk31,selfade-6dB,76,0.1456,1,40.3,29.3,0,0,0.278,0.620,31.5,false,31.25,1.000,0.475,js8call
psk31,selfade-6dB,87,0.1142,2,39.3,35.2,0,0,0.271,0.615,34.5,false,31.25,1.000,0.339,ft8
psk31,selfade-6dB,87,0.1163,3,40.2,29.3,0,0,0.260,0.640,32.0,false,31.25,1.000,0.513,js8call
psk31,selfade-6dB,87,0.1199,2,40.0,29.3,0,0,0.259,0.645,31.5,false,31.25,1.000,0.520,js8call
psk31,selfade-6dB,87,0.1173,2,39.3,35.2,0,0,0.271,0.615,34.5,false,31.25,1.000,0.343,ft8
psk31,selfade-6dB,82,0.1136,2,39.6,35.2,0,0,0.283,0.590,34.0,false,31.25,1.000,1.000,ft8
psk31,selfade-6dB,82,0.1396,2,39.5,35.2,0,0,0.273,0.610,35.0,false,31.25,1.000,0.501,js8call
psk31,selfade-6dB,70,0.1913,2,40.8,23.4,0,0,0.262,0.630,30.5,false,31.25,1.000,0.430,js8call
psk31,selfade-6dB,87,0.1179,2,39.6,35.2,0,0,0.268,0.615,34.5,false,31.25,1.000,0.330,ft8
psk31,selfade-6dB,87,0.1168,2,39.2,35.2,0,0,0.271,0.615,34.5,false,31.25,1.000,0.345,ft8
psk31,selfade-6dB,87,0.1349,1,40.0,29.3,0,0,0.276,0.625,31.0,false,31.25,1.000,0.372,js8call
psk31,selfade-6dB,87,0.1096,3,39.6,35.2,0,0,0.267,0.655,34.0,false,31.25,1.000,0.566,js8call
psk31,selfade-6dB,87,0.1150,2,40.1,29.3,0,0,0.261,0.645,31.5,false,31.25,1.000,0.524,js8call
psk31,selfade-6dB,87,0.1171,2,40.0,29.3,0,0,0.258,0.645,31.5,false,31.25,1.000,0.527,js8call
psk31,selfade-6dB,87,0.1158,2,39.5,35.2,0,0,0.269,0.610,35.0,false,31.25,1.000,0.498,js8call
psk31,selfade-6dB,87,0.1098,2,39.6,35.2,0,0,0.273,0.610,35.0,false,31.25,1.000,0.501,js8call
psk31,selfade-6dB,82,0.1457,2,39.8,29.3,0,0,0.261,0.645,31.5,false,31.25,1.000,0.526,js8call
psk31,selfade-6dB,76,0.1496,1,39.8,35.2,0,0,0.284,0.615,34.5,false,31.25,1.000,0.332,ft8
psk31,selfade-6dB,87,0.1160,2,40.3,29.3,0,0,0.261,0.640,32.0,false,31.25,1.000,0.506,js8call
psk31,selfade-6dB,87,0.1162,2,39.6,35.2,0,0,0.270,0.610,35.0,false,31.25,1.000,0.501,js8call
psk31,selfade-6dB,87,0.1077,2,39.4,35.2,0,0,0.274,0.615,34.5,false,31.25,1.000,0.340,ft8
psk31,selfade-6dB,87,0.1128,2,39.3,35.2,0,0,0.271,0.615,34.5,false,31.25,1.000,0.343,ft8
psk31,selfade-6dB,87,0.1157,2,40.3,29.3,0,0,0.261,0.640,32.0,false,31.25,1.000,0.523,js8call
psk31,selfade-6dB,87,0.1199,2,40.1,29.3,0,0,0.259,0.645,31.5,false,31.25,1.000,0.521,js8call
psk31,selfade-6dB,87,0.1154,3,40.3,29.3,0,0,0.257,0.655,30.5,false,31.25,1.000,0.518,js8call
psk31,selfade-12dB,87,0.1139,2,39.5,35.2,0,0,0.271,0.610,35.0,false,31.25,1.000,0.500,js8call
psk31,selfade-12dB,87,0.1172,2,40.1,29.3,0,0,0.259,0.645,31.5,false,31.25,1.000,0.529,js8call
psk31,selfade-12dB,87,0.1143,2,39.6,35.2,0,0,0.269,0.615,34.5,false,31.25,1.000,0.336,ft8
psk31,selfade-12dB,82,0.1433,2,40.1,29.3,0,0,0.259,0.650,31.0,false,31.25,1.000,0.544,js8call
psk31,selfade-12dB,82,0.1513,1,39.4,29.3,0,0,0.279,0.610,33.5,false,31.25,1.000,0.483,ft8
psk31,selfade-12dB,87,0.1018,1,39.7,29.3,0,0,0.272,0.645,31.5,false,31.25,1.000,0.526,js8call
psk31,selfade-12dB,87,0.1176,2,40.0,29.3,0,0,0.257,0.650,31.0,false,31.25,1.000,0.550,js8call
psk31,selfade-12dB,87,0.1086,3,39.6,35.2,0,0,0.268,0.660,34.0,false,31.25,1.000,0.553,js8call
psk31,selfade-12dB,87,0.1181,2,39.6,35.2,0,0,0.268,0.615,34.5,false,31.25,1.000,0.338,ft8
psk31,selfade-12dB,87,0.1169,2,40.2,29.3,0,0,0.257,0.655,30.5,false,31.25,1.000,0.534,js8call
psk31,selfade-12dB,87,0.1101,2,39.5,35.2,0,0,0.271,0.610,35.0,false,31.25,1.000,0.501,js8call
psk31,selfade-12dB,87,0.1177,2,39.3,35.2,0,0,0.271,0.615,34.5,false,31.25,1.000,0.340,ft8
psk31,selfade-12dB,87,0.1181,2,40.1,29.3,0,0,0.260,0.645,31.5,false,31.25,1.000,0.517,js8call
psk31,selfade-12dB,87,0.1197,3,39.9,29.3,0,0,0.261,0.645,31.5,false,31.25,1.000,0.514,js8call
psk31,selfade-12dB,82,0.1293,1,40.2,29.3,0,0,0.267,0.650,31.0,false,31.25,1.000,0.510,js8call
psk31,selfade-12dB,87,0.1150,2,40.2,29.3,0,0,0.262,0.640,32.0,false,31.25,1.000,0.525,js8call
psk31,selfade-12dB,87,0.1120,3,39.5,35.2,0,0,0.271,0.610,35.0,false,31.25,1.000,0.497,js8call
psk31,selfade-12dB,87,0.1150,3,39.5,35.2,0,0,0.270,0.610,35.0,false,31.25,1.000,0.498,js8call
psk31,selfade-12dB,87,0.1116,2,39.5,35.2,0,0,0.269,0.615,34.5,false,31.25,1.000,0.641,js8call
psk31,selfade-12dB,87,0.1139,2,39.5,35.2,0,0,0.267,0.615,34.5,false,31.25,1.000,0.331,ft8
psk31,selfade-12dB,87,0.1161,2,40.0,29.3,0,0,0.258,0.650,31.0,false,31.25,1.000,0.529,js8call
psk31,selfade-12dB,87,0.1175,2,39.3,35.2,0,0,0.272,0.615,34.5,false,31.25,1.000,0.346,ft8
psk31,selfade-12dB,87,0.1131,2,39.5,35.2,0,0,0.269,0.620,34.5,false,31.25,1.000,0.646,js8call
psk31,selfade-12dB,87,0.1180,2,39.6,35.2,0,0,0.268,0.615,34.5,false,31.25,1.000,0.345,ft8
psk31,selfade-12dB,82,0.1387,2,39.6,35.2,0,0,0.272,0.630,35.0,false,31.25,1.000,0.492,js8call
psk31,selfade-12dB,87,0.1188,2,40.1,29.3,0,0,0.260,0.645,31.5,false,31.25,1.000,0.515,js8call
psk31,selfade-12dB,87,0.1166,3,40.2,29.3,0,0,0.256,0.655,30.5,false,31.25,1.000,0.520,js8call
psk31,selfade-12dB,82,0.1388,2,39.5,35.2,0,0,0.269,0.615,34.5,false,31.25,1.000,0.620,js8call
psk31,selfade-12dB,87,0.1144,2,39.5,35.2,0,0,0.269,0.615,34.5,false,31.25,1.000,0.645,js8call
psk31,selfade-12dB,82,0.1472,1,39.0,35.2,0,0,0.283,0.620,34.5,false,31.25,1.000,0.443,ft8
psk31,qrn-light,87,0.1143,2,39.3,35.2,0,0,0.271,0.610,35.0,false,31.25,1.000,0.501,js8call
psk31,qrn-light,87,0.1244,3,38.8,29.3,0,0,0.252,0.650,31.5,false,31.25,1.000,0.545,js8call
psk31,qrn-light,87,0.1200,2,38.8,29.3,0,0,0.253,0.655,32.0,false,31.25,1.000,0.531,js8call
psk31,qrn-light,87,0.1111,3,39.4,35.2,0,0,0.266,0.660,34.0,false,31.25,1.000,0.558,js8call
psk31,qrn-light,87,0.1166,2,38.9,35.2,0,0,0.264,0.620,34.5,false,31.25,1.000,0.345,ft8
psk31,qrn-light,87,0.1201,3,39.0,29.3,0,0,0.259,0.655,31.5,false,31.25,1.000,0.541,js8call
psk31,qrn-light,87,0.1182,3,39.4,35.2,0,0,0.272,0.610,35.0,false,31.25,1.000,0.502,js8call
psk31,qrn-light,87,0.1149,2,39.0,35.2,0,0,0.267,0.615,35.0,false,31.25,1.000,0.514,js8call
psk31,qrn-light,87,0.1224,2,37.7,35.2,0,0,0.258,0.625,35.0,false,31.25,1.000,0.510,js8call
psk31,qrn-light,87,0.1210,2,39.3,29.3,0,0,0.256,0.645,32.0,false,31.25,1.000,0.544,js8call
psk31,qrn-light,82,0.1405,2,39.3,29.3,0,0,0.253,0.660,31.0,false,31.25,1.000,0.528,js8call
psk31,qrn-light,87,0.1232,2,39.9,29.3,0,0,0.260,0.640,32.0,false,31.25,1.000,0.521,js8call
psk31,qrn-light,82,0.1471,2,39.5,29.3,0,0,0.259,0.645,31.5,false,31.25,1.000,0.535,js8call
psk31,qrn-light,87,0.1214,2,38.5,35.2,0,0,0.270,0.615,34.5,false,31.25,1.000,0.339,ft8
psk31,qrn-light,87,0.1157,3,39.8,29.3,0,0,0.258,0.645,31.5,false,31.25,1.000,0.523,js8call
psk31,qrn-light,82,0.1473,2,39.6,29.3,0,0,0.255,0.645,32.0,false,31.25,1.000,0.517,js8call
psk31,qrn-light,87,0.1216,2,39.2,35.2,0,0,0.267,0.615,34.5,false,31.25,1.000,0.330,ft8
psk31,qrn-light,82,0.1502,2,37.9,35.2,0,0,0.262,0.630,34.5,false,31.25,1.000,0.320,js8call
psk31,qrn-light,87,0.1278,3,38.3,29.3,0,0,0.241,0.650,32.0,false,31.25,1.000,0.521,js8call
psk31,qrn-light,87,0.1204,2,37.9,35.2,0,0,0.260,0.625,34.5,false,31.25,1.000,0.341,ft8
psk31,qrn-light,87,0.1167,3,40.1,29.3,0,0,0.259,0.645,31.5,false,31.25,1.000,0.525,js8call
psk31,qrn-light,82,0.1453,2,38.7,29.3,0,0,0.225,0.665,31.5,false,31.25,1.000,0.526,js8call
psk31,qrn-light,87,0.1215,3,39.8,29.3,0,0,0.259,0.645,31.5,false,31.25,1.000,0.530,js8call
psk31,qrn-light,87,0.1181,2,39.6,29.3,0,0,0.259,0.650,31.0,false,31.25,1.000,0.568,js8call
psk31,qrn-light,87,0.1184,3,39.8,29.3,0,0,0.257,0.645,32.0,false,31.25,1.000,0.520,js8call
psk31,qrn-light,87,0.1188,2,38.4,35.2,0,0,0.271,0.615,34.5,false,31.25,1.000,0.353,ft8
psk31,qrn-light,82,0.1521,2,39.0,29.3,0,0,0.245,0.665,32.0,false,31.25,1.000,0.533,js8call
psk31,qrn-light,87,0.1156,2,38.5,35.2,0,0,0.262,0.610,35.0,false,31.25,1.000,0.504,js8call
psk31,qrn-light,87,0.1189,3,39.8,29.3,0,0,0.255,0.650,31.5,false,31.25,1.000,0.523,js8call
psk31,qrn-light,87,0.1161,2,39.4,35.2,0,0,0.268,0.620,34.5,false,31.25,1.000,0.340,ft8
psk31,qrn-heavy,82,0.2176,2,32.7,29.3,0,0,0.201,0.660,29.5,false,31.25,1.000,0.411,js8call
psk31,qrn-heavy,76,0.2434,2,31.1,29.3,0,0,0.193,0.675,23.0,false,31.25,1.000,0.665,js8call
psk31,qrn-heavy,82,0.2282,2,32.2,29.3,0,0,0.180,0.660,27.0,false,31.25,1.000,0.512,js8call
psk31,qrn-heavy,76,0.2544,1,30.5,29.3,0,0,0.196,0.685,25.0,false,31.25,1.000,0.572,js8call
psk31,qrn-heavy,87,0.1775,2,32.6,29.3,0,0,0.190,0.645,28.5,false,31.25,1.000,0.504,js8call
psk31,qrn-heavy,82,0.1817,2,33.9,29.3,0,0,0.188,0.670,29.0,false,31.25,1.000,0.545,js8call
psk31,qrn-heavy,82,0.1997,3,33.6,29.3,0,0,0.176,0.635,28.5,false,31.25,1.000,0.519,js8call
psk31,qrn-heavy,76,0.2607,3,31.2,35.2,0,0,0.198,0.640,29.5,false,31.25,1.000,0.344,ft8
psk31,qrn-heavy,76,0.2483,2,31.1,35.2,0,0,0.205,0.650,30.5,false,31.25,1.000,0.316,js8call
psk31,qrn-heavy,87,0.1715,2,33.0,29.3,0,0,0.190,0.670,30.0,false,31.25,1.000,0.609,js8call
psk31,qrn-heavy,76,0.2726,2,30.7,35.2,0,0,0.209,0.655,30.5,false,31.25,1.000,0.560,js8call
psk31,qrn-heavy,76,0.2498,1,30.9,35.2,0,0,0.204,0.600,30.5,false,31.25,1.000,0.428,js8call
psk31,qrn-heavy,76,0.2412,3,32.1,29.3,0,0,0.196,0.655,26.5,false,31.25,1.000,0.311,js8call
psk31,qrn-heavy,82,0.2322,2,31.1,35.2,0,0,0.201,0.665,31.5,false,31.25,1.000,0.342,ft8
psk31,qrn-heavy,82,0.1998,2,32.8,29.3,0,0,0.181,0.695,29.5,false,31.25,1.000,0.483,js8call
psk31,qrn-heavy,87,0.1864,1,31.7,35.2,0,0,0.199,0.640,34.5,false,31.25,1.000,0.344,ft8
psk31,qrn-heavy,70,0.2672,3,32.7,35.2,0,0,0.202,0.605,34.5,false,31.25,1.000,0.313,ft8
psk31,qrn-heavy,82,0.2015,3,32.3,29.3,0,0,0.191,0.700,27.0,false,31.25,1.000,0.387,js8call
psk31,qrn-heavy,76,0.2452,3,30.8,35.2,0,0,0.203,0.625,28.5,false,31.25,1.000,0.364,ft8
psk31,qrn-heavy,82,0.2123,2,32.7,35.2,0,0,0.192,0.655,29.5,false,31.25,1.000,0.430,ft8
psk31,qrn-heavy,76,0.2261,2,32.0,35.2,0,0,0.202,0.655,33.0,false,31.25,1.000,0.697,ft8
psk31,qrn-heavy,76,0.2114,2,33.9,29.3,0,0,0.164,0.665,29.5,false,31.25,1.000,0.570,js8call
psk31,qrn-heavy,82,0.1889,3,33.5,29.3,0,0,0.193,0.665,30.0,false,31.25,1.000,0.538,js8call
psk31,qrn-heavy,82,0.1972,3,32.4,29.3,0,0,0.195,0.675,28.5,false,31.25,1.000,0.574,js8call
psk31,qrn-heavy,82,0.2066,3,31.9,35.2,0,0,0.196,0.665,33.0,false,31.25,1.000,0.484,js8call
psk31,qrn-heavy,82,0.2091,2,33.2,29.3,0,0,0.194,0.680,29.0,false,31.25,1.000,0.435,js8call
psk31,qrn-heavy,82,0.2059,2,32.8,29.3,0,0,0.184,0.670,28.5,false,31.25,1.000,0.581,js8call
psk31,qrn-heavy,82,0.2459,2,30.3,29.3,0,0,0.194,0.680,29.5,false,31.25,1.000,0.514,js8call
psk31,qrn-heavy,76,0.2228,2,31.9,35.2,0,0,0.202,0.675,28.0,false,31.25,1.000,0.547,js8call
psk31,qrn-heavy,70,0.2554,2,32.8,35.2,0,0,0.202,0.640,32.5,false,31.25,1.000,0.346,ft8
psk31,drift-1Hz,87,0.0993,2,44.9,29.3,0,0,0.525,0.480,21.0,false,31.25,1.000,0.436,js8call
psk31,drift-1Hz,87,0.0955,2,44.7,29.3,0,0,0.520,0.495,20.0,false,31.25,1.000,0.539,ft8
psk31,drift-1Hz,87,0.0964,1,44.6,29.3,0,0,0.519,0.495,20.0,false,31.25,1.000,0.541,ft8
psk31,drift-1Hz,87,0.0924,1,44.7,29.3,0,0,0.536,0.480,22.5,false,31.25,1.000,0.584,ft8
psk31,drift-1Hz,87,0.0977,2,44.6,29.3,0,0,0.523,0.485,21.5,false,31.25,1.000,0.491,ft8
psk31,drift-1Hz,87,0.0977,2,44.5,29.3,0,0,0.522,0.485,21.5,false,31.25,1.000,0.489,ft8
psk31,drift-1Hz,87,0.0917,1,44.6,29.3,0,0,0.536,0.480,22.5,false,31.25,1.000,0.586,ft8
psk31,drift-1Hz,87,0.0990,1,44.5,29.3,0,0,0.523,0.485,21.5,false,31.25,1.000,0.488,ft8
psk31,drift-1Hz,87,0.0984,1,44.6,29.3,0,0,0.519,0.495,20.0,false,31.25,1.000,0.535,ft8
psk31,drift-1Hz,87,0.0968,2,44.7,29.3,0,0,0.518,0.495,20.0,false,31.25,1.000,0.535,ft8
psk31,drift-1Hz,87,0.0965,1,44.6,29.3,0,0,0.515,0.495,20.5,false,31.25,1.000,0.496,js8call
psk31,drift-1Hz,87,0.1049,2,44.4,35.2,0,0,0.523,0.510,22.5,false,31.25,1.000,0.800,ft8
psk31,drift-1Hz,87,0.1027,1,44.3,35.2,0,0,0.523,0.510,22.5,false,31.25,1.000,0.796,ft8
psk31,drift-1Hz,87,0.1037,1,44.3,35.2,0,0,0.523,0.510,22.5,false,31.25,1.000,0.797,ft8
psk31,drift-1Hz,87,0.0946,2,44.8,29.3,0,0,0.520,0.495,20.0,false,31.25,1.000,0.534,ft8
psk31,drift-1Hz,87,0.0997,3,44.9,29.3,0,0,0.524,0.480,21.0,false,31.25,1.000,0.439,js8call
psk31,drift-1Hz,87,0.0990,1,44.6,29.3,0,0,0.516,0.495,20.5,false,31.25,1.000,0.500,js8call
psk31,drift-1Hz,87,0.0947,2,44.5,29.3,0,0,0.524,0.485,21.5,false,31.25,1.000,0.489,ft8
psk31,drift-1Hz,87,0.0996,1,44.1,35.2,0,0,0.520,0.475,25.0,false,31.25,1.000,0.676,js8call
psk31,drift-1Hz,87,0.0978,1,44.6,29.3,0,0,0.529,0.490,22.5,false,31.25,1.000,0.485,ft8
psk31,drift-1Hz,93,0.0748,1,44.5,29.3,0,0,0.523,0.480,23.0,false,31.25,1.000,0.435,js8call
psk31,drift-1Hz,87,0.0975,1,44.7,29.3,0,0,0.527,0.490,22.5,false,31.25,1.000,0.482,ft8
psk31,drift-1Hz,87,0.0979,1,44.1,35.2,0,0,0.521,0.475,25.0,false,31.25,1.000,0.675,js8call
psk31,drift-1Hz,87,0.0903,1,44.5,29.3,0,0,0.535,0.480,22.5,false,31.25,1.000,0.587,ft8
psk31,drift-1Hz,93,0.0730,1,44.5,29.3,0,0,0.524,0.480,23.0,false,31.25,1.000,0.435,js8call
psk31,drift-1Hz,87,0.1003,1,44.8,29.3,0,0,0.526,0.485,21.5,false,31.25,1.000,0.491,ft8
psk31,drift-1Hz,87,0.1016,1,44.3,35.2,0,0,0.522,0.510,22.5,false,31.25,1.000,0.801,ft8
psk31,drift-1Hz,87,0.0967,1,44.7,29.3,0,0,0.516,0.490,19.5,false,31.25,1.000,0.499,js8call
psk31,drift-1Hz,87,0.0986,3,44.8,29.3,0,0,0.519,0.495,20.0,false,31.25,1.000,0.536,ft8
psk31,drift-1Hz,87,0.0956,1,44.5,29.3,0,0,0.529,0.500,22.5,false,31.25,1.000,0.483,ft8
psk31,drift-3Hz,99,0.0733,1,44.9,29.3,0,0,0.541,0.470,24.5,false,31.25,1.000,0.376,js8call
psk31,drift-3Hz,93,0.0939,1,44.2,29.3,0,0,0.534,0.480,24.5,false,31.25,1.000,0.528,js8call
psk31,drift-3Hz,87,0.1039,1,45.6,23.4,0,0,0.524,0.490,23.0,false,31.25,1.000,0.442,js8call
psk31,drift-3Hz,99,0.0783,1,44.4,29.3,0,0,0.523,0.475,24.5,false,31.25,1.000,0.527,js8call
psk31,drift-3Hz,93,0.0882,1,45.0,29.3,0,0,0.542,0.465,23.5,false,31.25,1.000,0.369,js8call
psk31,drift-3Hz,93,0.0847,1,45.2,29.3,0,0,0.535,0.465,25.0,false,31.25,1.000,0.681,js8call
psk31,drift-3Hz,87,0.1240,1,44.4,35.2,0,0,0.527,0.465,26.5,false,31.25,1.000,0.528,js8call
psk31,drift-3Hz,93,0.0818,1,45.6,23.4,0,0,0.524,0.490,23.0,false,31.25,1.000,0.446,js8call
psk31,drift-3Hz,87,0.1108,1,45.2,29.3,0,0,0.535,0.475,25.0,false,31.25,1.000,0.681,js8call
psk31,drift-3Hz,93,0.0866,1,45.3,29.3,0,0,0.535,0.470,25.0,false,31.25,1.000,0.691,js8call
psk31,drift-3Hz,93,0.0865,1,45.2,29.3,0,0,0.534,0.475,25.0,false,31.25,1.000,0.687,js8call
psk31,drift-3Hz,93,0.0971,1,44.0,35.2,0,0,0.520,0.485,29.0,false,31.25,1.000,0.527,js8call
psk31,drift-3Hz,87,0.1223,1,44.7,29.3,0,0,0.535,0.470,24.5,false,31.25,1.000,0.798,ft8
psk31,drift-3Hz,93,0.0839,1,45.5,23.4,0,0,0.531,0.490,23.5,false,31.25,1.000,0.383,ft8
psk31,drift-3Hz,93,0.0815,2,45.7,23.4,0,0,0.525,0.490,23.0,false,31.25,1.000,0.444,ft8
psk31,drift-3Hz,93,0.0856,1,45.2,29.3,0,0,0.534,0.465,25.0,false,31.25,1.000,0.680,js8call
psk31,drift-3Hz,87,0.1106,1,45.1,29.3,0,0,0.527,0.450,25.0,false,31.25,1.000,0.460,js8call
psk31,drift-3Hz,93,0.0961,1,44.3,29.3,0,0,0.534,0.485,25.5,false,31.25,1.000,0.522,js8call
psk31,drift-3Hz,93,0.0971,1,44.5,29.3,0,0,0.523,0.475,24.5,false,31.25,1.000,0.523,js8call
psk31,drift-3Hz,93,0.0989,1,44.7,29.3,0,0,0.534,0.470,24.5,false,31.25,1.000,0.795,ft8
psk31,drift-3Hz,93,0.0892,1,44.9,29.3,0,0,0.526,0.450,25.0,false,31.25,1.000,0.464,js8call
psk31,drift-3Hz,99,0.0660,1,45.5,23.4,0,0,0.530,0.490,23.5,false,31.25,1.000,0.387,ft8
psk31,drift-3Hz,93,0.0854,1,45.1,29.3,0,0,0.535,0.465,25.0,false,31.25,1.000,0.673,js8call
psk31,drift-3Hz,93,0.0892,1,45.1,29.3,0,0,0.526,0.455,26.0,false,31.25,1.000,0.454,js8call
psk31,drift-3Hz,93,0.0983,1,44.1,35.2,0,0,0.519,0.475,29.0,false,31.25,1.000,0.524,js8call
psk31,drift-3Hz,93,0.0982,1,44.1,35.2,0,0,0.520,0.480,29.0,false,31.25,1.000,0.527,js8call
psk31,drift-3Hz,87,0.1270,1,44.6,29.3,0,0,0.534,0.470,24.5,false,31.25,1.000,0.784,ft8
psk31,drift-3Hz,93,0.0945,1,44.4,29.3,0,0,0.524,0.475,24.5,false,31.25,1.000,0.515,js8call
psk31,drift-3Hz,93,0.0954,1,44.3,35.2,0,0,0.529,0.460,25.5,false,31.25,1.000,0.516,js8call
psk31,drift-3Hz,93,0.0824,1,45.8,23.4,0,0,0.525,0.490,23.0,false,31.25,1.000,0.440,ft8
psk31,phasenoise,87,0.1076,2,44.9,29.3,0,0,0.296,0.645,31.5,false,31.25,1.000,0.526,js8call
psk31,phasenoise,87,0.1051,3,45.1,29.3,0,0,0.296,0.645,31.5,false,31.25,1.000,0.521,js8call
psk31,phasenoise,87,0.1027,2,44.6,35.2,0,0,0.306,0.615,34.5,false,31.25,1.000,0.341,ft8
psk31,phasenoise,87,0.1053,4,44.9,29.3,0,0,0.298,0.645,31.5,false,31.25,1.000,0.522,js8call
psk31,phasenoise,87,0.1053,3,45.2,29.3,0,0,0.299,0.640,32.0,false,31.25,1.000,0.524,js8call
psk31,phasenoise,87,0.1050,3,44.9,29.3,0,0,0.297,0.645,31.5,false,31.25,1.000,0.524,js8call
psk31,phasenoise,87,0.1032,3,44.9,29.3,0,0,0.297,0.645,31.5,false,31.25,1.000,0.521,js8call
psk31,phasenoise,87,0.1009,3,44.4,35.2,0,0,0.304,0.675,34.0,false,31.25,1.000,0.545,js8call
psk31,phasenoise,87,0.1040,3,45.1,29.3,0,0,0.297,0.645,31.5,false,31.25,1.000,0.522,js8call
psk31,phasenoise,87,0.1029,2,44.5,35.2,0,0,0.307,0.615,34.5,false,31.25,1.000,0.340,ft8
psk31,phasenoise,87,0.1085,2,44.7,35.2,0,0,0.303,0.625,33.5,false,31.25,1.000,0.458,ft8
psk31,phasenoise,87,0.1050,2,45.0,29.3,0,0,0.295,0.650,31.0,false,31.25,1.000,0.551,js8call
psk31,phasenoise,87,0.1019,2,45.1,29.3,0,0,0.293,0.655,30.5,false,31.25,1.000,0.525,js8call
psk31,phasenoise,87,0.1034,4,45.0,29.3,0,0,0.299,0.645,31.5,false,31.25,1.000,0.514,js8call
psk31,phasenoise,93,0.0798,2,44.4,35.2,0,0,0.311,0.615,34.5,false,31.25,1.000,0.341,ft8
psk31,phasenoise,87,0.1016,2,44.2,35.2,0,0,0.310,0.615,34.5,false,31.25,1.000,0.341,ft8
psk31,phasenoise,87,0.1047,2,45.0,29.3,0,0,0.294,0.650,31.0,false,31.25,1.000,0.556,js8call
psk31,phasenoise,93,0.0762,2,44.5,35.2,0,0,0.306,0.655,34.0,false,31.25,1.000,0.544,js8call
psk31,phasenoise,87,0.1073,2,44.7,35.2,0,0,0.302,0.625,33.5,false,31.25,1.000,0.457,ft8
psk31,phasenoise,87,0.1038,2,45.1,29.3,0,0,0.295,0.650,31.0,false,31.25,1.000,0.550,js8call
psk31,phasenoise,87,0.1052,3,45.2,29.3,0,0,0.298,0.640,32.0,false,31.25,1.000,0.522,js8call
psk31,phasenoise,87,0.1036,3,45.2,29.3,0,0,0.298,0.640,32.0,false,31.25,1.000,0.523,js8call
psk31,phasenoise,87,0.1036,3,45.3,29.3,0,0,0.298,0.640,32.0,false,31.25,1.000,0.523,js8call
psk31,phasenoise,87,0.0979,2,44.5,35.2,0,0,0.304,0.680,34.0,false,31.25,1.000,0.553,js8call
psk31,phasenoise,87,0.1066,2,44.8,35.2,0,0,0.304,0.625,33.5,false,31.25,1.000,0.457,ft8
psk31,phasenoise,87,0.1008,2,44.1,35.2,0,0,0.310,0.615,34.5,false,31.25,1.000,0.340,ft8
psk31,phasenoise,87,0.0993,2,44.2,35.2,0,0,0.310,0.615,34.5,false,31.25,1.000,0.338,ft8
psk31,phasenoise,87,0.1027,3,45.2,29.3,0,0,0.293,0.655,30.5,false,31.25,1.000,0.524,js8call
psk31,phasenoise,87,0.1012,2,44.3,35.2,0,0,0.310,0.615,34.5,false,31.25,1.000,0.339,ft8
psk31,phasenoise,87,0.1054,2,44.9,29.3,0,0,0.294,0.650,31.0,false,31.25,1.000,0.552,js8call
psk31,hf-brutal,58,0.3899,1,33.4,29.3,0,0,0.292,0.590,24.0,false,31.25,1.000,0.490,js8call
psk31,hf-brutal,58,0.3889,1,33.1,29.3,0,0,0.306,0.550,25.5,false,31.25,1.000,0.476,js8call
psk31,hf-brutal,58,0.3829,1,33.7,29.3,0,0,0.296,0.555,24.5,false,31.25,1.000,0.563,js8call
psk31,hf-brutal,58,0.3850,1,33.1,29.3,0,0,0.281,0.535,25.0,false,31.25,1.000,0.437,js8call
psk31,hf-brutal,58,0.3691,1,34.0,29.3,0,0,0.280,0.545,25.0,false,31.25,1.000,0.433,ft8
psk31,hf-brutal,58,0.3741,1,33.4,29.3,0,0,0.291,0.565,26.0,false,31.25,1.000,0.430,ft8
psk31,hf-brutal,58,0.3726,1,34.1,29.3,0,0,0.294,0.540,27.5,false,31.25,1.000,0.547,js8call
psk31,hf-brutal,58,0.3809,1,32.6,29.3,0,0,0.279,0.530,27.0,false,31.25,1.000,0.437,js8call
psk31,hf-brutal,58,0.3624,1,33.9,29.3,0,0,0.285,0.560,26.5,false,31.25,1.000,0.433,ft8
psk31,hf-brutal,58,0.3948,2,34.1,29.3,0,0,0.276,0.520,27.5,false,31.25,1.000,0.503,js8call
psk31,hf-brutal,58,0.3757,1,33.7,29.3,0,0,0.273,0.515,25.5,false,31.25,1.000,0.785,js8call
psk31,hf-brutal,58,0.3836,1,33.6,29.3,0,0,0.290,0.545,26.5,false,31.25,1.000,0.552,js8call
psk31,hf-brutal,64,0.2836,1,33.8,29.3,0,0,0.289,0.570,26.0,false,31.25,1.000,0.496,js8call
psk31,hf-brutal,64,0.3144,1,33.2,35.2,0,0,0.285,0.525,28.0,false,31.25,1.000,0.494,js8call
psk31,hf-brutal,58,0.3952,1,33.1,29.3,0,0,0.291,0.530,24.5,false,31.25,1.000,0.535,js8call
psk31,hf-brutal,58,0.4144,1,33.2,35.2,0,0,0.294,0.525,27.0,false,31.25,1.000,0.489,ft8
psk31,hf-brutal,58,0.4028,1,32.9,35.2,0,0,0.303,0.560,27.0,false,31.25,1.000,0.524,ft8
psk31,hf-brutal,64,0.3097,1,33.1,35.2,0,0,0.281,0.525,28.0,false,31.25,1.000,0.491,js8call
psk31,hf-brutal,58,0.3940,1,33.1,29.3,0,0,0.281,0.510,26.5,false,31.25,1.000,0.542,js8call
psk31,hf-brutal,58,0.3967,1,33.0,35.2,0,0,0.279,0.500,23.5,false,31.25,1.000,0.825,js8call
psk31,hf-brutal,58,0.3897,1,33.8,29.3,0,0,0.293,0.565,26.5,false,31.25,1.000,0.574,js8call
psk31,hf-brutal,58,0.3917,1,33.4,35.2,0,0,0.282,0.540,27.5,false,31.25,1.000,0.820,js8call
psk31,hf-brutal,64,0.3085,1,33.2,35.2,0,0,0.286,0.545,29.0,false,31.25,1.000,0.522,ft8
psk31,hf-brutal,58,0.3494,1,33.7,29.3,0,0,0.268,0.515,24.0,false,31.25,1.000,0.407,js8call
psk31,hf-brutal,58,0.3886,1,33.3,35.2,0,0,0.301,0.560,27.5,false,31.25,1.000,0.824,js8call
psk31,hf-brutal,58,0.4111,1,33.2,35.2,0,0,0.287,0.520,27.0,false,31.25,1.000,0.518,ft8
psk31,hf-brutal,58,0.3874,1,32.9,29.3,0,0,0.286,0.560,24.0,false,31.25,1.000,0.565,js8call
psk31,hf-brutal,58,0.3558,1,33.7,29.3,0,0,0.280,0.505,22.0,false,31.25,1.000,0.412,js8call
psk31,hf-brutal,58,0.3911,2,33.9,29.3,0,0,0.281,0.545,27.5,false,31.25,1.000,0.515,js8call
psk31,hf-brutal,58,0.3912,1,33.2,35.2,0,0,0.295,0.545,26.5,false,31.25,1.000,0.842,js8call
bpsk63,agc-fast,111,0.4430,4,36.9,58.6,0,0,0.207,0.575,41.5,false,62.50,1.000,0.938,ft8
bpsk63,agc-fast,117,0.3469,4,36.8,52.7,0,0,0.208,0.575,43.0,false,62.50,1.000,0.726,ft8
bpsk63,agc-fast,117,0.3502,4,37.3,52.7,0,0,0.206,0.585,44.0,false,62.50,1.000,0.801,ft8
bpsk63,agc-fast,111,0.4516,4,36.5,64.5,0,0,0.211,0.590,47.5,false,62.50,1.000,0.843,ft8
bpsk63,agc-fast,111,0.4532,4,36.6,64.5,0,0,0.213,0.595,47.5,false,62.50,1.000,0.852,ft8
bpsk63,agc-fast,111,0.4267,4,36.8,52.7,0,0,0.206,0.575,44.0,false,62.50,1.000,0.724,ft8
bpsk63,agc-fast,117,0.3490,4,37.3,52.7,0,0,0.205,0.580,44.0,false,62.50,1.000,0.801,ft8
bpsk63,agc-fast,111,0.4256,4,36.9,52.7,0,0,0.206,0.580,44.0,false,62.50,1.000,0.720,ft8
bpsk63,agc-fast,117,0.3433,4,36.8,52.7,0,0,0.207,0.570,42.0,false,62.50,1.000,0.724,ft8
bpsk63,agc-fast,111,0.4260,4,36.8,52.7,0,0,0.208,0.580,45.0,false,62.50,1.000,0.727,ft8
bpsk63,agc-fast,111,0.4309,4,36.8,52.7,0,0,0.206,0.575,43.0,false,62.50,1.000,0.731,ft8
bpsk63,agc-fast,111,0.4370,4,37.3,52.7,0,0,0.209,0.595,46.5,false,62.50,1.000,0.745,ft8
bpsk63,agc-fast,111,0.4118,4,37.9,52.7,0,0,0.208,0.580,42.0,false,62.50,1.000,0.735,ft8
bpsk63,agc-fast,111,0.4376,4,37.0,58.6,0,0,0.206,0.575,42.5,false,62.50,1.000,0.943,ft8
bpsk63,agc-fast,111,0.4098,4,37.7,52.7,0,0,0.207,0.580,43.0,false,62.50,1.000,0.747,ft8
bpsk63,agc-fast,117,0.3648,4,36.7,64.5,0,0,0.209,0.570,48.0,false,62.50,1.000,0.848,ft8
bpsk63,agc-fast,117,0.3504,4,36.8,52.7,0,0,0.207,0.570,43.0,false,62.50,1.000,0.726,ft8
bpsk63,agc-fast,111,0.4271,4,36.9,52.7,0,0,0.206,0.580,44.0,false,62.50,1.000,0.714,ft8
bpsk63,agc-fast,111,0.4261,4,37.3,52.7,0,0,0.208,0.565,44.0,false,62.50,1.000,0.802,ft8
bpsk63,agc-fast,111,0.4427,4,36.9,58.6,0,0,0.207,0.575,42.5,false,62.50,1.000,0.932,ft8
bpsk63,agc-fast,117,0.3607,4,37.4,52.7,0,0,0.213,0.600,46.0,false,62.50,1.000,0.546,ft8
bpsk63,agc-fast,111,0.4229,4,36.9,52.7,0,0,0.206,0.570,43.0,false,62.50,1.000,0.720,ft8
bpsk63,agc-fast,117,0.3544,4,37.3,52.7,0,0,0.211,0.605,45.5,false,62.50,1.000,0.742,ft8
bpsk63,agc-fast,117,0.3507,4,37.3,52.7,0,0,0.208,0.610,47.0,false,62.50,1.000,0.801,ft8
bpsk63,agc-fast,111,0.4333,4,37.2,52.7,0,0,0.211,0.580,44.5,false,62.50,1.000,0.752,ft8
bpsk63,agc-fast,117,0.3342,4,37.7,52.7,0,0,0.206,0.565,42.0,false,62.50,1.000,0.754,ft8
bpsk63,agc-fast,117,0.3589,4,37.2,52.7,0,0,0.213,0.595,44.0,false,62.50,1.000,0.551,ft8
bpsk63,agc-fast,117,0.3558,4,37.0,52.7,0,0,0.213,0.570,43.0,false,62.50,1.000,0.889,ft8
bpsk63,agc-fast,111,0.4386,4,36.9,52.7,0,0,0.215,0.590,47.0,false,62.50,1.000,0.897,ft8
bpsk63,agc-fast,117,0.3601,4,37.4,52.7,0,0,0.213,0.600,46.0,false,62.50,1.000,0.554,ft8
bpsk63,agc-slow,111,0.4199,3,38.0,41.0,0,0,0.284,0.575,41.5,false,62.50,1.000,1.000,ft8
bpsk63,agc-slow,111,0.3853,3,37.4,52.7,0,0,0.278,0.575,40.0,false,62.50,1.000,1.000,ft8
bpsk63,agc-slow,111,0.4079,4,38.4,41.0,0,0,0.277,0.555,39.5,false,62.50,1.000,1.000,ft8
bpsk63,agc-slow,111,0.3833,3,38.0,46.9,0,0,0.278,0.600,40.0,false,62.50,1.000,1.000,ft8
bpsk63,agc-slow,117,0.3366,4,38.4,41.0,0,0,0.276,0.555,39.5,false,62.50,1.000,1.000,ft8
bpsk63,agc-slow,117,0.3333,3,37.7,46.9,0,0,0.280,0.575,38.5,false,62.50,1.000,1.000,ft8
bpsk63,agc-slow,111,0.3971,3,38.0,52.7,0,0,0.277,0.550,39.0,false,62.50,1.000,1.000,ft8
bpsk63,agc-slow,111,0.4199,3,37.7,41.0,0,0,0.283,0.580,42.0,false,62.50,1.000,1.000,ft8
bpsk63,agc-slow,111,0.3808,3,37.5,52.7,0,0,0.280,0.570,41.0,false,62.50,1.000,1.000,ft8
bpsk63,agc-slow,117,0.3339,4,38.3,41.0,0,0,0.276,0.575,41.5,false,62.50,1.000,1.000,ft8
bpsk63,agc-slow,111,0.4106,4,38.4,41.0,0,0,0.277,0.565,40.5,false,62.50,1.000,1.000,ft8
bpsk63,agc-slow,111,0.4157,3,37.7,46.9,0,0,0.282,0.615,46.0,false,62.50,1.000,0.829,ft8
bpsk63,agc-slow,111,0.3853,3,37.9,46.9,0,0,0.280,0.595,40.0,false,62.50,1.000,1.000,ft8
bpsk63,agc-slow,111,0.4144,4,38.3,41.0,0,0,0.276,0.560,40.5,false,62.50,1.000,1.000,ft8
bpsk63,agc-slow,111,0.4209,3,37.7,41.0,0,0,0.282,0.575,41.0,false,62.50,1.000,1.000,ft8
bpsk63,agc-slow,111,0.3813,3,37.9,46.9,0,0,0.278,0.585,40.0,false,62.50,1.000,1.000,ft8
bpsk63,agc-slow,111,0.3861,3,37.8,46.9,0,0,0.277,0.575,41.0,false,62.50,1.000,1.000,ft8
bpsk63,agc-slow,117,0.3154,3,37.4,52.7,0,0,0.278,0.570,40.0,false,62.50,1.000,1.000,ft8
bpsk63,agc-slow,117,0.3341,3,38.1,46.9,0,0,0.283,0.565,40.0,false,62.50,1.000,1.000,ft8
bpsk63,agc-slow,111,0.4099,3,37.7,46.9,0,0,0.281,0.575,38.5,false,62.50,1.000,1.000,ft8
bpsk63,agc-slow,111,0.4211,3,37.6,41.0,0,0,0.283,0.555,39.0,false,62.50,1.000,1.000,ft8
bpsk63,agc-slow,117,0.3270,3,37.5,52.7,0,0,0.280,0.565,38.0,false,62.50,1.000,1.000,ft8
bpsk63,agc-slow,111,0.4148,3,37.6,46.9,0,0,0.283,0.625,47.0,false,62.50,1.000,0.823,ft8
bpsk63,agc-slow,111,0.4206,3,37.6,41.0,0,0,0.282,0.585,42.0,false,62.50,1.000,1.000,ft8
bpsk63,agc-slow,117,0.3107,3,38.0,46.9,0,0,0.278,0.575,40.0,false,62.50,1.000,1.000,ft8
bpsk63,agc-slow,111,0.4200,3,38.0,41.0,0,0,0.283,0.590,44.5,false,62.50,1.000,1.000,ft8
bpsk63,agc-slow,111,0.4094,4,38.3,41.0,0,0,0.275,0.565,40.5,false,62.50,1.000,1.000,ft8
bpsk63,agc-slow,111,0.3841,3,37.9,46.9,0,0,0.278,0.590,41.0,false,62.50,1.000,1.000,ft8
bpsk63,agc-slow,111,0.3850,3,37.6,52.7,0,0,0.279,0.580,41.0,false,62.50,1.000,1.000,ft8
bpsk63,agc-slow,117,0.3287,3,37.5,52.7,0,0,0.277,0.560,38.0,false,62.50,1.000,1.000,ft8
bpsk63,selfade-6dB,117,0.3488,5,38.2,52.7,0,0,0.186,0.570,40.0,false,62.50,1.000,0.497,ft8
bpsk63,selfade-6dB,117,0.3633,6,37.7,52.7,0,0,0.190,0.590,47.0,false,62.50,1.000,0.522,ft8
bpsk63,selfade-6dB,117,0.4505,4,37.1,35.2,0,0,0.295,0.415,54.0,false,62.50,1.000,0.325,ft8
bpsk63,selfade-6dB,111,0.4045,3,37.5,58.6,0,0,0.224,0.530,39.0,false,62.50,1.000,0.571,ft8
bpsk63,selfade-6dB,117,0.3657,5,37.9,52.7,0,0,0.185,0.595,47.0,false,62.50,1.000,0.522,ft8
bpsk63,selfade-6dB,117,0.3687,6,37.4,52.7,0,0,0.194,0.575,48.0,false,62.50,1.000,0.611,ft8
bpsk63,selfade-6dB,111,0.4561,6,37.7,52.7,0,0,0.192,0.605,48.0,false,62.50,1.000,0.498,js8call
bpsk63,selfade-6dB,117,0.3844,3,38.2,35.2,0,0,0.219,0.615,55.5,false,62.50,1.000,0.434,ft8
bpsk63,selfade-6dB,117,0.3680,6,37.8,52.7,0,0,0.194,0.600,48.0,false,62.50,1.000,0.491,js8call
bpsk63,selfade-6dB,117,0.3696,6,37.5,52.7,0,0,0.195,0.575,48.0,false,62.50,1.000,0.614,ft8
bpsk63,selfade-6dB,117,0.3793,6,37.1,64.5,0,0,0.194,0.565,46.5,false,62.50,1.000,0.573,ft8
bpsk63,selfade-6dB,117,0.3683,5,37.4,52.7,0,0,0.194,0.580,48.0,false,62.50,1.000,0.617,ft8
bpsk63,selfade-6dB,111,0.4539,4,36.8,58.6,0,0,0.185,0.575,45.5,false,62.50,1.000,0.650,ft8
bpsk63,selfade-6dB,117,0.3773,6,37.2,64.5,0,0,0.191,0.570,48.0,false,62.50,1.000,0.577,ft8
bpsk63,selfade-6dB,117,0.3638,6,37.7,52.7,0,0,0.186,0.590,47.0,false,62.50,1.000,0.521,ft8
bpsk63,selfade-6dB,117,0.3695,5,37.4,52.7,0,0,0.194,0.580,48.0,false,62.50,1.000,0.608,ft8
bpsk63,selfade-6dB,111,0.4423,5,37.5,52.7,0,0,0.198,0.570,43.5,false,62.50,1.000,0.468,ft8
bpsk63,selfade-6dB,111,0.4564,4,36.8,58.6,0,0,0.186,0.575,45.5,false,62.50,1.000,0.656,ft8
bpsk63,selfade-6dB,117,0.3771,5,37.2,64.5,0,0,0.191,0.565,48.0,false,62.50,1.000,0.586,ft8
bpsk63,selfade-6dB,117,0.3617,6,37.8,52.7,0,0,0.186,0.595,47.0,false,62.50,1.000,0.533,ft8
bpsk63,selfade-6dB,117,0.3671,5,37.8,52.7,0,0,0.189,0.595,47.5,false,62.50,1.000,0.473,ft8
bpsk63,selfade-6dB,117,0.3776,6,37.2,64.5,0,0,0.190,0.565,48.0,false,62.50,1.000,0.582,ft8
bpsk63,selfade-6dB,117,0.3756,6,37.1,64.5,0,0,0.193,0.570,46.5,false,62.50,1.000,0.558,ft8
bpsk63,selfade-6dB,117,0.3698,6,37.8,52.7,0,0,0.193,0.600,48.0,false,62.50,1.000,0.495,js8call
bpsk63,selfade-6dB,117,0.3329,4,38.5,46.9,0,0,0.233,0.510,36.5,false,62.50,1.000,0.406,js8call
bpsk63,selfade-6dB,111,0.4555,4,36.7,58.6,0,0,0.185,0.575,45.5,false,62.50,1.000,0.645,ft8
bpsk63,selfade-6dB,117,0.3695,6,37.8,52.7,0,0,0.192,0.600,48.0,false,62.50,1.000,0.482,js8call
bpsk63,selfade-6dB,117,0.3746,5,37.0,64.5,0,0,0.195,0.565,46.5,false,62.50,1.000,0.565,ft8
bpsk63,selfade-6dB,117,0.3595,6,37.8,52.7,0,0,0.187,0.595,47.0,false,62.50,1.000,0.529,ft8
bpsk63,selfade-6dB,117,0.3709,6,37.7,52.7,0,0,0.194,0.600,48.0,false,62.50,1.000,0.489,js8call
bpsk63,selfade-12dB,117,0.3395,6,38.3,23.4,0,0,0.190,0.575,45.0,false,62.50,1.000,0.492,ft8
bpsk63,selfade-12dB,117,0.3750,6,37.7,52.7,0,0,0.191,0.600,48.0,false,62.50,1.000,0.490,js8call
bpsk63,selfade-12dB,111,0.4532,5,36.8,58.6,0,0,0.187,0.535,38.5,false,62.50,1.000,0.626,ft8
bpsk63,selfade-12dB,117,0.3676,6,37.4,52.7,0,0,0.194,0.575,48.0,false,62.50,1.000,0.611,ft8
bpsk63,selfade-12dB,117,0.3657,6,37.4,52.7,0,0,0.194,0.570,47.0,false,62.50,1.000,0.612,ft8
bpsk63,selfade-12dB,117,0.3465,6,38.3,52.7,0,0,0.188,0.570,40.0,false,62.50,1.000,0.493,ft8
bpsk63,selfade-12dB,117,0.3747,5,37.1,58.6,0,0,0.197,0.525,40.5,false,62.50,1.000,0.564,ft8
bpsk63,selfade-12dB,117,0.3452,6,38.3,52.7,0,0,0.189,0.555,40.0,false,62.50,1.000,0.482,ft8
bpsk63,selfade-12dB,117,0.3695,6,37.4,52.7,0,0,0.193,0.575,48.0,false,62.50,1.000,0.613,ft8
bpsk63,selfade-12dB,117,0.3505,6,38.2,52.7,0,0,0.187,0.570,40.0,false,62.50,1.000,0.492,ft8
bpsk63,selfade-12dB,117,0.3439,6,38.3,23.4,0,0,0.187,0.595,47.0,false,62.50,1.000,0.500,ft8
bpsk63,selfade-12dB,117,0.3621,6,37.7,52.7,0,0,0.187,0.590,47.0,false,62.50,1.000,0.518,ft8
bpsk63,selfade-12dB,117,0.3701,5,37.7,52.7,0,0,0.191,0.600,48.0,false,62.50,1.000,0.497,js8call
bpsk63,selfade-12dB,117,0.3783,6,37.2,58.6,0,0,0.191,0.565,47.0,false,62.50,1.000,0.585,ft8
bpsk63,selfade-12dB,117,0.3604,6,37.8,52.7,0,0,0.199,0.565,45.5,false,62.50,1.000,0.453,ft8
bpsk63,selfade-12dB,117,0.3568,5,37.8,52.7,0,0,0.187,0.595,47.0,false,62.50,1.000,0.527,ft8
bpsk63,selfade-12dB,111,0.4646,5,37.0,58.6,0,0,0.195,0.565,46.5,false,62.50,1.000,0.574,ft8
bpsk63,selfade-12dB,117,0.3765,6,37.2,64.5,0,0,0.190,0.570,48.0,false,62.50,1.000,0.589,ft8
bpsk63,selfade-12dB,117,0.3444,6,38.3,52.7,0,0,0.187,0.570,40.0,false,62.50,1.000,0.486,ft8
bpsk63,selfade-12dB,117,0.3479,6,38.3,23.4,0,0,0.185,0.605,48.0,false,62.50,1.000,0.518,ft8
bpsk63,selfade-12dB,117,0.3439,6,38.2,52.7,0,0,0.187,0.565,40.0,false,62.50,1.000,0.502,ft8
bpsk63,selfade-12dB,117,0.3709,5,37.7,52.7,0,0,0.193,0.605,48.0,false,62.50,1.000,0.490,js8call
bpsk63,selfade-12dB,117,0.3623,5,37.8,52.7,0,0,0.186,0.595,47.0,false,62.50,1.000,0.530,ft8
bpsk63,selfade-12dB,117,0.3282,5,38.5,29.3,0,0,0.225,0.510,40.0,false,62.50,1.000,0.398,ft8
bpsk63,selfade-12dB,117,0.3683,5,37.4,52.7,0,0,0.192,0.570,47.0,false,62.50,1.000,0.601,ft8
bpsk63,selfade-12dB,117,0.3599,6,37.8,52.7,0,0,0.187,0.590,47.0,false,62.50,1.000,0.527,ft8
bpsk63,selfade-12dB,117,0.3485,5,38.2,52.7,0,0,0.186,0.570,40.0,false,62.50,1.000,0.484,ft8
bpsk63,selfade-12dB,117,0.3471,5,38.8,23.4,0,0,0.216,0.565,48.0,false,62.50,1.000,0.419,js8call
bpsk63,selfade-12dB,117,0.3612,5,37.3,52.7,0,0,0.188,0.580,46.0,false,62.50,1.000,0.485,ft8
bpsk63,selfade-12dB,117,0.3757,6,37.0,64.5,0,0,0.195,0.565,46.5,false,62.50,1.000,0.579,ft8
bpsk63,qrn-light,117,0.3684,5,36.1,52.7,0,0,0.182,0.535,37.0,false,62.50,1.000,0.488,ft8
bpsk63,qrn-light,117,0.3716,6,36.9,52.7,0,0,0.185,0.600,47.5,false,62.50,1.000,0.470,ft8
bpsk63,qrn-light,111,0.4598,5,35.8,58.6,0,0,0.185,0.580,44.5,false,62.50,1.000,0.664,ft8
bpsk63,qrn-light,117,0.3686,6,37.0,52.7,0,0,0.186,0.610,45.0,false,62.50,1.000,0.524,ft8
bpsk63,qrn-light,117,0.3530,5,36.9,52.7,0,0,0.183,0.570,40.0,false,62.50,1.000,0.495,ft8
bpsk63,qrn-light,117,0.3602,6,36.8,52.7,0,0,0.185,0.550,40.0,false,62.50,1.000,0.501,ft8
bpsk63,qrn-light,111,0.4297,6,37.2,52.7,0,0,0.184,0.570,40.0,false,62.50,1.000,0.484,ft8
bpsk63,qrn-light,111,0.4289,6,35.6,52.7,0,0,0.180,0.580,38.0,false,62.50,1.000,0.524,ft8
bpsk63,qrn-light,117,0.3632,6,37.3,52.7,0,0,0.186,0.605,47.0,false,62.50,1.000,0.517,ft8
bpsk63,qrn-light,111,0.4415,5,36.9,52.7,0,0,0.187,0.590,46.0,false,62.50,1.000,0.496,ft8
bpsk63,qrn-light,117,0.3487,6,37.4,52.7,0,0,0.182,0.570,40.0,false,62.50,1.000,0.496,ft8
bpsk63,qrn-light,117,0.3688,6,36.6,52.7,0,0,0.192,0.595,48.0,false,62.50,1.000,0.604,ft8
bpsk63,qrn-light,117,0.3489,6,37.8,52.7,0,0,0.184,0.605,48.0,false,62.50,1.000,0.514,ft8
bpsk63,qrn-light,117,0.3760,6,37.1,52.7,0,0,0.190,0.600,48.0,false,62.50,1.000,0.498,js8call
bpsk63,qrn-light,117,0.3648,6,37.0,52.7,0,0,0.183,0.580,46.0,false,62.50,1.000,0.499,ft8
bpsk63,qrn-light,117,0.3827,5,36.7,64.5,0,0,0.191,0.570,48.0,false,62.50,1.000,0.573,ft8
bpsk63,qrn-light,117,0.3799,5,36.5,64.5,0,0,0.194,0.575,46.5,false,62.50,1.000,0.569,ft8
bpsk63,qrn-light,117,0.3626,6,37.3,52.7,0,0,0.168,0.540,38.0,false,62.50,1.000,0.482,ft8
bpsk63,qrn-light,117,0.3591,6,36.9,52.7,0,0,0.185,0.595,44.5,false,62.50,1.000,0.486,ft8
bpsk63,qrn-light,111,0.4225,6,37.1,23.4,0,0,0.181,0.600,47.0,false,62.50,1.000,0.508,ft8
bpsk63,qrn-light,117,0.3534,6,37.7,23.4,0,0,0.183,0.605,48.0,false,62.50,1.000,0.514,ft8
bpsk63,qrn-light,117,0.3710,6,36.3,52.7,0,0,0.185,0.620,45.5,false,62.50,1.000,0.477,ft8
bpsk63,qrn-light,117,0.3528,6,37.5,23.4,0,0,0.186,0.605,48.0,false,62.50,1.000,0.505,ft8
bpsk63,qrn-light,111,0.4561,6,36.8,52.7,0,0,0.188,0.595,47.5,false,62.50,1.000,0.444,ft8
bpsk63,qrn-light,117,0.3441,6,37.1,23.4,0,0,0.183,0.590,39.0,false,62.50,1.000,0.513,ft8
bpsk63,qrn-light,117,0.3800,5,34.6,52.7,0,0,0.185,0.565,38.0,false,62.50,1.000,0.632,ft8
bpsk63,qrn-light,117,0.3458,6,37.6,52.7,0,0,0.185,0.585,42.0,false,62.50,1.000,0.488,ft8
bpsk63,qrn-light,111,0.4650,5,36.8,64.5,0,0,0.187,0.570,47.0,false,62.50,1.000,0.587,ft8
bpsk63,qrn-light,117,0.3702,6,37.3,52.7,0,0,0.188,0.600,48.5,false,62.50,1.000,0.475,ft8
bpsk63,qrn-light,117,0.3737,6,37.4,52.7,0,0,0.187,0.615,48.0,false,62.50,1.000,0.475,js8call
bpsk63,qrn-heavy,111,0.4923,2,29.1,52.7,0,0,0.161,0.595,29.5,false,62.50,1.000,0.649,ft8
bpsk63,qrn-heavy,117,0.4573,3,28.8,64.5,0,0,0.170,0.630,40.5,false,62.50,1.000,0.572,ft8
bpsk63,qrn-heavy,111,0.4468,4,30.9,23.4,0,0,0.146,0.580,43.0,false,62.50,1.000,0.517,js8call
bpsk63,qrn-heavy,111,0.4803,5,29.9,52.7,0,0,0.153,0.595,40.5,false,62.50,1.000,0.397,ft8
bpsk63,qrn-heavy,111,0.4537,4,30.6,46.9,0,0,0.159,0.620,35.5,false,62.50,1.000,0.453,js8call
bpsk63,qrn-heavy,111,0.4534,2,29.8,23.4,0,0,0.155,0.640,37.0,false,62.50,1.000,0.499,js8call
bpsk63,qrn-heavy,111,0.5038,2,27.6,52.7,0,0,0.174,0.630,32.5,false,62.50,1.000,0.662,ft8
bpsk63,qrn-heavy,111,0.4840,2,30.1,52.7,0,0,0.160,0.620,42.0,false,62.50,1.000,0.475,js8call
bpsk63,qrn-heavy,111,0.4580,5,31.1,52.7,0,0,0.144,0.570,36.0,false,62.50,1.000,0.522,ft8
bpsk63,qrn-heavy,111,0.4757,4,30.3,52.7,0,0,0.154,0.605,36.0,false,62.50,1.000,0.507,ft8
bpsk63,qrn-heavy,111,0.5066,4,29.6,58.6,0,0,0.153,0.615,41.5,false,62.50,1.000,0.513,ft8
bpsk63,qrn-heavy,111,0.4664,3,30.4,52.7,0,0,0.149,0.590,36.5,false,62.50,1.000,0.484,ft8
bpsk63,qrn-heavy,111,0.5374,2,27.6,64.5,0,0,0.175,0.585,34.0,false,62.50,1.000,0.648,ft8
bpsk63,qrn-heavy,111,0.4690,5,31.5,52.7,0,0,0.147,0.595,44.0,false,62.50,1.000,0.595,ft8
bpsk63,qrn-heavy,111,0.4831,2,30.6,58.6,0,0,0.151,0.605,41.5,false,62.50,1.000,0.586,ft8
bpsk63,qrn-heavy,105,0.5524,2,29.2,52.7,0,0,0.162,0.595,34.0,false,62.50,1.000,0.611,ft8
bpsk63,qrn-heavy,111,0.4441,5,32.2,52.7,0,0,0.131,0.590,38.5,false,62.50,1.000,0.502,ft8
bpsk63,qrn-heavy,111,0.5289,2,26.7,64.5,0,0,0.179,0.590,27.5,false,62.50,1.000,0.469,ft8
bpsk63,qrn-heavy,111,0.4944,3,30.3,52.7,0,0,0.158,0.640,40.0,false,62.50,1.000,0.540,js8call
bpsk63,qrn-heavy,111,0.4381,4,30.1,23.4,0,0,0.150,0.620,34.5,false,62.50,1.000,0.429,js8call
bpsk63,qrn-heavy,111,0.4886,2,29.6,52.7,0,0,0.155,0.585,34.5,false,62.50,1.000,0.595,ft8
bpsk63,qrn-heavy,111,0.4771,3,29.3,52.7,0,0,0.155,0.590,33.5,false,62.50,1.000,0.425,ft8
bpsk63,qrn-heavy,111,0.4898,3,30.0,58.6,0,0,0.156,0.620,39.5,false,62.50,1.000,0.465,ft8
bpsk63,qrn-heavy,111,0.4651,5,30.8,52.7,0,0,0.150,0.605,38.5,false,62.50,1.000,0.478,ft8
bpsk63,qrn-heavy,111,0.4901,3,29.9,52.7,0,0,0.163,0.615,38.0,false,62.50,1.000,0.526,js8call
bpsk63,qrn-heavy,111,0.5000,3,29.4,64.5,0,0,0.153,0.540,32.0,false,62.50,1.000,0.557,ft8
bpsk63,qrn-heavy,111,0.4751,2,29.0,64.5,0,0,0.149,0.585,30.5,false,62.50,1.000,0.593,ft8
bpsk63,qrn-heavy,111,0.4574,3,30.1,52.7,0,0,0.157,0.610,37.0,false,62.50,1.000,0.541,ft8
bpsk63,qrn-heavy,111,0.4755,3,30.3,52.7,0,0,0.155,0.610,35.0,false,62.50,1.000,0.528,js8call
bpsk63,qrn-heavy,111,0.4406,6,31.1,23.4,0,0,0.155,0.625,39.0,false,62.50,1.000,0.513,ft8
bpsk63,drift-1Hz,169,0.0915,4,42.1,52.7,0,0,0.476,0.525,20.5,false,62.50,1.000,0.932,ft8
bpsk63,drift-1Hz,146,0.1470,4,42.1,52.7,0,0,0.474,0.505,25.5,false,62.50,1.000,0.628,ft8
bpsk63,drift-1Hz,169,0.0879,4,42.4,52.7,0,0,0.474,0.525,18.5,false,62.50,1.000,0.887,js8call
bpsk63,drift-1Hz,164,0.1038,3,42.1,46.9,0,0,0.482,0.525,22.5,false,62.50,1.000,1.000,ft8
bpsk63,drift-1Hz,140,0.1704,3,42.0,52.7,0,0,0.484,0.500,24.5,false,62.50,1.000,0.980,ft8
bpsk63,drift-1Hz,169,0.0914,3,42.1,46.9,0,0,0.481,0.525,22.5,false,62.50,1.000,1.000,ft8
bpsk63,drift-1Hz,140,0.1643,3,42.7,52.7,0,0,0.482,0.490,22.5,false,62.50,1.000,1.000,ft8
bpsk63,drift-1Hz,169,0.0886,4,42.3,52.7,0,0,0.472,0.530,18.5,false,62.50,1.000,0.888,ft8
bpsk63,drift-1Hz,169,0.0884,3,42.5,52.7,0,0,0.469,0.495,20.5,false,62.50,1.000,0.889,ft8
bpsk63,drift-1Hz,146,0.1390,3,42.5,46.9,0,0,0.480,0.470,24.5,false,62.50,1.000,1.000,ft8
bpsk63,drift-1Hz,169,0.0908,4,41.8,52.7,0,0,0.479,0.505,26.5,false,62.50,1.000,0.783,ft8
bpsk63,drift-1Hz,169,0.0876,3,42.7,52.7,0,0,0.481,0.490,22.5,false,62.50,1.000,1.000,ft8
bpsk63,drift-1Hz,164,0.0991,3,42.7,52.7,0,0,0.482,0.490,22.5,false,62.50,1.000,1.000,ft8
bpsk63,drift-1Hz,169,0.0905,4,41.8,52.7,0,0,0.479,0.515,26.5,false,62.50,1.000,0.779,ft8
bpsk63,drift-1Hz,169,0.0875,4,42.4,52.7,0,0,0.473,0.530,18.5,false,62.50,1.000,0.887,js8call
bpsk63,drift-1Hz,169,0.0909,4,42.5,52.7,0,0,0.473,0.530,19.5,false,62.50,1.000,0.889,ft8
bpsk63,drift-1Hz,164,0.1008,4,42.2,52.7,0,0,0.474,0.500,24.5,false,62.50,1.000,0.627,ft8
bpsk63,drift-1Hz,164,0.0984,3,42.6,46.9,0,0,0.479,0.475,24.5,false,62.50,1.000,1.000,ft8
bpsk63,drift-1Hz,169,0.0863,5,42.4,52.7,0,0,0.472,0.515,24.5,false,62.50,1.000,0.910,ft8
bpsk63,drift-1Hz,169,0.0914,4,41.9,52.7,0,0,0.480,0.510,26.5,false,62.50,1.000,0.772,ft8
bpsk63,drift-1Hz,164,0.1029,3,42.0,46.9,0,0,0.480,0.525,22.5,false,62.50,1.000,1.000,ft8
bpsk63,drift-1Hz,169,0.0904,3,42.0,46.9,0,0,0.481,0.525,22.5,false,62.50,1.000,1.000,ft8
bpsk63,drift-1Hz,169,0.0899,3,42.7,46.9,0,0,0.479,0.470,24.5,false,62.50,1.000,1.000,ft8
bpsk63,drift-1Hz,169,0.0886,5,42.3,52.7,0,0,0.476,0.530,20.5,false,62.50,1.000,0.930,ft8
bpsk63,drift-1Hz,164,0.1029,3,42.0,46.9,0,0,0.481,0.520,23.5,false,62.50,1.000,1.000,ft8
bpsk63,drift-1Hz,169,0.0882,4,42.5,52.7,0,0,0.473,0.540,19.5,false,62.50,1.000,0.886,js8call
bpsk63,drift-1Hz,169,0.0877,3,42.5,52.7,0,0,0.471,0.495,20.5,false,62.50,1.000,0.884,ft8
bpsk63,drift-1Hz,169,0.0906,4,42.1,52.7,0,0,0.474,0.500,24.5,false,62.50,1.000,0.627,ft8
bpsk63,drift-1Hz,146,0.1433,3,42.5,52.7,0,0,0.470,0.495,20.5,false,62.50,1.000,0.889,ft8
bpsk63,drift-1Hz,169,0.0887,4,42.3,52.7,0,0,0.475,0.530,20.5,false,62.50,1.000,0.933,ft8
bpsk63,drift-3Hz,169,0.0978,3,42.6,52.7,0,0,0.479,0.475,26.5,false,62.50,1.000,0.848,ft8
bpsk63,drift-3Hz,169,0.0993,3,42.9,52.7,0,0,0.491,0.480,29.5,false,62.50,1.000,0.995,ft8
bpsk63,drift-3Hz,169,0.0978,3,42.3,52.7,0,0,0.474,0.480,27.5,false,62.50,1.000,0.796,ft8
bpsk63,drift-3Hz,169,0.0998,3,42.3,52.7,0,0,0.480,0.495,25.5,false,62.50,1.000,0.768,ft8
bpsk63,drift-3Hz,169,0.0995,3,42.3,52.7,0,0,0.475,0.485,27.5,false,62.50,1.000,0.810,ft8
bpsk63,drift-3Hz,169,0.0996,3,42.1,52.7,0,0,0.475,0.480,27.5,false,62.50,1.000,0.807,ft8
bpsk63,drift-3Hz,169,0.1011,3,42.4,46.9,0,0,0.497,0.470,26.5,false,62.50,1.000,1.000,ft8
bpsk63,drift-3Hz,169,0.1006,3,42.6,52.7,0,0,0.487,0.465,27.5,false,62.50,1.000,0.717,js8call
bpsk63,drift-3Hz,169,0.0998,3,42.3,52.7,0,0,0.474,0.485,27.5,false,62.50,1.000,0.806,ft8
bpsk63,drift-3Hz,169,0.0997,3,42.6,52.7,0,0,0.486,0.480,24.5,false,62.50,1.000,0.919,ft8
bpsk63,drift-3Hz,169,0.0999,3,42.7,52.7,0,0,0.486,0.475,24.5,false,62.50,1.000,0.927,ft8
bpsk63,drift-3Hz,175,0.0888,3,43.1,17.6,0,0,0.487,0.465,26.5,false,62.50,1.000,0.974,ft8
bpsk63,drift-3Hz,169,0.1015,3,42.5,46.9,0,0,0.487,0.480,26.5,false,62.50,1.000,0.782,ft8
bpsk63,drift-3Hz,169,0.0990,3,42.7,52.7,0,0,0.479,0.480,26.5,false,62.50,1.000,0.852,ft8
bpsk63,drift-3Hz,169,0.1027,3,42.6,52.7,0,0,0.487,0.465,27.5,false,62.50,1.000,0.716,js8call
bpsk63,drift-3Hz,169,0.1025,3,42.5,52.7,0,0,0.486,0.465,27.5,false,62.50,1.000,0.715,js8call
bpsk63,drift-3Hz,169,0.1031,3,42.4,52.7,0,0,0.485,0.465,27.5,false,62.50,1.000,0.719,js8call
bpsk63,drift-3Hz,169,0.0949,3,43.1,17.6,0,0,0.487,0.465,26.5,false,62.50,1.000,0.976,ft8
bpsk63,drift-3Hz,169,0.0983,3,42.6,46.9,0,0,0.489,0.490,27.5,false,62.50,1.000,0.782,ft8
bpsk63,drift-3Hz,169,0.0984,3,42.6,52.7,0,0,0.486,0.470,23.5,false,62.50,1.000,0.910,ft8
bpsk63,drift-3Hz,169,0.0997,3,42.5,52.7,0,0,0.479,0.485,27.5,false,62.50,1.000,0.847,ft8
bpsk63,drift-3Hz,169,0.0947,3,43.0,52.7,0,0,0.494,0.480,29.5,false,62.50,1.000,1.000,ft8
bpsk63,drift-3Hz,169,0.1004,3,42.9,52.7,0,0,0.490,0.480,29.5,false,62.50,1.000,1.000,ft8
bpsk63,drift-3Hz,169,0.0979,3,42.8,52.7,0,0,0.491,0.480,29.5,false,62.50,1.000,1.000,ft8
bpsk63,drift-3Hz,175,0.0857,3,43.2,17.6,0,0,0.487,0.465,26.5,false,62.50,1.000,0.979,ft8
bpsk63,drift-3Hz,169,0.0969,3,42.6,52.7,0,0,0.481,0.490,27.5,false,62.50,1.000,0.790,ft8
bpsk63,drift-3Hz,169,0.0999,3,42.5,52.7,0,0,0.478,0.480,26.5,false,62.50,1.000,0.853,ft8
bpsk63,drift-3Hz,169,0.0986,3,42.5,52.7,0,0,0.487,0.465,27.5,false,62.50,1.000,0.717,js8call
bpsk63,drift-3Hz,169,0.0984,3,42.5,52.7,0,0,0.487,0.465,27.5,false,62.50,1.000,0.714,js8call
bpsk63,drift-3Hz,164,0.1169,3,42.4,46.9,0,0,0.498,0.475,27.5,false,62.50,1.000,1.000,ft8
bpsk63,phasenoise,169,0.0971,5,41.9,64.5,0,0,0.219,0.565,46.5,false,62.50,1.000,0.568,ft8
bpsk63,phasenoise,140,0.1719,6,43.3,52.7,0,0,0.211,0.570,40.0,false,62.50,1.000,0.488,ft8
bpsk63,phasenoise,146,0.1533,5,42.3,52.7,0,0,0.209,0.580,46.0,false,62.50,1.000,0.495,ft8
bpsk63,phasenoise,169,0.0980,6,42.8,52.7,0,0,0.211,0.590,47.0,false,62.50,1.000,0.530,ft8
bpsk63,phasenoise,169,0.1002,5,42.0,64.5,0,0,0.215,0.565,48.0,false,62.50,1.000,0.585,ft8
bpsk63,phasenoise,140,0.1768,4,41.8,58.6,0,0,0.211,0.575,45.5,false,62.50,1.000,0.655,ft8
bpsk63,phasenoise,169,0.0994,5,42.3,64.5,0,0,0.215,0.565,48.0,false,62.50,1.000,0.581,ft8
bpsk63,phasenoise,175,0.0878,5,42.2,64.5,0,0,0.214,0.565,48.0,false,62.50,1.000,0.588,ft8
bpsk63,phasenoise,140,0.1825,5,41.9,64.5,0,0,0.219,0.565,46.5,false,62.50,1.000,0.571,ft8
bpsk63,phasenoise,140,0.1789,6,42.8,52.7,0,0,0.217,0.600,48.0,false,62.50,1.000,0.495,js8call
bpsk63,phasenoise,117,0.3350,6,43.1,52.7,0,0,0.211,0.570,40.0,false,62.50,1.000,0.487,ft8
bpsk63,phasenoise,169,0.0961,4,41.8,58.6,0,0,0.210,0.575,45.5,false,62.50,1.000,0.644,ft8
bpsk63,phasenoise,169,0.0983,6,42.8,52.7,0,0,0.214,0.595,47.5,false,62.50,1.000,0.468,ft8
bpsk63,phasenoise,169,0.0991,5,42.3,52.7,0,0,0.218,0.575,48.0,false,62.50,1.000,0.608,ft8
bpsk63,phasenoise,169,0.0996,5,42.6,52.7,0,0,0.216,0.600,48.0,false,62.50,1.000,0.495,js8call
bpsk63,phasenoise,169,0.0956,5,42.4,52.7,0,0,0.210,0.580,46.0,false,62.50,1.000,0.491,ft8
bpsk63,phasenoise,140,0.1787,6,42.8,52.7,0,0,0.210,0.590,47.0,false,62.50,1.000,0.527,ft8
bpsk63,phasenoise,169,0.0948,6,43.2,52.7,0,0,0.210,0.570,40.0,false,62.50,1.000,0.493,ft8
bpsk63,phasenoise,169,0.0981,5,42.4,52.7,0,0,0.211,0.580,46.0,false,62.50,1.000,0.493,ft8
bpsk63,phasenoise,169,0.0987,6,42.4,52.7,0,0,0.210,0.580,46.0,false,62.50,1.000,0.493,ft8
bpsk63,phasenoise,169,0.0994,7,42.7,52.7,0,0,0.216,0.600,48.0,false,62.50,1.000,0.494,js8call
bpsk63,phasenoise,169,0.0958,5,42.0,64.5,0,0,0.218,0.565,46.5,false,62.50,1.000,0.563,ft8
bpsk63,phasenoise,169,0.0968,6,43.2,23.4,0,0,0.210,0.605,48.0,false,62.50,1.000,0.506,ft8
bpsk63,phasenoise,169,0.0994,6,42.7,52.7,0,0,0.211,0.590,47.0,false,62.50,1.000,0.524,ft8
bpsk63,phasenoise,140,0.1724,6,43.2,23.4,0,0,0.210,0.605,48.0,false,62.50,1.000,0.512,ft8
bpsk63,phasenoise,169,0.0949,4,41.7,58.6,0,0,0.210,0.575,45.5,false,62.50,1.000,0.650,ft8
bpsk63,phasenoise,175,0.0903,6,42.7,52.7,0,0,0.210,0.590,47.0,false,62.50,1.000,0.525,ft8
bpsk63,phasenoise,140,0.1856,5,41.9,64.5,0,0,0.218,0.565,46.5,false,62.50,1.000,0.565,ft8
bpsk63,phasenoise,169,0.0997,6,42.4,52.7,0,0,0.210,0.580,46.0,false,62.50,1.000,0.492,ft8
bpsk63,phasenoise,169,0.0951,6,43.3,52.7,0,0,0.211,0.565,40.0,false,62.50,1.000,0.493,ft8
bpsk63,hf-brutal,111,0.4255,1,31.6,52.7,0,0,0.268,0.480,31.5,false,62.50,1.000,0.678,ft8
bpsk63,hf-brutal,111,0.4291,1,31.7,52.7,0,0,0.270,0.505,33.5,false,62.50,1.000,0.665,ft8
bpsk63,hf-brutal,111,0.4283,1,31.9,52.7,0,0,0.274,0.520,30.0,false,62.50,1.000,1.000,ft8
bpsk63,hf-brutal,111,0.4374,1,31.6,46.9,0,0,0.261,0.500,32.0,false,62.50,1.000,1.000,ft8
bpsk63,hf-brutal,111,0.4077,1,31.9,52.7,0,0,0.259,0.470,35.5,false,62.50,1.000,0.940,ft8
bpsk63,hf-brutal,111,0.4260,1,31.3,52.7,0,0,0.269,0.495,33.5,false,62.50,1.000,1.000,ft8
bpsk63,hf-brutal,111,0.4083,1,31.9,52.7,0,0,0.270,0.475,32.5,false,62.50,1.000,0.959,ft8
bpsk63,hf-brutal,111,0.4403,1,31.7,46.9,0,0,0.266,0.500,33.0,false,62.50,1.000,1.000,ft8
bpsk63,hf-brutal,111,0.4308,1,30.7,52.7,0,0,0.270,0.495,32.5,false,62.50,1.000,0.695,ft8
bpsk63,hf-brutal,111,0.4197,1,31.7,52.7,0,0,0.272,0.490,30.5,false,62.50,1.000,0.680,ft8
bpsk63,hf-brutal,105,0.4450,2,31.9,52.7,0,0,0.287,0.495,34.5,false,62.50,1.000,0.840,ft8
bpsk63,hf-brutal,111,0.3894,2,31.8,46.9,0,0,0.278,0.500,34.5,false,62.50,1.000,0.981,ft8
bpsk63,hf-brutal,111,0.3971,2,31.7,52.7,0,0,0.271,0.470,33.5,false,62.50,1.000,0.999,ft8
bpsk63,hf-brutal,111,0.4293,1,31.3,52.7,0,0,0.274,0.490,29.5,false,62.50,1.000,0.679,ft8
bpsk63,hf-brutal,111,0.4382,1,31.0,52.7,0,0,0.269,0.505,31.0,false,62.50,1.000,1.000,ft8
bpsk63,hf-brutal,111,0.4342,1,31.7,46.9,0,0,0.262,0.515,37.0,false,62.50,1.000,1.000,ft8
bpsk63,hf-brutal,111,0.3904,2,31.7,46.9,0,0,0.271,0.495,31.5,false,62.50,1.000,0.951,ft8
bpsk63,hf-brutal,111,0.4161,1,32.2,52.7,0,0,0.260,0.525,30.0,false,62.50,1.000,1.000,ft8
bpsk63,hf-brutal,111,0.4174,1,31.4,52.7,0,0,0.265,0.475,37.5,false,62.50,1.000,0.994,ft8
bpsk63,hf-brutal,111,0.4259,1,32.1,52.7,0,0,0.264,0.520,28.0,false,62.50,1.000,1.000,ft8
bpsk63,hf-brutal,111,0.4355,1,31.3,52.7,0,0,0.269,0.475,29.5,false,62.50,1.000,1.000,ft8
bpsk63,hf-brutal,105,0.4643,1,30.8,52.7,0,0,0.282,0.475,34.5,false,62.50,1.000,0.994,ft8
bpsk63,hf-brutal,111,0.4414,1,31.1,46.9,0,0,0.257,0.505,34.0,false,62.50,1.000,1.000,ft8
bpsk63,hf-brutal,111,0.4230,1,31.9,52.7,0,0,0.263,0.500,28.5,false,62.50,1.000,1.000,ft8
bpsk63,hf-brutal,105,0.4690,1,30.9,52.7,0,0,0.295,0.470,31.5,false,62.50,1.000,0.936,ft8
bpsk63,hf-brutal,111,0.4078,1,31.9,52.7,0,0,0.278,0.460,34.5,false,62.50,1.000,0.947,ft8
bpsk63,hf-brutal,111,0.4202,1,31.2,52.7,0,0,0.276,0.475,34.5,false,62.50,1.000,1.000,ft8
bpsk63,hf-brutal,111,0.4220,1,31.7,52.7,0,0,0.260,0.515,37.0,false,62.50,1.000,1.000,ft8
bpsk63,hf-brutal,105,0.4898,1,30.1,52.7,0,0,0.268,0.525,34.5,false,62.50,1.000,0.947,ft8
bpsk63,hf-brutal,111,0.3913,2,31.0,52.7,0,0,0.280,0.485,34.5,false,62.50,1.000,0.979,ft8
cw,agc-fast,205,0.0822,7,38.1,17.6,0,0,0.488,0.670,8.0,false,6.25,1.000,0.761,ft8
cw,agc-fast,205,0.0851,7,38.3,17.6,1,0,0.489,0.680,8.0,false,6.25,1.000,0.749,ft8
cw,agc-fast,222,0.1089,8,36.1,17.6,0,0,0.687,0.485,7.5,true,6.25,1.000,0.909,ft8
cw,agc-fast,205,0.1118,7,36.0,17.6,0,0,0.578,0.585,7.0,false,6.25,1.000,0.846,ft8
cw,agc-fast,205,0.0994,7,37.9,17.6,1,0,0.513,0.640,9.5,false,6.25,1.000,0.540,ft8
cw,agc-fast,210,0.0886,5,37.8,17.6,0,0,0.502,0.640,8.5,false,6.25,1.000,0.540,ft8
cw,agc-fast,199,0.1127,7,36.1,17.6,0,0,0.576,0.595,7.0,false,6.25,1.000,0.868,ft8
cw,agc-fast,205,0.0751,5,38.4,17.6,0,0,0.488,0.675,8.0,false,6.25,1.000,0.529,ft8
cw,agc-fast,187,0.0847,7,38.5,17.6,0,0,0.491,0.670,8.0,false,6.25,1.000,0.528,ft8
cw,agc-fast,205,0.0769,7,38.3,17.6,0,0,0.490,0.670,9.0,false,6.25,1.000,0.531,ft8
cw,agc-fast,205,0.0764,5,38.4,17.6,0,0,0.490,0.675,8.0,false,6.25,1.000,0.523,ft8
cw,agc-fast,205,0.0884,6,37.9,17.6,0,0,0.501,0.640,8.5,false,6.25,1.000,0.546,ft8
cw,agc-fast,187,0.0815,7,38.3,17.6,0,0,0.491,0.670,9.0,false,6.25,1.000,0.534,ft8
cw,agc-fast,169,0.0941,6,38.5,17.6,0,0,0.489,0.675,8.0,false,6.25,1.000,0.533,ft8
cw,agc-fast,205,0.0861,6,38.4,17.6,1,0,0.490,0.675,8.0,false,6.25,1.000,0.736,ft8
cw,agc-fast,187,0.0893,6,38.3,17.6,0,0,0.488,0.675,8.0,false,6.25,1.000,0.731,ft8
cw,agc-fast,205,0.0920,5,37.9,17.6,0,0,0.505,0.645,8.5,false,6.25,1.000,0.544,ft8
cw,agc-fast,205,0.0858,10,38.2,17.6,1,0,0.489,0.675,8.0,false,6.25,1.000,0.694,ft8
cw,agc-fast,187,0.0904,6,38.2,17.6,0,0,0.490,0.680,8.0,false,6.25,1.000,0.697,ft8
cw,agc-fast,216,0.0888,4,37.9,17.6,0,0,0.503,0.640,8.5,false,6.25,1.000,0.531,ft8
cw,agc-fast,187,0.1306,9,34.6,17.6,0,0,0.619,0.555,6.5,false,6.25,1.000,0.772,js8call
cw,agc-fast,205,0.1004,9,37.8,17.6,1,0,0.509,0.645,10.5,false,6.25,1.000,0.546,ft8
cw,agc-fast,222,0.1127,8,36.1,17.6,0,0,0.684,0.495,7.5,true,6.25,1.000,0.927,ft8
cw,agc-fast,187,0.1302,7,34.5,17.6,0,0,0.619,0.555,8.5,false,6.25,1.000,0.777,js8call
cw,agc-fast,205,0.1005,10,37.8,17.6,1,0,0.510,0.645,9.5,false,6.25,1.000,0.560,ft8
cw,agc-fast,169,0.0930,6,38.2,17.6,0,0,0.490,0.670,9.0,false,6.25,1.000,0.525,ft8
cw,agc-fast,187,0.0802,6,38.3,17.6,0,0,0.487,0.670,9.0,false,6.25,1.000,0.536,ft8
cw,agc-fast,216,0.0732,7,38.2,17.6,0,0,0.489,0.665,9.0,false,6.25,1.000,0.527,ft8
cw,agc-fast,199,0.0780,7,38.4,17.6,0,0,0.488,0.675,8.0,false,6.25,1.000,0.532,ft8
cw,agc-fast,169,0.1490,8,34.5,17.6,0,0,0.618,0.550,7.5,false,6.25,1.000,0.743,js8call
cw,agc-slow,187,0.0743,9,39.8,17.6,1,0,0.593,0.530,10.5,false,6.25,1.000,1.000,ft8
cw,agc-slow,187,0.0599,7,40.2,17.6,0,0,0.596,0.530,8.5,false,6.25,1.000,1.000,ft8
cw,agc-slow,205,0.0686,8,39.9,17.6,1,0,0.593,0.525,10.5,false,6.25,1.000,1.000,ft8
cw,agc-slow,205,0.0553,8,40.2,17.6,0,0,0.595,0.535,8.5,false,6.25,1.000,1.000,ft8
cw,agc-slow,187,0.0573,7,40.3,17.6,0,0,0.574,0.575,10.0,false,6.25,1.000,1.000,ft8
cw,agc-slow,222,0.0612,8,40.0,17.6,0,0,0.594,0.525,10.5,false,6.25,1.000,1.000,ft8
cw,agc-slow,205,0.0673,9,40.1,17.6,1,0,0.592,0.525,10.5,false,6.25,1.000,1.000,ft8
cw,agc-slow,169,0.0633,8,40.5,17.6,0,0,0.578,0.555,9.0,false,6.25,1.000,1.000,ft8
cw,agc-slow,187,0.0680,6,40.3,17.6,0,0,0.735,0.390,7.0,false,6.25,1.000,1.000,ft8
cw,agc-slow,169,0.0797,9,40.1,17.6,0,0,0.571,0.560,10.0,false,6.25,1.000,1.000,ft8
cw,agc-slow,205,0.0619,5,40.2,17.6,0,0,0.734,0.390,7.0,false,6.25,1.000,1.000,ft8
cw,agc-slow,205,0.0676,10,40.6,17.6,1,0,0.862,0.310,6.5,false,6.25,1.000,1.000,ft8
cw,agc-slow,205,0.0665,8,40.1,17.6,1,0,0.569,0.565,9.0,false,6.25,1.000,1.000,ft8
cw,agc-slow,205,0.0622,5,40.3,17.6,0,0,0.738,0.390,7.0,false,6.25,1.000,1.000,ft8
cw,agc-slow,205,0.0538,6,40.2,17.6,0,0,0.596,0.525,7.5,false,6.25,1.000,1.000,ft8
cw,agc-slow,169,0.0619,6,40.5,17.6,0,0,0.576,0.560,9.0,false,6.25,1.000,1.000,ft8
cw,agc-slow,169,0.0622,9,40.5,17.6,0,0,0.578,0.560,10.0,false,6.25,1.000,1.000,ft8
cw,agc-slow,205,0.0491,6,40.5,17.6,0,0,0.579,0.575,12.0,false,6.25,1.000,1.000,ft8
cw,agc-slow,205,0.0693,7,39.9,17.6,1,0,0.593,0.520,9.5,false,6.25,1.000,1.000,ft8
cw,agc-slow,205,0.0688,8,39.8,17.6,1,0,0.595,0.530,10.5,false,6.25,1.000,1.000,ft8
cw,agc-slow,205,0.0643,10,40.2,17.6,1,0,0.571,0.565,12.0,false,6.25,1.000,1.000,ft8
cw,agc-slow,187,0.0699,8,40.1,17.6,1,0,0.570,0.570,10.0,false,6.25,1.000,1.000,ft8
cw,agc-slow,187,0.0563,7,40.5,17.6,0,0,0.578,0.555,8.0,false,6.25,1.000,1.000,ft8
cw,agc-slow,205,0.0508,8,40.6,17.6,0,0,0.576,0.565,10.0,false,6.25,1.000,1.000,ft8
cw,agc-slow,187,0.0720,8,40.0,17.6,1,0,0.570,0.565,9.0,false,6.25,1.000,1.000,ft8
cw,agc-slow,205,0.0699,9,40.0,17.6,1,0,0.594,0.525,10.5,false,6.25,1.000,1.000,ft8
cw,agc-slow,169,0.0634,8,40.4,17.6,0,0,0.576,0.580,12.0,false,6.25,1.000,1.000,ft8
cw,agc-slow,187,0.0562,6,40.4,17.6,0,0,0.576,0.575,11.0,false,6.25,1.000,1.000,ft8
cw,agc-slow,205,0.0788,10,40.1,17.6,1,0,0.853,0.310,6.5,true,6.25,1.000,1.000,ft8
cw,agc-slow,187,0.0706,7,40.1,17.6,0,0,0.570,0.555,11.0,false,6.25,1.000,1.000,ft8
cw,selfade-6dB,187,0.0515,10,42.6,17.6,1,0,0.592,0.540,8.0,false,6.25,1.000,0.987,js8call
cw,selfade-6dB,205,0.0459,9,42.6,17.6,1,0,0.592,0.540,8.0,false,6.25,1.000,1.000,js8call
cw,selfade-6dB,205,0.0619,11,41.9,17.6,1,0,0.616,0.520,9.5,false,6.25,1.000,0.678,ft8
cw,selfade-6dB,205,0.0464,10,42.7,17.6,1,0,0.591,0.540,8.0,false,6.25,1.000,1.000,js8call
cw,selfade-6dB,205,0.0467,10,42.7,17.6,1,0,0.593,0.540,8.0,false,6.25,1.000,1.000,js8call
cw,selfade-6dB,205,0.0497,11,42.3,17.6,1,0,0.613,0.520,7.5,false,6.25,1.000,0.615,ft8
cw,selfade-6dB,205,0.0446,10,42.7,17.6,1,0,0.592,0.540,8.0,false,6.25,1.000,0.989,js8call
cw,selfade-6dB,205,0.0484,9,42.2,17.6,1,0,0.612,0.520,7.5,false,6.25,1.000,0.621,ft8
cw,selfade-6dB,222,0.0416,10,42.8,17.6,1,0,0.593,0.540,8.0,false,6.25,1.000,1.000,js8call
cw,selfade-6dB,193,0.0487,9,42.7,17.6,1,0,0.591,0.540,8.0,false,6.25,1.000,1.000,js8call
cw,selfade-6dB,205,0.0453,10,42.8,17.6,1,0,0.594,0.540,8.0,false,6.25,1.000,0.995,js8call
cw,selfade-6dB,205,0.0510,9,42.7,17.6,1,0,0.594,0.540,8.0,false,6.25,1.000,0.956,ft8
cw,selfade-6dB,205,0.0625,11,42.0,17.6,2,0,0.884,0.310,6.5,false,6.25,1.000,1.000,ft8
cw,selfade-6dB,205,0.0541,10,42.4,17.6,2,0,0.766,0.390,7.0,false,6.25,1.000,1.000,ft8
cw,selfade-6dB,205,0.0459,10,42.7,17.6,1,0,0.594,0.540,8.0,false,6.25,1.000,0.997,js8call
cw,selfade-6dB,205,0.0466,10,42.7,17.6,1,0,0.593,0.540,8.0,false,6.25,1.000,1.000,js8call
cw,selfade-6dB,205,0.0478,10,42.6,17.6,1,0,0.592,0.540,8.0,false,6.25,1.000,1.000,js8call
cw,selfade-6dB,205,0.0507,8,42.7,17.6,1,0,0.594,0.540,8.0,false,6.25,1.000,0.970,ft8
cw,selfade-6dB,205,0.0617,12,42.0,17.6,2,0,0.885,0.310,6.5,false,6.25,1.000,1.000,ft8
cw,selfade-6dB,222,0.0440,8,42.6,17.6,1,0,0.594,0.540,8.0,false,6.25,1.000,0.989,ft8
cw,selfade-6dB,205,0.0663,11,41.9,17.6,2,0,0.612,0.520,9.5,false,6.25,1.000,0.669,ft8
cw,selfade-6dB,222,0.0444,10,42.3,17.6,1,0,0.613,0.520,7.5,false,6.25,1.000,0.612,ft8
cw,selfade-6dB,205,0.0537,11,42.4,17.6,2,0,0.767,0.390,7.0,false,6.25,1.000,1.000,ft8
cw,selfade-6dB,205,0.0492,9,42.2,17.6,1,0,0.614,0.520,7.5,false,6.25,1.000,0.620,ft8
cw,selfade-6dB,216,0.0470,9,42.6,17.6,1,0,0.592,0.540,8.0,false,6.25,1.000,0.969,ft8
cw,selfade-6dB,205,0.0451,9,42.8,17.6,1,0,0.593,0.540,8.0,false,6.25,1.000,0.994,js8call
cw,selfade-6dB,222,0.0452,8,42.6,17.6,1,0,0.591,0.540,8.0,false,6.25,1.000,0.986,ft8
cw,selfade-6dB,222,0.0453,9,42.6,17.6,1,0,0.594,0.540,8.0,false,6.25,1.000,1.000,ft8
cw,selfade-6dB,205,0.0454,9,42.8,17.6,1,0,0.593,0.540,8.0,false,6.25,1.000,1.000,js8call
cw,selfade-6dB,222,0.0418,11,42.7,17.6,1,0,0.592,0.540,8.0,false,6.25,1.000,1.000,js8call
cw,selfade-12dB,205,0.0511,10,42.7,17.6,1,0,0.593,0.540,8.0,false,6.25,1.000,0.970,ft8
cw,selfade-12dB,205,0.0461,10,42.7,17.6,1,0,0.592,0.540,8.0,false,6.25,1.000,1.000,js8call
cw,selfade-12dB,205,0.0544,10,42.4,17.6,2,0,0.767,0.390,7.0,false,6.25,1.000,1.000,ft8
cw,selfade-12dB,205,0.0465,10,42.7,17.6,1,0,0.591,0.540,8.0,false,6.25,1.000,1.000,js8call
cw,selfade-12dB,205,0.0457,10,42.7,17.6,1,0,0.592,0.540,8.0,false,6.25,1.000,1.000,js8call
cw,selfade-12dB,216,0.0469,11,42.3,17.6,1,0,0.616,0.520,7.5,false,6.25,1.000,0.618,ft8
cw,selfade-12dB,222,0.0590,11,41.9,17.6,2,0,0.883,0.310,6.5,false,6.25,1.000,1.000,ft8
cw,selfade-12dB,205,0.0540,9,42.3,17.6,1,0,0.767,0.390,7.0,false,6.25,1.000,1.000,ft8
cw,selfade-12dB,205,0.0460,10,42.6,17.6,1,0,0.593,0.540,8.0,false,6.25,1.000,0.982,js8call
cw,selfade-12dB,205,0.0464,10,42.7,17.6,1,0,0.591,0.540,8.0,false,6.25,1.000,0.998,js8call
cw,selfade-12dB,205,0.0475,9,42.7,17.6,1,0,0.592,0.540,8.0,false,6.25,1.000,1.000,js8call
cw,selfade-12dB,205,0.0654,10,41.8,17.6,2,0,0.614,0.520,9.5,false,6.25,1.000,0.666,ft8
cw,selfade-12dB,205,0.0509,10,42.2,17.6,1,0,0.613,0.520,7.5,false,6.25,1.000,0.612,ft8
cw,selfade-12dB,205,0.0452,9,42.7,17.6,1,0,0.592,0.540,8.0,false,6.25,1.000,1.000,js8call
cw,selfade-12dB,205,0.0510,10,42.3,17.6,1,0,0.612,0.520,7.5,false,6.25,1.000,0.618,ft8
cw,selfade-12dB,205,0.0463,10,42.6,17.6,1,0,0.593,0.540,8.0,false,6.25,1.000,0.979,js8call
cw,selfade-12dB,240,0.0520,10,42.0,17.6,2,0,0.882,0.310,6.5,false,6.25,1.000,1.000,ft8
cw,selfade-12dB,205,0.0494,10,42.1,17.6,1,0,0.613,0.520,7.5,false,6.25,1.000,0.617,ft8
cw,selfade-12dB,205,0.0455,10,42.6,17.6,1,0,0.592,0.540,8.0,false,6.25,1.000,0.998,js8call
cw,selfade-12dB,205,0.0455,10,42.7,17.6,1,0,0.592,0.540,8.0,false,6.25,1.000,0.970,js8call
cw,selfade-12dB,205,0.0459,11,42.8,17.6,1,0,0.594,0.540,8.0,false,6.25,1.000,1.000,js8call
cw,selfade-12dB,205,0.0664,12,41.8,17.6,2,0,0.615,0.520,9.5,false,6.25,1.000,0.660,ft8
cw,selfade-12dB,205,0.0524,8,42.2,17.6,1,0,0.613,0.520,7.5,false,6.25,1.000,0.614,ft8
cw,selfade-12dB,205,0.0662,12,41.9,17.6,2,0,0.616,0.520,9.5,false,6.25,1.000,0.666,ft8
cw,selfade-12dB,205,0.0499,10,42.1,17.6,1,0,0.613,0.520,7.5,false,6.25,1.000,0.619,ft8
cw,selfade-12dB,205,0.0542,9,42.3,17.6,1,0,0.766,0.390,7.0,false,6.25,1.000,1.000,ft8
cw,selfade-12dB,187,0.0528,10,42.7,17.6,1,0,0.591,0.540,8.0,false,6.25,1.000,1.000,js8call
cw,selfade-12dB,205,0.0475,11,42.8,17.6,1,0,0.594,0.540,8.0,false,6.25,1.000,1.000,js8call
cw,selfade-12dB,205,0.0461,11,42.8,17.6,1,0,0.591,0.540,8.0,false,6.25,1.000,1.000,js8call
cw,selfade-12dB,205,0.0472,10,42.7,17.6,1,0,0.592,0.540,8.0,false,6.25,1.000,1.000,js8call
cw,qrn-light,205,0.0656,10,40.7,17.6,1,0,0.591,0.520,9.5,false,6.25,1.000,0.670,ft8
cw,qrn-light,187,0.0521,11,42.4,17.6,1,0,0.591,0.540,8.0,false,6.25,1.000,1.000,js8call
cw,qrn-light,187,0.0531,10,41.5,17.6,0,0,0.586,0.540,8.0,false,6.25,1.000,0.996,js8call
cw,qrn-light,169,0.0599,9,40.7,17.6,0,0,0.543,0.570,9.0,false,6.25,1.000,0.967,js8call
cw,qrn-light,187,0.0506,9,41.6,17.6,1,0,0.568,0.555,8.0,false,6.25,1.000,1.000,js8call
cw,qrn-light,205,0.0523,7,41.7,17.6,1,0,0.579,0.540,8.0,false,6.25,1.000,0.993,ft8
cw,qrn-light,187,0.0521,10,42.1,17.6,1,0,0.574,0.540,8.0,false,6.25,1.000,0.995,js8call
cw,qrn-light,187,0.0507,10,42.2,17.6,1,0,0.573,0.540,8.0,false,6.25,1.000,1.000,js8call
cw,qrn-light,205,0.0467,8,41.7,17.6,0,0,0.570,0.560,8.0,false,6.25,1.000,1.000,js8call
cw,qrn-light,205,0.0680,10,40.6,17.6,1,0,0.593,0.525,10.5,false,6.25,1.000,0.679,ft8
cw,qrn-light,205,0.0674,11,41.0,17.6,2,0,0.854,0.310,6.5,false,6.25,1.000,1.000,ft8
cw,qrn-light,222,0.0561,11,41.8,17.6,2,0,0.879,0.310,6.5,false,6.25,1.000,1.000,ft8
cw,qrn-light,205,0.0661,10,40.8,17.6,1,0,0.594,0.520,9.5,false,6.25,1.000,0.684,ft8
cw,qrn-light,205,0.0464,9,41.8,17.6,1,0,0.576,0.555,9.0,false,6.25,1.000,1.000,js8call
cw,qrn-light,205,0.0659,10,41.1,17.6,1,0,0.850,0.310,6.5,false,6.25,1.000,1.000,ft8
cw,qrn-light,205,0.0646,11,41.5,17.6,1,0,0.876,0.310,6.5,false,6.25,1.000,1.000,ft8
cw,qrn-light,222,0.0577,11,41.5,17.6,1,0,0.865,0.310,6.5,false,6.25,1.000,1.000,ft8
cw,qrn-light,205,0.0507,8,42.0,17.6,1,0,0.581,0.540,8.0,false,6.25,1.000,0.976,ft8
cw,qrn-light,205,0.0513,10,42.1,17.6,1,0,0.613,0.520,7.5,false,6.25,1.000,0.611,ft8
cw,qrn-light,222,0.0601,12,41.4,17.6,2,0,0.870,0.310,6.5,false,6.25,1.000,1.000,ft8
cw,qrn-light,205,0.0465,10,41.3,17.6,1,0,0.560,0.570,10.0,false,6.25,1.000,1.000,js8call
cw,qrn-light,216,0.0475,9,41.5,17.6,1,0,0.581,0.545,8.0,false,6.25,1.000,0.894,ft8
cw,qrn-light,205,0.0547,10,41.6,17.6,1,0,0.732,0.390,7.0,false,6.25,1.000,1.000,ft8
cw,qrn-light,205,0.0457,9,41.9,17.6,1,0,0.582,0.545,8.0,false,6.25,1.000,1.000,js8call
cw,qrn-light,205,0.0456,9,42.0,17.6,1,0,0.584,0.540,8.0,false,6.25,1.000,1.000,js8call
cw,qrn-light,205,0.0511,10,41.8,17.6,1,0,0.604,0.520,7.5,false,6.25,1.000,0.635,ft8
cw,qrn-light,205,0.0523,10,42.4,17.6,1,0,0.592,0.540,8.0,false,6.25,1.000,0.968,ft8
cw,qrn-light,205,0.0511,9,40.9,17.6,1,0,0.588,0.520,7.5,false,6.25,1.000,0.611,ft8
cw,qrn-light,187,0.0530,10,42.2,17.6,1,0,0.582,0.540,8.0,false,6.25,1.000,1.000,js8call
cw,qrn-light,187,0.0518,9,41.2,17.6,1,0,0.555,0.570,10.0,false,6.25,1.000,1.000,js8call
cw,qrn-heavy,128,0.0945,6,34.8,17.6,0,0,0.359,0.650,10.0,false,6.25,1.000,0.952,js8call
cw,qrn-heavy,134,0.1087,6,33.6,17.6,0,0,0.468,0.515,12.0,false,6.25,1.000,1.000,ft8
cw,qrn-heavy,134,0.1071,7,34.6,17.6,0,0,0.572,0.385,12.5,false,6.25,1.000,1.000,ft8
cw,qrn-heavy,117,0.1060,5,34.5,17.6,0,0,0.371,0.630,10.5,false,6.25,1.000,0.819,ft8
cw,qrn-heavy,134,0.1126,6,34.2,17.6,0,0,0.570,0.385,8.5,false,31.25,1.000,1.000,ft8
cw,qrn-heavy,111,0.1328,3,32.1,17.6,0,0,0.463,0.525,13.5,false,6.25,1.000,1.000,ft8
cw,qrn-heavy,134,0.0928,5,35.1,17.6,0,0,0.397,0.565,10.0,false,6.25,1.000,0.628,ft8
cw,qrn-heavy,123,0.1091,5,34.0,17.6,0,0,0.501,0.450,10.0,false,6.25,1.000,1.000,ft8
cw,qrn-heavy,140,0.0873,6,36.0,17.6,0,0,0.379,0.580,10.0,false,6.25,1.000,0.987,ft8
cw,qrn-heavy,111,0.1142,5,34.4,17.6,0,0,0.382,0.610,10.0,false,6.25,1.000,0.790,js8call
cw,qrn-heavy,117,0.1075,4,34.5,17.6,0,0,0.367,0.635,12.0,false,6.25,1.000,0.657,ft8
cw,qrn-heavy,134,0.0959,6,35.2,17.6,0,0,0.499,0.455,9.5,false,6.25,1.000,1.000,ft8
cw,qrn-heavy,134,0.1073,8,34.7,17.6,0,0,0.570,0.365,11.5,false,6.25,1.000,1.000,ft8
cw,qrn-heavy,134,0.0784,7,36.4,17.6,0,0,0.393,0.570,9.0,false,6.25,1.000,1.000,js8call
cw,qrn-heavy,123,0.0992,5,34.8,17.6,0,0,0.387,0.600,10.0,false,6.25,1.000,0.947,js8call
cw,qrn-heavy,111,0.1248,5,32.7,17.6,0,0,0.357,0.665,13.0,false,6.25,1.000,0.901,ft8
cw,qrn-heavy,134,0.0983,5,34.4,17.6,0,0,0.377,0.615,10.0,false,6.25,1.000,1.000,ft8
cw,qrn-heavy,123,0.1126,5,34.4,17.6,0,0,0.376,0.610,9.5,false,6.25,1.000,0.875,ft8
cw,qrn-heavy,152,0.0838,6,35.3,17.6,0,0,0.393,0.565,10.0,false,6.25,1.000,0.627,js8call
cw,qrn-heavy,117,0.1324,5,32.8,17.6,0,0,0.546,0.430,11.5,false,6.25,1.000,1.000,ft8
cw,qrn-heavy,140,0.0832,8,36.3,17.6,0,0,0.384,0.590,10.5,false,6.25,1.000,0.718,ft8
cw,qrn-heavy,134,0.1046,7,35.2,17.6,0,0,0.495,0.445,11.0,false,6.25,1.000,1.000,ft8
cw,qrn-heavy,152,0.1057,7,35.2,17.6,0,0,0.417,0.540,11.5,false,6.25,1.000,0.696,ft8
cw,qrn-heavy,123,0.1261,6,32.2,17.6,0,0,0.490,0.490,11.0,false,6.25,1.000,1.000,ft8
cw,qrn-heavy,134,0.0955,6,35.1,17.6,0,0,0.396,0.560,11.5,false,6.25,1.000,0.616,ft8
cw,qrn-heavy,123,0.0945,6,35.2,17.6,0,0,0.400,0.565,9.0,false,6.25,1.000,0.727,js8call
cw,qrn-heavy,134,0.1094,6,34.9,17.6,0,0,0.503,0.430,11.0,false,6.25,1.000,1.000,ft8
cw,qrn-heavy,134,0.1094,6,33.8,17.6,0,0,0.579,0.380,9.5,false,6.25,1.000,1.000,ft8
cw,qrn-heavy,123,0.0953,6,35.3,17.6,0,0,0.379,0.600,10.0,false,6.25,1.000,0.681,js8call
cw,qrn-heavy,134,0.1224,6,35.7,17.6,0,0,0.417,0.530,10.5,false,6.25,1.000,0.668,ft8
cw,drift-1Hz,310,0.0261,11,47.2,17.6,2,0,0.933,0.400,10.0,true,6.25,1.000,1.000,ft8
cw,drift-1Hz,322,0.0312,11,46.9,17.6,2,0,0.923,0.405,10.0,true,6.25,1.000,1.000,ft8
cw,drift-1Hz,316,0.0270,11,47.0,17.6,2,0,1.218,0.270,5.5,true,6.25,1.000,1.000,ft8
cw,drift-1Hz,322,0.0306,11,46.4,17.6,2,0,0.896,0.400,9.5,true,6.25,1.000,1.000,ft8
cw,drift-1Hz,304,0.0255,9,47.1,17.6,2,0,1.092,0.325,7.0,true,6.25,1.000,1.000,ft8
cw,drift-1Hz,322,0.0248,11,47.3,17.6,2,0,0.933,0.400,10.0,true,6.25,1.000,1.000,ft8
cw,drift-1Hz,287,0.0228,11,47.1,17.6,2,0,0.895,0.400,7.5,true,6.25,1.000,1.000,ft8
cw,drift-1Hz,316,0.0290,9,46.8,17.6,2,0,1.244,0.275,5.5,true,6.25,1.000,1.000,ft8
cw,drift-1Hz,292,0.0220,9,47.1,17.6,2,0,0.896,0.400,7.5,true,6.25,1.000,1.000,ft8
cw,drift-1Hz,298,0.0275,11,47.1,17.6,2,0,0.934,0.400,10.0,true,6.25,1.000,1.000,ft8
cw,drift-1Hz,316,0.0247,11,47.4,17.6,2,0,1.093,0.325,7.0,true,6.25,1.000,1.000,ft8
cw,drift-1Hz,316,0.0274,11,47.1,17.6,2,0,1.220,0.270,5.5,true,6.25,1.000,1.000,ft8
cw,drift-1Hz,298,0.0285,12,47.1,17.6,2,0,0.933,0.400,10.0,true,6.25,1.000,1.000,ft8
cw,drift-1Hz,310,0.0267,12,47.1,17.6,2,0,0.933,0.400,10.0,true,6.25,1.000,1.000,ft8
cw,drift-1Hz,310,0.0261,11,47.1,17.6,2,0,0.934,0.400,10.0,true,6.25,1.000,1.000,ft8
cw,drift-1Hz,316,0.0271,11,47.1,17.6,2,0,1.219,0.270,5.5,true,6.25,1.000,1.000,ft8
cw,drift-1Hz,322,0.0317,10,46.8,17.6,2,0,0.924,0.400,10.0,true,6.25,1.000,1.000,ft8
cw,drift-1Hz,322,0.0238,10,47.3,17.6,2,0,1.092,0.325,7.0,true,6.25,1.000,1.000,ft8
cw,drift-1Hz,316,0.0247,10,47.3,17.6,2,0,1.091,0.325,7.0,true,6.25,1.000,1.000,ft8
cw,drift-1Hz,304,0.0267,10,47.1,17.6,2,0,0.935,0.400,10.0,true,6.25,1.000,1.000,ft8
cw,drift-1Hz,322,0.0308,11,46.5,17.6,2,0,0.896,0.400,9.5,true,6.25,1.000,1.000,ft8
cw,drift-1Hz,316,0.0315,11,46.5,17.6,2,0,0.894,0.400,9.5,true,6.25,1.000,1.000,ft8
cw,drift-1Hz,339,0.0294,11,46.8,17.6,2,0,0.923,0.405,10.0,true,6.25,1.000,1.000,ft8
cw,drift-1Hz,322,0.0244,10,47.1,17.6,2,0,1.093,0.325,7.0,true,6.25,1.000,1.000,ft8
cw,drift-1Hz,298,0.0216,11,46.9,17.6,2,0,0.895,0.400,7.5,true,6.25,1.000,1.000,ft8
cw,drift-1Hz,310,0.0257,11,47.2,17.6,2,0,0.935,0.400,10.0,true,6.25,1.000,1.000,ft8
cw,drift-1Hz,269,0.0246,10,47.0,17.6,2,0,0.896,0.400,7.5,true,6.25,1.000,1.000,ft8
cw,drift-1Hz,322,0.0248,11,47.3,17.6,2,0,0.934,0.400,10.0,true,6.25,1.000,1.000,ft8
cw,drift-1Hz,322,0.0248,11,47.2,17.6,2,0,0.933,0.400,10.0,true,6.25,1.000,1.000,ft8
cw,drift-1Hz,316,0.0247,9,47.3,17.6,2,0,1.093,0.325,7.0,true,6.25,1.000,1.000,ft8
cw,drift-3Hz,328,0.0302,3,45.9,29.3,2,0,0.922,0.385,14.0,true,6.25,1.000,0.637,js8call
cw,drift-3Hz,316,0.0254,8,46.3,17.6,2,0,0.937,0.375,10.5,true,6.25,1.000,0.810,js8call
cw,drift-3Hz,298,0.0269,10,46.3,17.6,2,0,0.938,0.375,10.5,true,6.25,1.000,0.818,js8call
cw,drift-3Hz,333,0.0291,3,45.9,23.4,2,0,0.920,0.390,14.0,true,6.25,1.000,0.639,js8call
cw,drift-3Hz,322,0.0364,9,45.7,17.6,3,0,0.946,0.370,13.5,true,6.25,1.000,1.000,ft8
cw,drift-3Hz,333,0.0288,3,45.9,29.3,2,0,0.921,0.395,14.0,true,6.25,1.000,0.638,js8call
cw,drift-3Hz,328,0.0291,5,45.9,29.3,2,0,0.922,0.390,14.0,true,6.25,1.000,0.633,js8call
cw,drift-3Hz,351,0.0307,6,45.4,29.3,3,0,1.166,0.300,11.0,true,6.25,1.000,0.844,ft8
cw,drift-3Hz,333,0.0336,4,45.2,29.3,2,0,1.167,0.300,11.0,true,6.25,1.000,0.846,ft8
cw,drift-3Hz,345,0.0318,3,45.7,23.4,2,0,1.343,0.265,8.5,true,6.25,1.000,1.000,ft8
cw,drift-3Hz,292,0.0282,10,46.2,17.6,2,0,0.938,0.375,10.5,true,6.25,1.000,0.820,js8call
cw,drift-3Hz,339,0.0275,4,46.0,23.4,2,0,0.921,0.395,14.0,true,6.25,1.000,0.640,js8call
cw,drift-3Hz,316,0.0316,4,45.8,29.3,3,0,0.922,0.380,14.0,true,6.25,1.000,0.633,js8call
cw,drift-3Hz,328,0.0355,5,45.6,23.4,2,0,1.341,0.265,8.5,true,6.25,1.000,1.000,ft8
cw,drift-3Hz,304,0.0285,9,46.3,17.6,2,0,0.873,0.415,13.0,true,6.25,1.000,0.988,ft8
cw,drift-3Hz,339,0.0283,6,45.8,29.3,2,0,0.921,0.400,14.0,true,6.25,1.000,0.642,js8call
cw,drift-3Hz,316,0.0276,7,46.2,17.6,2,0,0.872,0.415,12.0,true,6.25,1.000,0.989,ft8
cw,drift-3Hz,328,0.0355,5,45.3,29.3,2,0,1.166,0.300,11.0,true,6.25,1.000,0.842,ft8
cw,drift-3Hz,328,0.0294,3,45.8,23.4,2,0,0.920,0.385,14.0,true,6.25,1.000,0.639,js8call
cw,drift-3Hz,316,0.0324,4,45.9,23.4,2,0,0.921,0.390,14.0,true,6.25,1.000,0.637,js8call
cw,drift-3Hz,333,0.0338,4,45.3,29.3,3,0,1.167,0.300,11.0,true,6.25,1.000,0.839,ft8
cw,drift-3Hz,333,0.0344,7,45.7,23.4,2,0,1.339,0.265,8.5,true,6.25,1.000,1.000,ft8
cw,drift-3Hz,333,0.0294,5,45.9,23.4,2,0,0.922,0.385,14.0,true,6.25,1.000,0.633,js8call
cw,drift-3Hz,322,0.0307,4,45.8,29.3,2,0,0.922,0.385,14.0,true,6.25,1.000,0.632,js8call
cw,drift-3Hz,310,0.0273,6,46.2,17.6,2,0,0.874,0.425,13.0,true,6.25,1.000,0.999,ft8
cw,drift-3Hz,345,0.0273,6,45.9,29.3,2,0,0.921,0.395,14.0,true,6.25,1.000,0.632,js8call
cw,drift-3Hz,333,0.0289,4,45.9,29.3,2,0,0.922,0.385,14.0,true,6.25,1.000,0.637,js8call
cw,drift-3Hz,310,0.0324,4,45.9,23.4,2,0,0.922,0.385,14.0,true,6.25,1.000,0.638,js8call
cw,drift-3Hz,316,0.0320,4,45.9,29.3,2,0,0.922,0.390,14.0,true,6.25,1.000,0.638,js8call
cw,drift-3Hz,328,0.0296,3,45.9,29.3,2,0,0.922,0.390,14.0,true,6.25,1.000,0.637,js8call
cw,phasenoise,310,0.0238,13,47.8,17.6,2,0,0.725,0.540,8.0,false,6.25,1.000,1.000,js8call
cw,phasenoise,333,0.0285,14,47.2,17.6,3,0,1.105,0.310,6.5,true,6.25,1.000,1.000,ft8
cw,phasenoise,310,0.0242,15,47.7,17.6,2,0,0.724,0.540,8.0,false,6.25,1.000,1.000,js8call
cw,phasenoise,316,0.0267,14,47.4,17.6,2,0,0.949,0.390,7.0,true,6.25,1.000,1.000,ft8
cw,phasenoise,328,0.0241,11,47.6,17.6,2,0,0.724,0.540,8.0,false,6.25,1.000,0.981,ft8
cw,phasenoise,322,0.0223,13,47.8,17.6,2,0,0.724,0.540,8.0,false,6.25,1.000,1.000,js8call
cw,phasenoise,322,0.0253,11,47.6,17.6,2,0,0.724,0.540,8.0,false,6.25,1.000,0.980,ft8
cw,phasenoise,310,0.0235,12,47.7,17.6,2,0,0.725,0.540,8.0,false,6.25,1.000,1.000,js8call
cw,phasenoise,310,0.0238,13,47.7,17.6,2,0,0.725,0.540,8.0,false,6.25,1.000,1.000,js8call
cw,phasenoise,310,0.0235,13,47.8,17.6,2,0,0.725,0.540,8.0,false,6.25,1.000,1.000,js8call
cw,phasenoise,310,0.0267,13,47.3,17.6,2,0,0.752,0.520,7.5,true,6.25,1.000,0.615,ft8
cw,phasenoise,310,0.0262,13,47.2,17.6,2,0,0.751,0.520,7.5,false,6.25,1.000,0.618,ft8
cw,phasenoise,333,0.0282,12,47.2,17.6,3,0,1.104,0.310,6.5,true,6.25,1.000,1.000,ft8
cw,phasenoise,322,0.0313,12,46.9,17.6,2,0,0.752,0.520,9.5,true,6.25,1.000,0.666,ft8
cw,phasenoise,310,0.0259,12,47.6,17.6,2,0,0.725,0.540,8.0,false,6.25,1.000,0.980,ft8
cw,phasenoise,310,0.0236,13,47.7,17.6,2,0,0.724,0.540,8.0,false,6.25,1.000,0.986,js8call
cw,phasenoise,345,0.0285,13,46.7,17.6,2,0,0.753,0.520,9.5,true,6.25,1.000,0.667,ft8
cw,phasenoise,310,0.0239,13,47.7,17.6,2,0,0.724,0.540,8.0,false,6.25,1.000,1.000,js8call
cw,phasenoise,316,0.0232,13,47.6,17.6,2,0,0.724,0.540,8.0,false,6.25,1.000,1.000,js8call
cw,phasenoise,322,0.0262,12,47.4,17.6,2,0,0.950,0.390,7.0,true,6.25,1.000,1.000,ft8
cw,phasenoise,310,0.0239,14,47.6,17.6,2,0,0.724,0.540,8.0,false,6.25,1.000,1.000,js8call
cw,phasenoise,322,0.0262,13,47.4,17.6,2,0,0.949,0.390,7.0,true,6.25,1.000,1.000,ft8
cw,phasenoise,298,0.0256,13,47.7,17.6,2,0,0.725,0.540,8.0,false,6.25,1.000,1.000,js8call
cw,phasenoise,322,0.0226,13,47.7,17.6,2,0,0.725,0.540,8.0,false,6.25,1.000,1.000,js8call
cw,phasenoise,310,0.0263,10,47.6,17.6,2,0,0.725,0.540,8.0,false,6.25,1.000,0.993,ft8
cw,phasenoise,316,0.0268,13,47.4,17.6,2,0,0.949,0.390,7.0,true,6.25,1.000,1.000,ft8
cw,phasenoise,310,0.0240,12,47.7,17.6,2,0,0.725,0.540,8.0,false,6.25,1.000,1.000,js8call
cw,phasenoise,333,0.0302,13,46.8,17.6,2,0,0.752,0.520,9.5,false,6.25,1.000,0.674,ft8
cw,phasenoise,310,0.0238,14,47.6,17.6,2,0,0.725,0.540,8.0,false,6.25,1.000,0.996,js8call
cw,phasenoise,310,0.0233,13,47.6,17.6,2,0,0.724,0.540,8.0,false,6.25,1.000,1.000,js8call
cw,hf-brutal,164,0.1203,6,35.0,17.6,0,0,0.420,0.535,8.5,false,6.25,1.000,0.718,ft8
cw,hf-brutal,158,0.1037,4,34.9,17.6,0,0,0.393,0.545,10.0,false,6.25,1.000,0.651,ft8
cw,hf-brutal,175,0.1094,7,35.0,17.6,0,0,0.410,0.540,10.5,false,6.25,1.000,0.711,ft8
cw,hf-brutal,187,0.1048,7,35.3,17.6,0,0,0.434,0.530,10.5,false,6.25,1.000,0.699,ft8
cw,hf-brutal,205,0.1179,9,34.9,17.6,0,0,0.429,0.565,10.5,false,6.25,1.000,0.727,ft8
cw,hf-brutal,175,0.1136,6,34.3,17.6,0,0,0.426,0.540,8.5,false,6.25,1.000,0.716,ft8
cw,hf-brutal,175,0.0920,7,35.7,17.6,0,0,0.395,0.555,10.0,false,6.25,1.000,0.675,ft8
cw,hf-brutal,146,0.1828,9,33.1,23.4,0,0,0.528,0.430,11.5,false,6.25,1.000,0.707,ft8
cw,hf-brutal,152,0.1074,5,34.9,17.6,0,0,0.396,0.620,14.0,false,6.25,1.000,0.660,ft8
cw,hf-brutal,169,0.0969,6,35.7,17.6,0,0,0.409,0.560,9.0,false,6.25,1.000,0.655,ft8
cw,hf-brutal,181,0.1206,6,34.9,17.6,0,0,0.477,0.455,9.0,false,6.25,1.000,1.000,ft8
cw,hf-brutal,152,0.1050,5,35.5,17.6,0,0,0.394,0.565,9.0,false,6.25,1.000,0.661,ft8
cw,hf-brutal,169,0.0935,4,35.8,17.6,0,0,0.400,0.555,11.0,false,6.25,1.000,0.682,ft8
cw,hf-brutal,164,0.0962,6,35.8,17.6,0,0,0.387,0.590,10.0,false,6.25,1.000,0.661,ft8
cw,hf-brutal,164,0.1354,6,34.0,17.6,0,0,0.459,0.485,10.0,false,6.25,1.000,1.000,ft8
cw,hf-brutal,169,0.0959,6,36.0,17.6,0,0,0.398,0.560,10.0,false,6.25,1.000,0.662,ft8
cw,hf-brutal,152,0.1046,5,35.6,17.6,0,0,0.402,0.570,10.0,false,6.25,1.000,0.648,ft8
cw,hf-brutal,164,0.1202,6,34.7,17.6,0,0,0.404,0.520,12.0,false,6.25,1.000,0.755,ft8
cw,hf-brutal,175,0.0922,7,35.7,17.6,0,0,0.391,0.560,10.0,false,6.25,1.000,0.644,ft8
cw,hf-brutal,193,0.1282,10,34.6,17.6,0,0,0.566,0.330,7.5,false,6.25,1.000,1.000,ft8
cw,hf-brutal,158,0.1049,5,35.5,17.6,0,0,0.376,0.570,11.0,false,6.25,1.000,0.654,ft8
cw,hf-brutal,187,0.1014,6,35.5,17.6,0,0,0.425,0.530,9.5,false,6.25,1.000,0.734,ft8
cw,hf-brutal,169,0.0953,3,35.9,17.6,0,0,0.379,0.555,11.0,false,6.25,1.000,0.653,ft8
cw,hf-brutal,181,0.1131,8,35.3,17.6,0,0,0.412,0.530,11.0,false,6.25,1.000,0.768,ft8
cw,hf-brutal,164,0.1265,6,34.7,17.6,0,0,0.390,0.515,12.0,false,6.25,1.000,0.752,ft8
cw,hf-brutal,175,0.1243,6,34.3,17.6,0,0,0.473,0.475,11.0,false,6.25,1.000,1.000,ft8
cw,hf-brutal,169,0.1208,6,35.2,17.6,0,0,0.404,0.545,11.0,false,6.25,1.000,0.740,ft8
cw,hf-brutal,158,0.1048,5,35.8,17.6,0,0,0.399,0.580,10.0,false,6.25,1.000,0.672,ft8
cw,hf-brutal,169,0.0948,5,35.5,17.6,0,0,0.401,0.560,10.0,false,6.25,1.000,0.669,ft8
cw,hf-brutal,164,0.1239,6,35.3,17.6,0,0,0.401,0.550,11.0,false,6.25,1.000,0.747,ft8
js8call,agc-fast,140,0.1147,4,32.7,41.0,0,0,0.158,0.670,8.0,false,6.25,1.000,1.000,js8call
js8call,agc-fast,140,0.1238,4,31.6,52.7,0,0,0.159,0.700,0.5,false,6.25,1.000,1.000,js8call
js8call,agc-fast,146,0.1156,2,31.6,52.7,0,0,0.155,0.715,4.5,false,6.25,1.000,1.000,js8call
js8call,agc-fast,134,0.1343,2,31.5,46.9,0,0,0.157,0.695,3.5,false,6.25,1.000,1.000,js8call
js8call,agc-fast,128,0.1306,3,32.4,46.9,0,0,0.159,0.675,7.5,false,6.25,1.000,1.000,js8call
js8call,agc-fast,128,0.1352,1,32.8,41.0,0,0,0.156,0.690,4.5,false,6.25,1.000,1.000,js8call
js8call,agc-fast,128,0.1316,2,33.0,35.2,0,0,0.158,0.690,4.5,false,6.25,1.000,1.000,js8call
js8call,agc-fast,128,0.1357,1,32.8,41.0,0,0,0.156,0.705,2.5,false,6.25,1.000,1.000,js8call
js8call,agc-fast,123,0.1478,3,31.7,46.9,0,0,0.160,0.690,2.5,false,6.25,1.000,1.000,js8call
js8call,agc-fast,123,0.1531,4,32.5,46.9,0,0,0.157,0.705,5.5,false,6.25,1.000,1.000,js8call
js8call,agc-fast,152,0.1095,2,31.6,52.7,0,0,0.157,0.705,3.5,false,6.25,1.000,1.000,js8call
js8call,agc-fast,128,0.1334,2,32.7,41.0,0,0,0.156,0.680,4.5,false,6.25,1.000,1.000,js8call
js8call,agc-fast,123,0.1543,3,31.6,46.9,0,0,0.156,0.685,7.0,false,6.25,1.000,1.000,js8call
js8call,agc-fast,123,0.1523,2,31.6,46.9,0,0,0.158,0.685,3.5,false,6.25,1.000,1.000,js8call
js8call,agc-fast,123,0.1499,2,31.6,52.7,0,0,0.156,0.670,7.5,false,6.25,1.000,1.000,js8call
js8call,agc-fast,128,0.1415,3,32.2,41.0,0,0,0.158,0.700,2.5,false,6.25,1.000,1.000,js8call
js8call,agc-fast,134,0.1324,3,31.6,52.7,0,0,0.157,0.710,4.5,false,6.25,1.000,1.000,js8call
js8call,agc-fast,140,0.1161,3,31.8,46.9,0,0,0.156,0.710,4.5,false,6.25,1.000,1.000,js8call
js8call,agc-fast,111,0.1720,3,31.8,46.9,0,0,0.157,0.700,2.5,false,6.25,1.000,1.000,js8call
js8call,agc-fast,123,0.1399,4,32.8,41.0,0,0,0.160,0.685,5.5,false,6.25,1.000,1.000,js8call
js8call,agc-fast,111,0.1660,3,32.8,41.0,0,0,0.159,0.675,8.5,false,6.25,1.000,1.000,js8call
js8call,agc-fast,123,0.1382,1,31.8,46.9,0,0,0.157,0.670,10.5,false,6.25,1.000,1.000,js8call
js8call,agc-fast,128,0.1432,6,31.8,46.9,0,0,0.159,0.685,5.5,false,6.25,1.000,1.000,js8call
js8call,agc-fast,128,0.1378,2,31.5,52.7,0,0,0.157,0.700,4.5,false,6.25,1.000,1.000,js8call
js8call,agc-fast,123,0.1565,3,31.6,46.9,0,0,0.156,0.695,5.5,false,6.25,1.000,1.000,js8call
js8call,agc-fast,152,0.1078,2,32.6,41.0,0,0,0.158,0.695,1.5,false,6.25,1.000,1.000,js8call
js8call,agc-fast,134,0.1264,2,31.5,52.7,0,0,0.156,0.700,4.5,false,6.25,1.000,1.000,js8call
js8call,agc-fast,140,0.1252,2,31.6,46.9,0,0,0.156,0.690,4.5,false,6.25,1.000,1.000,js8call
js8call,agc-fast,128,0.1321,2,32.9,35.2,0,0,0.158,0.705,3.5,false,6.25,1.000,1.000,js8call
js8call,agc-fast,128,0.1450,3,31.7,46.9,0,0,0.157,0.685,7.5,false,6.25,1.000,1.000,js8call
js8call,agc-slow,140,0.0981,3,35.0,29.3,0,0,0.294,0.680,4.5,false,6.25,1.000,1.000,ft8
js8call,agc-slow,128,0.1223,3,34.0,41.0,0,0,0.295,0.680,4.0,false,6.25,1.000,1.000,ft8
js8call,agc-slow,128,0.1121,1,35.1,29.3,0,0,0.297,0.690,2.5,false,6.25,1.000,1.000,ft8
js8call,agc-slow,123,0.1207,3,34.1,35.2,0,0,0.296,0.685,3.5,false,6.25,1.000,1.000,ft8
js8call,agc-slow,123,0.1272,2,34.9,29.3,0,0,0.297,0.675,5.5,false,6.25,1.000,1.000,ft8
js8call,agc-slow,134,0.1133,3,34.0,41.0,0,0,0.296,0.670,6.5,false,6.25,1.000,1.000,ft8
js8call,agc-slow,105,0.1544,3,33.9,35.2,0,0,0.296,0.675,5.5,false,6.25,1.000,1.000,ft8
js8call,agc-slow,146,0.1035,5,34.3,41.0,0,0,0.295,0.695,1.5,false,6.25,1.000,1.000,ft8
js8call,agc-slow,123,0.1281,3,34.7,29.3,0,0,0.295,0.685,3.5,false,6.25,1.000,1.000,ft8
js8call,agc-slow,128,0.1193,5,34.6,29.3,0,0,0.295,0.660,7.5,false,6.25,1.000,1.000,ft8
js8call,agc-slow,123,0.1194,2,34.1,35.2,0,0,0.294,0.685,3.5,false,6.25,1.000,1.000,ft8
js8call,agc-slow,128,0.1140,2,34.7,29.3,0,0,0.296,0.685,3.5,false,6.25,1.000,1.000,ft8
js8call,agc-slow,123,0.1282,3,34.2,35.2,0,0,0.295,0.680,4.5,false,6.25,1.000,1.000,ft8
js8call,agc-slow,128,0.1083,4,34.1,35.2,0,0,0.292,0.675,5.0,false,6.25,1.000,1.000,ft8
js8call,agc-slow,134,0.1047,2,34.9,29.3,0,0,0.294,0.665,7.5,false,6.25,1.000,1.000,ft8
js8call,agc-slow,146,0.0998,2,34.7,29.3,0,0,0.294,0.680,4.5,false,6.25,1.000,1.000,ft8
js8call,agc-slow,134,0.1055,2,34.1,35.2,0,0,0.296,0.665,6.0,false,6.25,1.000,1.000,ft8
js8call,agc-slow,134,0.1019,2,34.1,35.2,0,0,0.295,0.660,6.5,false,6.25,1.000,1.000,ft8
js8call,agc-slow,152,0.0940,3,34.1,41.0,0,0,0.296,0.660,6.5,false,6.25,1.000,1.000,ft8
js8call,agc-slow,146,0.0945,3,33.8,41.0,0,0,0.296,0.695,2.5,false,6.25,1.000,1.000,ft8
js8call,agc-slow,128,0.1064,4,34.2,41.0,0,0,0.295,0.695,1.5,false,6.25,1.000,1.000,ft8
js8call,agc-slow,140,0.1071,4,34.1,35.2,0,0,0.295,0.660,7.5,false,6.25,1.000,1.000,ft8
js8call,agc-slow,117,0.1409,2,34.7,29.3,0,0,0.295,0.695,1.5,false,6.25,1.000,1.000,ft8
js8call,agc-slow,128,0.1191,1,34.1,35.2,0,0,0.295,0.685,3.5,false,6.25,1.000,1.000,ft8
js8call,agc-slow,123,0.1177,2,34.1,35.2,0,0,0.296,0.690,2.5,false,6.25,1.000,1.000,ft8
js8call,agc-slow,134,0.1110,5,34.1,35.2,0,0,0.297,0.685,3.5,false,6.25,1.000,1.000,ft8
js8call,agc-slow,128,0.1071,4,34.1,41.0,0,0,0.297,0.690,2.5,false,6.25,1.000,1.000,ft8
js8call,agc-slow,128,0.1162,4,34.0,41.0,0,0,0.296,0.680,4.0,false,6.25,1.000,1.000,ft8
js8call,agc-slow,128,0.1233,2,34.7,29.3,0,0,0.296,0.660,6.5,false,6.25,1.000,1.000,ft8
js8call,agc-slow,128,0.1209,2,34.2,41.0,0,0,0.296,0.675,4.5,false,6.25,1.000,1.000,ft8
js8call,selfade-6dB,111,0.0859,2,38.6,46.9,0,0,0.432,0.700,0.5,false,6.25,1.000,1.000,js8call
js8call,selfade-6dB,123,0.0707,2,39.1,46.9,0,0,0.432,0.700,0.5,false,6.25,1.000,1.000,js8call
js8call,selfade-6dB,105,0.0962,3,39.1,46.9,0,0,0.432,0.700,0.5,false,6.25,1.000,1.000,js8call
js8call,selfade-6dB,123,0.0828,2,38.4,46.9,0,0,0.433,0.700,0.5,false,6.25,1.000,1.000,js8call
js8call,selfade-6dB,105,0.0952,1,39.2,46.9,0,0,0.431,0.700,0.5,false,6.25,1.000,1.000,js8call
js8call,selfade-6dB,128,0.0792,4,38.1,35.2,0,0,0.478,0.700,0.5,false,6.25,1.000,1.000,js8call
js8call,selfade-6dB,128,0.0655,1,38.6,46.9,0,0,0.431,0.700,0.5,false,6.25,1.000,1.000,js8call
js8call,selfade-6dB,99,0.1155,3,38.2,46.9,0,0,0.434,0.700,0.5,false,6.25,1.000,1.000,js8call
js8call,selfade-6dB,111,0.1053,2,38.4,46.9,0,0,0.431,0.700,0.5,false,6.25,1.000,1.000,js8call
js8call,selfade-6dB,117,0.0713,2,38.6,46.9,0,0,0.432,0.700,0.5,false,6.25,1.000,1.000,js8call
js8call,selfade-6dB,117,0.0814,2,38.6,52.7,0,0,0.431,0.700,0.5,false,6.25,1.000,1.000,js8call
js8call,selfade-6dB,111,0.1042,3,38.5,46.9,0,0,0.432,0.700,0.5,false,6.25,1.000,1.000,js8call
js8call,selfade-6dB,111,0.0907,2,38.7,52.7,0,0,0.432,0.700,0.5,false,6.25,1.000,1.000,js8call
js8call,selfade-6dB,128,0.0737,3,38.4,46.9,0,0,0.431,0.700,0.5,false,6.25,1.000,1.000,js8call
js8call,selfade-6dB,123,0.0732,3,38.6,46.9,0,0,0.432,0.700,0.5,false,6.25,1.000,1.000,js8call
js8call,selfade-6dB,123,0.0826,3,38.5,46.9,0,0,0.432,0.700,0.5,false,6.25,1.000,1.000,js8call
js8call,selfade-6dB,111,0.0867,1,38.6,52.7,0,0,0.433,0.700,0.5,false,6.25,1.000,1.000,js8call
js8call,selfade-6dB,123,0.0693,2,39.0,46.9,0,0,0.433,0.700,0.5,false,6.25,1.000,1.000,js8call
js8call,selfade-6dB,105,0.0969,1,39.2,46.9,0,0,0.433,0.700,0.5,false,6.25,1.000,1.000,js8call
js8call,selfade-6dB,123,0.0806,4,38.5,46.9,0,0,0.432,0.700,0.5,false,6.25,1.000,1.000,js8call
js8call,selfade-6dB,105,0.0947,1,39.3,46.9,0,0,0.433,0.700,0.5,false,6.25,1.000,1.000,js8call
js8call,selfade-6dB,111,0.0846,2,39.2,46.9,0,0,0.432,0.700,0.5,false,6.25,1.000,1.000,js8call
js8call,selfade-6dB,117,0.0740,1,38.9,46.9,0,0,0.433,0.700,0.5,false,6.25,1.000,1.000,js8call
js8call,selfade-6dB,99,0.1128,1,38.8,46.9,0,0,0.430,0.700,0.5,false,6.25,1.000,1.000,js8call
js8call,selfade-6dB,105,0.1025,3,38.6,52.7,0,0,0.432,0.700,0.5,false,6.25,1.000,1.000,js8call
js8call,selfade-6dB,111,0.0820,2,38.6,46.9,0,0,0.431,0.700,0.5,false,6.25,1.000,1.000,js8call
js8call,selfade-6dB,123,0.0832,3,38.6,46.9,0,0,0.430,0.700,0.5,false,6.25,1.000,1.000,js8call
js8call,selfade-6dB,158,0.0564,2,38.4,35.2,0,0,0.470,0.700,0.5,false,6.25,1.000,1.000,js8call
js8call,selfade-6dB,111,0.0962,1,38.4,46.9,0,0,0.431,0.700,0.5,false,6.25,1.000,1.000,js8call
js8call,selfade-6dB,111,0.0895,3,38.6,52.7,0,0,0.431,0.700,0.5,false,6.25,1.000,1.000,js8call
js8call,selfade-12dB,111,0.0881,1,38.9,41.0,0,0,0.442,0.695,0.5,false,6.25,1.000,1.000,js8call
js8call,selfade-12dB,111,0.0862,1,38.9,46.9,0,0,0.432,0.700,0.5,false,6.25,1.000,1.000,js8call
js8call,selfade-12dB,111,0.0833,2,39.0,46.9,0,0,0.431,0.700,0.5,false,6.25,1.000,1.000,js8call
js8call,selfade-12dB,117,0.0924,2,38.5,46.9,0,0,0.431,0.700,0.5,false,6.25,1.000,1.000,js8call
js8call,selfade-12dB,99,0.1094,2,39.0,46.9,0,0,0.435,0.700,0.5,false,6.25,1.000,1.000,js8call
js8call,selfade-12dB,117,0.0919,4,38.6,46.9,0,0,0.431,0.700,0.5,false,6.25,1.000,1.000,js8call
js8call,selfade-12dB,105,0.1088,2,38.5,46.9,0,0,0.433,0.700,0.5,false,6.25,1.000,1.000,js8call
js8call,selfade-12dB,105,0.0901,2,38.7,46.9,0,0,0.431,0.700,0.5,false,6.25,1.000,1.000,js8call
js8call,selfade-12dB,111,0.0895,3,38.6,52.7,0,0,0.432,0.700,0.5,false,6.25,1.000,1.000,js8call
js8call,selfade-12dB,117,0.0808,5,38.7,52.7,0,0,0.431,0.700,0.5,false,6.25,1.000,1.000,js8call
js8call,selfade-12dB,123,0.0807,2,38.5,46.9,0,0,0.431,0.700,0.5,false,6.25,1.000,1.000,js8call
js8call,selfade-12dB,111,0.0889,2,38.6,52.7,0,0,0.431,0.700,0.5,false,6.25,1.000,1.000,js8call
js8call,selfade-12dB,99,0.1173,3,39.0,46.9,0,0,0.431,0.700,0.5,false,6.25,1.000,1.000,js8call
js8call,selfade-12dB,117,0.0743,2,38.6,46.9,0,0,0.431,0.700,0.5,false,6.25,1.000,1.000,js8call
js8call,selfade-12dB,111,0.1028,4,38.5,46.9,0,0,0.432,0.700,0.5,false,6.25,1.000,1.000,js8call
js8call,selfade-12dB,111,0.0821,2,39.2,46.9,0,0,0.431,0.700,0.5,false,6.25,1.000,1.000,js8call
js8call,selfade-12dB,123,0.0657,2,39.2,46.9,0,0,0.433,0.700,0.5,false,6.25,1.000,1.000,js8call
js8call,selfade-12dB,128,0.0745,1,37.8,46.9,0,0,0.446,0.695,0.5,false,6.25,1.000,1.000,js8call
js8call,selfade-12dB,111,0.0847,2,38.4,52.7,0,0,0.434,0.700,0.5,false,6.25,1.000,1.000,js8call
js8call,selfade-12dB,128,0.0582,1,39.0,41.0,0,0,0.442,0.700,0.5,false,6.25,1.000,1.000,js8call
js8call,selfade-12dB,111,0.0839,1,38.6,46.9,0,0,0.433,0.700,0.5,false,6.25,1.000,1.000,js8call
js8call,selfade-12dB,117,0.0764,2,39.1,46.9,0,0,0.432,0.700,0.5,false,6.25,1.000,1.000,js8call
js8call,selfade-12dB,111,0.1041,1,38.4,46.9,0,0,0.431,0.700,0.5,false,6.25,1.000,1.000,js8call
js8call,selfade-12dB,111,0.1026,1,38.1,46.9,0,0,0.432,0.700,0.5,false,6.25,1.000,1.000,js8call
js8call,selfade-12dB,111,0.0817,2,39.1,46.9,0,0,0.432,0.700,0.5,false,6.25,1.000,1.000,js8call
js8call,selfade-12dB,117,0.0843,1,38.5,46.9,0,0,0.431,0.700,0.5,false,6.25,1.000,1.000,js8call
js8call,selfade-12dB,111,0.0828,2,38.7,46.9,0,0,0.432,0.700,0.5,false,6.25,1.000,1.000,js8call
js8call,selfade-12dB,111,0.0804,3,39.3,46.9,0,0,0.432,0.700,0.5,false,6.25,1.000,1.000,js8call
js8call,selfade-12dB,111,0.0877,2,39.0,46.9,0,0,0.432,0.700,0.5,false,6.25,1.000,1.000,js8call
js8call,selfade-12dB,105,0.0966,2,38.9,46.9,0,0,0.435,0.700,0.5,false,6.25,1.000,1.000,js8call
js8call,qrn-light,111,0.1082,2,37.9,46.9,0,0,0.417,0.710,1.5,false,6.25,1.000,1.000,js8call
js8call,qrn-light,111,0.1058,3,37.7,46.9,0,0,0.422,0.700,0.5,false,6.25,1.000,1.000,js8call
js8call,qrn-light,123,0.0885,3,38.1,46.9,0,0,0.432,0.700,0.5,false,6.25,1.000,1.000,js8call
js8call,qrn-light,111,0.0907,2,38.0,46.9,0,0,0.396,0.720,1.5,false,6.25,1.000,1.000,js8call
js8call,qrn-light,99,0.1223,2,37.5,46.9,0,0,0.425,0.700,0.5,false,6.25,1.000,1.000,js8call
js8call,qrn-light,123,0.0867,4,38.0,46.9,0,0,0.430,0.700,0.5,false,6.25,1.000,1.000,js8call
js8call,qrn-light,111,0.1031,4,38.0,46.9,0,0,0.422,0.700,0.5,false,6.25,1.000,1.000,js8call
js8call,qrn-light,111,0.0909,3,38.1,46.9,0,0,0.425,0.700,0.5,false,6.25,1.000,1.000,js8call
js8call,qrn-light,117,0.0914,2,38.1,46.9,0,0,0.423,0.705,1.5,false,6.25,1.000,1.000,js8call
js8call,qrn-light,117,0.0988,2,37.2,46.9,0,0,0.412,0.700,0.5,false,6.25,1.000,1.000,js8call
js8call,qrn-light,105,0.1007,1,37.6,46.9,0,0,0.403,0.705,1.5,false,6.25,1.000,1.000,js8call
js8call,qrn-light,111,0.0876,2,38.4,46.9,0,0,0.419,0.710,1.5,false,6.25,1.000,1.000,js8call
js8call,qrn-light,105,0.1029,3,38.5,46.9,0,0,0.428,0.700,0.5,false,6.25,1.000,1.000,js8call
js8call,qrn-light,111,0.0860,2,37.9,46.9,0,0,0.423,0.700,0.5,false,6.25,1.000,1.000,js8call
js8call,qrn-light,105,0.1235,3,37.4,46.9,0,0,0.418,0.700,0.5,false,6.25,1.000,1.000,js8call
js8call,qrn-light,105,0.1051,3,37.3,52.7,0,0,0.406,0.725,2.5,false,6.25,1.000,1.000,js8call
js8call,qrn-light,105,0.1278,2,37.1,46.9,0,0,0.413,0.705,1.5,false,6.25,1.000,1.000,js8call
js8call,qrn-light,105,0.1079,4,37.5,46.9,0,0,0.430,0.700,0.5,false,6.25,1.000,1.000,js8call
js8call,qrn-light,105,0.0944,2,38.4,46.9,0,0,0.428,0.700,0.5,false,6.25,1.000,1.000,js8call
js8call,qrn-light,105,0.0990,3,37.6,46.9,0,0,0.425,0.700,0.5,false,6.25,1.000,1.000,js8call
js8call,qrn-light,99,0.1167,4,38.2,41.0,0,0,0.417,0.700,0.5,false,6.25,1.000,1.000,js8call
js8call,qrn-light,117,0.0928,1,37.8,46.9,0,0,0.418,0.700,0.5,false,6.25,1.000,1.000,js8call
js8call,qrn-light,105,0.1073,4,38.0,52.7,0,0,0.427,0.700,0.5,false,6.25,1.000,1.000,js8call
js8call,qrn-light,123,0.0833,2,37.8,46.9,0,0,0.418,0.700,0.5,false,6.25,1.000,1.000,js8call
js8call,qrn-light,105,0.0982,3,38.2,46.9,0,0,0.426,0.705,1.5,false,6.25,1.000,1.000,js8call
js8call,qrn-light,105,0.1099,3,37.8,46.9,0,0,0.423,0.700,0.5,false,6.25,1.000,1.000,js8call
js8call,qrn-light,123,0.0849,2,37.7,46.9,0,0,0.410,0.705,1.5,false,6.25,1.000,1.000,js8call
js8call,qrn-light,111,0.0939,4,37.6,46.9,0,0,0.424,0.705,1.5,false,6.25,1.000,1.000,js8call
js8call,qrn-light,123,0.0862,2,37.3,46.9,0,0,0.417,0.715,1.5,false,6.25,1.000,1.000,js8call
js8call,qrn-light,117,0.0809,1,37.7,52.7,0,0,0.410,0.715,1.5,false,6.25,1.000,1.000,js8call
js8call,qrn-heavy,82,0.2442,2,31.9,52.7,0,0,0.267,0.625,25.5,false,6.25,1.000,1.000,js8call
js8call,qrn-heavy,82,0.2653,1,30.8,52.7,0,0,0.293,0.725,2.5,false,6.25,1.000,1.000,js8call
js8call,qrn-heavy,87,0.2037,1,31.9,46.9,0,0,0.287,0.715,2.5,false,6.25,1.000,1.000,js8call
js8call,qrn-heavy,70,0.3488,3,32.0,35.2,0,0,0.280,0.735,2.5,false,6.25,1.000,1.000,js8call
js8call,qrn-heavy,82,0.2708,2,31.1,46.9,0,0,0.291,0.720,1.5,false,6.25,1.000,1.000,js8call
js8call,qrn-heavy,70,0.3392,1,31.8,46.9,0,0,0.255,0.605,26.5,false,6.25,1.000,1.000,js8call
js8call,qrn-heavy,87,0.2519,1,30.2,46.9,0,0,0.273,0.635,20.5,false,6.25,1.000,1.000,js8call
js8call,qrn-heavy,76,0.3315,1,32.5,46.9,0,0,0.281,0.730,2.5,false,6.25,1.000,1.000,js8call
js8call,qrn-heavy,76,0.3111,2,31.4,46.9,0,0,0.278,0.735,2.5,false,6.25,1.000,1.000,js8call
js8call,qrn-heavy,87,0.2321,2,31.0,46.9,0,0,0.276,0.745,3.5,false,6.25,1.000,1.000,js8call
js8call,qrn-heavy,76,0.3051,1,30.7,46.9,0,0,0.278,0.735,3.5,false,6.25,1.000,1.000,js8call
js8call,qrn-heavy,87,0.2476,2,32.3,46.9,0,0,0.294,0.705,1.5,false,6.25,1.000,1.000,js8call
js8call,qrn-heavy,87,0.2252,1,31.1,41.0,0,0,0.297,0.715,1.5,false,6.25,1.000,1.000,js8call
js8call,qrn-heavy,87,0.2677,1,30.6,41.0,0,0,0.298,0.725,2.5,false,6.25,1.000,1.000,js8call
js8call,qrn-heavy,82,0.2278,3,31.4,46.9,0,0,0.272,0.735,2.5,false,6.25,1.000,1.000,js8call
js8call,qrn-heavy,76,0.3067,1,30.9,46.9,0,0,0.296,0.720,2.5,false,6.25,1.000,1.000,js8call
js8call,qrn-heavy,87,0.2507,2,31.1,46.9,0,0,0.278,0.740,3.5,false,31.25,1.000,1.000,js8call
js8call,qrn-heavy,93,0.2036,1,31.7,46.9,0,0,0.286,0.730,3.5,false,6.25,1.000,1.000,js8call
js8call,qrn-heavy,76,0.3076,3,32.3,41.0,0,0,0.282,0.730,2.5,false,6.25,1.000,1.000,ft8
js8call,qrn-heavy,82,0.2865,2,30.5,46.9,0,0,0.297,0.715,1.5,false,6.25,1.000,1.000,ft8
js8call,qrn-heavy,82,0.2452,1,32.4,46.9,0,0,0.277,0.720,3.5,false,6.25,1.000,1.000,js8call
js8call,qrn-heavy,93,0.1884,1,32.3,46.9,0,0,0.289,0.700,0.5,false,6.25,1.000,1.000,js8call
js8call,qrn-heavy,76,0.2828,1,31.7,46.9,0,0,0.270,0.735,2.5,false,6.25,1.000,1.000,js8call
js8call,qrn-heavy,82,0.2973,2,30.9,46.9,0,0,0.281,0.725,2.5,false,6.25,1.000,1.000,js8call
js8call,qrn-heavy,70,0.3459,1,31.1,46.9,0,0,0.273,0.685,15.5,false,6.25,1.000,1.000,js8call
js8call,qrn-heavy,82,0.2917,1,30.7,46.9,0,0,0.247,0.555,33.0,false,6.25,1.000,1.000,js8call
js8call,qrn-heavy,64,0.4111,1,31.9,46.9,0,0,0.269,0.730,5.5,false,6.25,1.000,1.000,js8call
js8call,qrn-heavy,117,0.1734,2,31.4,41.0,0,0,0.298,0.710,1.5,false,6.25,1.000,1.000,js8call
js8call,qrn-heavy,87,0.2345,2,31.3,46.9,0,0,0.289,0.720,1.5,false,6.25,1.000,1.000,js8call
js8call,qrn-heavy,82,0.2434,2,32.0,35.2,0,0,0.267,0.740,3.5,false,6.25,1.000,1.000,js8call
js8call,drift-1Hz,158,0.0387,2,43.6,41.0,0,0,0.752,0.445,3.5,true,6.25,1.000,1.000,js8call
js8call,drift-1Hz,123,0.0510,1,43.3,46.9,0,0,0.750,0.445,3.5,true,6.25,1.000,1.000,js8call
js8call,drift-1Hz,128,0.0455,1,43.3,46.9,0,0,0.751,0.445,3.5,true,6.25,1.000,1.000,js8call
js8call,drift-1Hz,123,0.0430,3,43.3,52.7,0,0,0.752,0.445,3.5,true,6.25,1.000,1.000,js8call
js8call,drift-1Hz,134,0.0409,1,43.4,46.9,0,0,0.752,0.445,3.5,true,6.25,1.000,1.000,js8call
js8call,drift-1Hz,140,0.0376,3,43.6,41.0,0,0,0.751,0.445,3.5,true,6.25,1.000,1.000,js8call
js8call,drift-1Hz,117,0.0509,2,43.2,52.7,0,0,0.752,0.440,3.5,true,6.25,1.000,1.000,js8call
js8call,drift-1Hz,117,0.0483,2,43.4,52.7,0,0,0.752,0.445,3.5,true,6.25,1.000,1.000,js8call
js8call,drift-1Hz,111,0.0611,3,43.1,52.7,0,0,0.752,0.440,3.5,true,6.25,1.000,1.000,js8call
js8call,drift-1Hz,128,0.0491,2,43.6,41.0,0,0,0.752,0.450,3.5,true,6.25,1.000,1.000,js8call
js8call,drift-1Hz,128,0.0386,2,43.6,29.3,0,0,0.751,0.445,3.5,true,6.25,1.000,1.000,js8call
js8call,drift-1Hz,152,0.0402,2,43.6,41.0,0,0,0.751,0.445,3.5,true,6.25,1.000,1.000,js8call
js8call,drift-1Hz,146,0.0319,2,43.3,41.0,0,0,0.752,0.445,3.5,true,6.25,1.000,1.000,js8call
js8call,drift-1Hz,123,0.0456,2,43.1,52.7,0,0,0.751,0.445,3.5,true,6.25,1.000,1.000,js8call
js8call,drift-1Hz,123,0.0503,1,43.3,46.9,0,0,0.752,0.445,3.5,true,6.25,1.000,1.000,js8call
js8call,drift-1Hz,123,0.0429,2,43.2,52.7,0,0,0.751,0.440,3.5,true,6.25,1.000,1.000,js8call
js8call,drift-1Hz,146,0.0345,4,43.5,41.0,0,0,0.752,0.445,3.5,true,6.25,1.000,1.000,js8call
js8call,drift-1Hz,134,0.0401,1,43.4,41.0,0,0,0.751,0.445,3.5,true,6.25,1.000,1.000,js8call
js8call,drift-1Hz,158,0.0373,2,43.6,41.0,0,0,0.751,0.445,3.5,true,6.25,1.000,1.000,js8call
js8call,drift-1Hz,158,0.0381,3,43.6,17.6,0,0,0.753,0.445,3.5,true,6.25,1.000,1.000,js8call
js8call,drift-1Hz,134,0.0428,2,43.6,41.0,0,0,0.751,0.445,3.5,true,6.25,1.000,1.000,js8call
js8call,drift-1Hz,134,0.0434,3,43.4,41.0,0,0,0.751,0.445,3.5,true,6.25,1.000,1.000,js8call
js8call,drift-1Hz,146,0.0344,3,43.6,41.0,0,0,0.753,0.445,3.5,true,6.25,1.000,1.000,js8call
js8call,drift-1Hz,117,0.0504,2,43.3,52.7,0,0,0.752,0.445,3.5,true,6.25,1.000,1.000,js8call
js8call,drift-1Hz,140,0.0378,3,43.5,41.0,0,0,0.752,0.445,3.5,true,6.25,1.000,1.000,js8call
js8call,drift-1Hz,128,0.0397,2,43.6,29.3,0,0,0.752,0.445,3.5,true,6.25,1.000,1.000,js8call
js8call,drift-1Hz,146,0.0354,2,43.5,41.0,0,0,0.750,0.450,3.5,true,6.25,1.000,1.000,js8call
js8call,drift-1Hz,140,0.0341,2,43.4,46.9,0,0,0.751,0.445,3.5,true,6.25,1.000,1.000,js8call
js8call,drift-1Hz,140,0.0396,2,43.5,41.0,0,0,0.751,0.445,3.5,true,6.25,1.000,1.000,js8call
js8call,drift-1Hz,128,0.0379,2,43.6,29.3,0,0,0.752,0.445,3.5,true,6.25,1.000,1.000,js8call
js8call,drift-3Hz,216,0.0291,5,43.4,41.0,0,0,0.713,0.490,11.5,true,6.25,1.000,1.000,js8call
js8call,drift-3Hz,228,0.0229,4,43.5,35.2,0,0,0.714,0.480,11.5,true,6.25,1.000,1.000,js8call
js8call,drift-3Hz,205,0.0318,5,43.3,41.0,0,0,0.714,0.490,11.5,true,6.25,1.000,1.000,js8call
js8call,drift-3Hz,210,0.0235,5,44.1,35.2,0,0,0.713,0.480,11.5,true,6.25,1.000,1.000,js8call
js8call,drift-3Hz,199,0.0290,3,43.5,35.2,0,0,0.713,0.485,11.5,true,6.25,1.000,1.000,js8call
js8call,drift-3Hz,222,0.0222,2,43.2,41.0,0,0,0.713,0.485,11.5,true,6.25,1.000,1.000,js8call
js8call,drift-3Hz,205,0.0249,3,43.5,41.0,0,0,0.712,0.490,11.5,true,6.25,1.000,1.000,js8call
js8call,drift-3Hz,199,0.0286,3,43.4,41.0,0,0,0.712,0.485,11.5,true,6.25,1.000,1.000,js8call
js8call,drift-3Hz,193,0.0290,2,43.8,35.2,0,0,0.714,0.480,11.5,true,6.25,1.000,1.000,js8call
js8call,drift-3Hz,187,0.0305,4,44.1,35.2,0,0,0.712,0.485,11.5,true,6.25,1.000,1.000,js8call
js8call,drift-3Hz,205,0.0323,3,43.5,41.0,0,0,0.714,0.495,11.5,true,6.25,1.000,1.000,js8call
js8call,drift-3Hz,199,0.0274,4,43.9,35.2,0,0,0.714,0.485,11.5,true,6.25,1.000,1.000,js8call
js8call,drift-3Hz,199,0.0268,5,43.1,41.0,0,0,0.714,0.490,11.5,true,6.25,1.000,1.000,js8call
js8call,drift-3Hz,210,0.0254,4,43.5,41.0,0,0,0.713,0.485,11.5,true,6.25,1.000,1.000,js8call
js8call,drift-3Hz,210,0.0270,2,43.6,35.2,0,0,0.714,0.480,11.5,true,6.25,1.000,1.000,js8call
js8call,drift-3Hz,199,0.0264,4,43.2,41.0,0,0,0.715,0.485,11.5,true,6.25,1.000,1.000,js8call
js8call,drift-3Hz,205,0.0261,2,43.8,35.2,0,0,0.713,0.480,11.5,true,6.25,1.000,1.000,js8call
js8call,drift-3Hz,216,0.0255,4,43.6,35.2,0,0,0.714,0.485,11.5,true,6.25,1.000,1.000,js8call
js8call,drift-3Hz,210,0.0248,4,44.0,35.2,0,0,0.713,0.485,11.5,true,6.25,1.000,1.000,js8call
js8call,drift-3Hz,234,0.0243,5,43.4,41.0,0,0,0.713,0.490,11.5,true,6.25,1.000,1.000,js8call
js8call,drift-3Hz,216,0.0286,4,43.5,41.0,0,0,0.713,0.490,11.5,true,6.25,1.000,1.000,js8call
js8call,drift-3Hz,205,0.0252,4,43.5,41.0,0,0,0.714,0.490,11.5,true,6.25,1.000,1.000,js8call
js8call,drift-3Hz,210,0.0263,3,43.6,35.2,0,0,0.714,0.480,11.5,true,6.25,1.000,1.000,js8call
js8call,drift-3Hz,193,0.0311,1,43.5,35.2,0,0,0.713,0.480,11.5,true,6.25,1.000,1.000,js8call
js8call,drift-3Hz,222,0.0239,2,43.5,35.2,0,0,0.713,0.490,11.5,true,6.25,1.000,1.000,js8call
js8call,drift-3Hz,205,0.0242,2,43.7,41.0,0,0,0.714,0.485,11.5,true,6.25,1.000,1.000,js8call
js8call,drift-3Hz,205,0.0253,5,44.1,35.2,0,0,0.713,0.485,11.5,true,6.25,1.000,1.000,js8call
js8call,drift-3Hz,205,0.0272,4,43.5,41.0,0,0,0.714,0.490,11.5,true,6.25,1.000,1.000,js8call
js8call,drift-3Hz,199,0.0262,3,43.6,41.0,0,0,0.714,0.490,11.5,true,6.25,1.000,1.000,js8call
js8call,drift-3Hz,205,0.0261,4,43.9,35.2,0,0,0.714,0.485,11.5,true,6.25,1.000,1.000,js8call
js8call,phasenoise,187,0.0247,1,43.5,46.9,0,0,0.524,0.700,0.5,false,6.25,1.000,1.000,js8call
js8call,phasenoise,175,0.0262,1,43.8,46.9,0,0,0.524,0.700,0.5,false,6.25,1.000,1.000,js8call
js8call,phasenoise,175,0.0270,4,43.3,52.7,0,0,0.524,0.700,0.5,false,6.25,1.000,1.000,js8call
js8call,phasenoise,152,0.0397,3,43.3,46.9,0,0,0.524,0.700,0.5,false,6.25,1.000,1.000,js8call
js8call,phasenoise,169,0.0267,3,43.5,46.9,0,0,0.523,0.700,0.5,false,6.25,1.000,1.000,js8call
js8call,phasenoise,169,0.0303,3,43.3,46.9,0,0,0.524,0.700,0.5,false,6.25,1.000,1.000,js8call
js8call,phasenoise,187,0.0220,3,43.5,46.9,0,0,0.524,0.700,0.5,false,6.25,1.000,1.000,js8call
js8call,phasenoise,181,0.0296,2,43.2,46.9,0,0,0.524,0.700,0.5,false,6.25,1.000,1.000,js8call
js8call,phasenoise,169,0.0287,2,43.4,52.7,0,0,0.524,0.700,0.5,false,6.25,1.000,1.000,js8call
js8call,phasenoise,152,0.0363,4,43.4,46.9,0,0,0.523,0.700,0.5,false,6.25,1.000,1.000,js8call
js8call,phasenoise,164,0.0360,4,43.3,46.9,0,0,0.524,0.700,0.5,false,6.25,1.000,1.000,js8call
js8call,phasenoise,152,0.0357,3,43.7,46.9,0,0,0.524,0.700,0.5,false,6.25,1.000,1.000,js8call
js8call,phasenoise,164,0.0340,4,43.3,46.9,0,0,0.524,0.700,0.5,false,6.25,1.000,1.000,js8call
js8call,phasenoise,169,0.0272,3,43.4,46.9,0,0,0.523,0.700,0.5,false,6.25,1.000,1.000,js8call
js8call,phasenoise,181,0.0236,3,43.9,46.9,0,0,0.524,0.700,0.5,false,6.25,1.000,1.000,js8call
js8call,phasenoise,164,0.0306,1,43.3,46.9,0,0,0.524,0.700,0.5,false,6.25,1.000,1.000,js8call
js8call,phasenoise,187,0.0235,4,43.4,46.9,0,0,0.523,0.700,0.5,false,6.25,1.000,1.000,js8call
js8call,phasenoise,175,0.0251,4,43.5,46.9,0,0,0.524,0.700,0.5,false,6.25,1.000,1.000,js8call
js8call,phasenoise,175,0.0290,2,43.3,46.9,0,0,0.524,0.700,0.5,false,6.25,1.000,1.000,js8call
js8call,phasenoise,187,0.0240,5,43.3,52.7,0,0,0.524,0.700,0.5,false,6.25,1.000,1.000,js8call
js8call,phasenoise,175,0.0299,2,43.4,46.9,0,0,0.523,0.700,0.5,false,6.25,1.000,1.000,js8call
js8call,phasenoise,158,0.0337,2,43.7,46.9,0,0,0.523,0.700,0.5,false,6.25,1.000,1.000,js8call
js8call,phasenoise,187,0.0238,3,43.7,46.9,0,0,0.524,0.700,0.5,false,6.25,1.000,1.000,js8call
js8call,phasenoise,169,0.0282,3,44.0,46.9,0,0,0.524,0.700,0.5,false,6.25,1.000,1.000,js8call
js8call,phasenoise,181,0.0266,2,43.3,46.9,0,0,0.524,0.700,0.5,false,6.25,1.000,1.000,js8call
js8call,phasenoise,175,0.0252,3,43.6,46.9,0,0,0.524,0.700,0.5,false,6.25,1.000,1.000,js8call
js8call,phasenoise,169,0.0276,4,43.4,46.9,0,0,0.523,0.700,0.5,false,6.25,1.000,1.000,js8call
js8call,phasenoise,181,0.0239,2,43.6,46.9,0,0,0.523,0.700,0.5,false,6.25,1.000,1.000,js8call
js8call,phasenoise,205,0.0229,3,43.2,46.9,0,0,0.524,0.700,0.5,false,6.25,1.000,1.000,js8call
js8call,phasenoise,181,0.0240,3,43.7,46.9,0,0,0.524,0.700,0.5,false,6.25,1.000,1.000,js8call
js8call,hf-brutal,64,0.4137,1,29.9,29.3,0,0,0.190,0.445,5.5,false,6.25,1.000,1.000,ft8
js8call,hf-brutal,64,0.3978,1,30.2,29.3,0,0,0.191,0.450,12.5,false,6.25,1.000,1.000,ft8
js8call,hf-brutal,70,0.3575,1,30.0,29.3,0,0,0.189,0.440,16.5,false,6.25,1.000,1.000,ft8
js8call,hf-brutal,64,0.4558,1,29.2,46.9,0,0,0.159,0.365,13.5,false,6.25,1.000,1.000,js8call
js8call,hf-brutal,64,0.4131,1,30.8,29.3,0,0,0.165,0.455,13.5,false,6.25,1.000,1.000,ft8
js8call,hf-brutal,64,0.4365,1,29.2,46.9,0,0,0.176,0.445,14.5,false,6.25,1.000,1.000,ft8
js8call,hf-brutal,64,0.4309,1,30.1,35.2,0,0,0.176,0.460,11.5,false,6.25,1.000,1.000,ft8
js8call,hf-brutal,64,0.4175,1,30.4,29.3,0,0,0.167,0.445,17.5,false,6.25,1.000,1.000,ft8
js8call,hf-brutal,64,0.4106,1,30.0,29.3,0,0,0.182,0.440,9.5,false,6.25,1.000,1.000,ft8
js8call,hf-brutal,64,0.4360,1,30.4,29.3,0,0,0.170,0.445,13.5,false,6.25,1.000,1.000,ft8
js8call,hf-brutal,64,0.4059,1,30.4,29.3,0,0,0.177,0.450,10.5,false,6.25,1.000,1.000,ft8
js8call,hf-brutal,64,0.4085,1,29.5,46.9,0,0,0.164,0.450,15.5,false,6.25,1.000,1.000,ft8
js8call,hf-brutal,58,0.5276,1,29.2,46.9,0,0,0.175,0.450,13.5,false,6.25,1.000,1.000,ft8
js8call,hf-brutal,64,0.4078,1,29.9,23.4,0,0,0.197,0.380,9.5,false,6.25,1.000,1.000,ft8
js8call,hf-brutal,70,0.3489,1,29.5,46.9,0,0,0.162,0.455,12.5,false,6.25,1.000,1.000,ft8
js8call,hf-brutal,82,0.2805,2,29.1,41.0,0,0,0.179,0.440,13.5,false,6.25,1.000,1.000,ft8
js8call,hf-brutal,64,0.4501,1,29.1,46.9,0,0,0.175,0.410,14.5,false,6.25,1.000,1.000,ft8
js8call,hf-brutal,70,0.3633,1,29.1,46.9,0,0,0.169,0.390,6.5,false,6.25,1.000,1.000,ft8
js8call,hf-brutal,64,0.4076,1,30.6,29.3,0,0,0.169,0.435,10.5,false,6.25,1.000,1.000,ft8
js8call,hf-brutal,76,0.3197,1,29.4,41.0,0,0,0.183,0.440,16.5,false,6.25,1.000,1.000,ft8
js8call,hf-brutal,64,0.4058,1,30.4,23.4,0,0,0.171,0.470,14.5,false,6.25,1.000,1.000,ft8
js8call,hf-brutal,70,0.3309,1,30.4,29.3,0,0,0.165,0.460,13.5,false,6.25,1.000,1.000,ft8
js8call,hf-brutal,70,0.3350,1,30.3,35.2,0,0,0.172,0.475,13.5,false,6.25,1.000,1.000,ft8
js8call,hf-brutal,64,0.4356,1,30.1,35.2,0,0,0.168,0.455,15.5,false,6.25,1.000,1.000,js8call
js8call,hf-brutal,64,0.4105,1,30.5,35.2,0,0,0.172,0.440,11.5,false,6.25,1.000,1.000,ft8
js8call,hf-brutal,58,0.5162,1,29.3,46.9,0,0,0.184,0.485,11.5,false,6.25,1.000,1.000,ft8
js8call,hf-brutal,70,0.3781,1,28.8,41.0,0,0,0.191,0.410,8.5,false,6.25,1.000,1.000,ft8
js8call,hf-brutal,70,0.3860,1,29.4,41.0,0,0,0.168,0.455,13.5,false,6.25,1.000,1.000,js8call
js8call,hf-brutal,70,0.3552,1,29.6,46.9,0,0,0.164,0.495,16.5,false,6.25,1.000,1.000,ft8
js8call,hf-brutal,70,0.3239,1,30.9,23.4,0,0,0.162,0.475,10.5,false,6.25,1.000,1.000,ft8
ft8,agc-fast,99,0.1068,2,39.5,23.4,0,0,0.114,0.490,41.0,false,6.25,1.000,1.000,ft8
ft8,agc-fast,105,0.1484,2,38.0,52.7,0,0,0.115,0.530,42.5,false,6.25,1.000,1.000,ft8
ft8,agc-fast,99,0.1148,2,39.0,29.3,0,0,0.115,0.460,49.5,false,6.25,1.000,1.000,ft8
ft8,agc-fast,105,0.1361,2,38.4,46.9,0,0,0.116,0.450,45.5,false,6.25,1.000,1.000,ft8
ft8,agc-fast,87,0.1554,2,38.8,41.0,0,0,0.116,0.475,40.0,false,6.25,1.000,1.000,ft8
ft8,agc-fast,99,0.1335,2,38.0,46.9,0,0,0.115,0.480,43.5,false,6.25,1.000,1.000,ft8
ft8,agc-fast,93,0.1194,1,38.9,35.2,0,0,0.116,0.495,47.0,false,6.25,1.000,1.000,ft8
ft8,agc-fast,93,0.1716,1,38.1,46.9,0,0,0.116,0.435,50.0,false,6.25,1.000,1.000,ft8
ft8,agc-fast,111,0.1208,2,38.2,52.7,0,0,0.116,0.505,48.0,false,6.25,1.000,1.000,ft8
ft8,agc-fast,99,0.1585,2,37.9,52.7,0,0,0.116,0.430,42.5,false,6.25,1.000,1.000,ft8
ft8,agc-fast,99,0.1271,2,38.2,29.3,0,0,0.116,0.470,45.0,false,6.25,1.000,1.000,ft8
ft8,agc-fast,87,0.1981,2,38.1,46.9,0,0,0.116,0.465,44.0,false,6.25,1.000,1.000,ft8
ft8,agc-fast,93,0.1494,1,38.0,46.9,0,0,0.116,0.465,47.5,false,6.25,1.000,1.000,ft8
ft8,agc-fast,93,0.1727,1,38.9,29.3,0,0,0.116,0.510,47.0,false,6.25,1.000,1.000,ft8
ft8,agc-fast,93,0.1193,1,39.2,41.0,0,0,0.115,0.415,40.5,false,6.25,1.000,1.000,ft8
ft8,agc-fast,99,0.1089,1,38.5,46.9,0,0,0.115,0.490,43.0,false,6.25,1.000,1.000,ft8
ft8,agc-fast,99,0.1531,1,38.1,46.9,0,0,0.116,0.465,42.5,false,6.25,1.000,1.000,ft8
ft8,agc-fast,105,0.1467,2,37.3,58.6,0,0,0.115,0.475,44.5,false,6.25,1.000,1.000,ft8
ft8,agc-fast,87,0.1472,1,38.2,41.0,0,0,0.114,0.460,45.0,false,6.25,1.000,1.000,ft8
ft8,agc-fast,111,0.0949,2,38.3,52.7,0,0,0.115,0.460,49.5,false,6.25,1.000,1.000,ft8
ft8,agc-fast,99,0.1421,1,38.4,46.9,0,0,0.116,0.500,52.5,false,6.25,1.000,1.000,ft8
ft8,agc-fast,93,0.1206,2,39.2,29.3,0,0,0.117,0.495,46.5,false,6.25,1.000,1.000,ft8
ft8,agc-fast,93,0.1575,2,38.2,46.9,0,0,0.116,0.485,48.5,false,6.25,1.000,1.000,ft8
ft8,agc-fast,93,0.1735,2,37.2,52.7,0,0,0.115,0.465,43.0,false,6.25,1.000,1.000,ft8
ft8,agc-fast,87,0.1307,1,39.9,17.6,0,0,0.115,0.505,48.5,false,6.25,1.000,1.000,ft8
ft8,agc-fast,93,0.1238,1,39.3,29.3,0,0,0.116,0.550,48.5,false,6.25,1.000,1.000,ft8
ft8,agc-fast,93,0.1170,1,38.4,41.0,0,0,0.116,0.490,49.5,false,6.25,1.000,1.000,ft8
ft8,agc-fast,99,0.1250,2,38.1,46.9,0,0,0.115,0.495,48.5,false,6.25,1.000,1.000,ft8
ft8,agc-fast,93,0.1163,1,39.2,46.9,0,0,0.117,0.470,41.5,false,6.25,1.000,1.000,ft8
ft8,agc-fast,93,0.1271,1,38.7,35.2,0,0,0.116,0.450,41.5,false,6.25,1.000,1.000,ft8
ft8,agc-slow,93,0.1527,1,38.6,41.0,0,0,0.208,0.355,10.5,false,6.25,1.000,1.000,ft8
ft8,agc-slow,87,0.1396,1,39.2,35.2,0,0,0.209,0.345,10.5,false,6.25,1.000,1.000,ft8
ft8,agc-slow,99,0.1062,1,39.6,23.4,0,0,0.209,0.320,5.5,false,6.25,1.000,1.000,ft8
ft8,agc-slow,82,0.1641,1,39.7,29.3,0,0,0.207,0.350,9.5,false,6.25,1.000,1.000,ft8
ft8,agc-slow,99,0.1058,1,38.8,35.2,0,0,0.209,0.340,9.5,false,6.25,1.000,1.000,ft8
ft8,agc-slow,93,0.1309,1,39.3,41.0,0,0,0.209,0.350,7.5,false,6.25,1.000,1.000,ft8
ft8,agc-slow,105,0.1213,1,38.4,41.0,0,0,0.209,0.330,6.5,false,6.25,1.000,1.000,ft8
ft8,agc-slow,93,0.1266,1,39.1,29.3,0,0,0.209,0.330,7.5,false,6.25,1.000,1.000,ft8
ft8,agc-slow,105,0.1288,1,39.0,35.2,0,0,0.208,0.345,6.5,false,6.25,1.000,1.000,ft8
ft8,agc-slow,105,0.1187,1,38.9,46.9,0,0,0.209,0.375,10.5,false,6.25,1.000,1.000,ft8
ft8,agc-slow,111,0.1045,1,38.8,35.2,0,0,0.209,0.370,14.5,false,6.25,1.000,1.000,ft8
ft8,agc-slow,87,0.1526,1,39.1,29.3,0,0,0.209,0.340,6.5,false,6.25,1.000,1.000,ft8
ft8,agc-slow,93,0.1213,2,38.7,41.0,0,0,0.210,0.330,9.5,false,6.25,1.000,1.000,ft8
ft8,agc-slow,93,0.1552,1,39.0,35.2,0,0,0.209,0.335,7.5,false,6.25,1.000,1.000,ft8
ft8,agc-slow,99,0.1455,2,38.3,46.9,0,0,0.209,0.340,7.5,false,6.25,1.000,1.000,ft8
ft8,agc-slow,105,0.1022,2,38.9,46.9,0,0,0.208,0.370,11.5,false,6.25,1.000,1.000,ft8
ft8,agc-slow,93,0.1296,1,38.4,35.2,0,0,0.209,0.340,6.5,false,6.25,1.000,1.000,ft8
ft8,agc-slow,99,0.1137,2,38.5,41.0,0,0,0.209,0.360,11.5,false,6.25,1.000,1.000,ft8
ft8,agc-slow,93,0.1081,1,39.6,23.4,0,0,0.210,0.355,15.5,false,6.25,1.000,1.000,ft8
ft8,agc-slow,93,0.1431,1,37.9,52.7,0,0,0.209,0.355,9.5,false,6.25,1.000,1.000,ft8
ft8,agc-slow,105,0.1299,1,38.1,46.9,0,0,0.209,0.330,8.5,false,6.25,1.000,1.000,ft8
ft8,agc-slow,99,0.1540,1,38.1,35.2,0,0,0.208,0.345,11.5,false,6.25,1.000,1.000,ft8
ft8,agc-slow,87,0.1476,1,38.4,46.9,0,0,0.208,0.330,6.5,false,6.25,1.000,1.000,ft8
ft8,agc-slow,105,0.1206,1,38.2,46.9,0,0,0.210,0.360,9.5,false,6.25,1.000,1.000,ft8
ft8,agc-slow,99,0.1584,1,38.6,41.0,0,0,0.209,0.365,8.5,false,6.25,1.000,1.000,ft8
ft8,agc-slow,99,0.1497,2,37.5,52.7,0,0,0.208,0.335,4.5,false,6.25,1.000,1.000,ft8
ft8,agc-slow,87,0.1336,2,38.4,41.0,0,0,0.209,0.325,6.5,false,6.25,1.000,1.000,ft8
ft8,agc-slow,105,0.1195,2,38.9,23.4,0,0,0.208,0.370,5.5,false,6.25,1.000,1.000,ft8
ft8,agc-slow,99,0.1154,2,38.3,46.9,0,0,0.209,0.340,7.5,false,6.25,1.000,1.000,ft8
ft8,agc-slow,111,0.0987,1,37.8,52.7,0,0,0.207,0.315,4.5,false,6.25,1.000,1.000,ft8
ft8,selfade-6dB,99,0.0988,1,40.7,23.4,0,0,0.015,0.480,42.0,false,6.25,1.000,1.000,ft8
ft8,selfade-6dB,99,0.1202,2,39.7,23.4,0,0,0.015,0.460,53.5,false,6.25,1.000,1.000,ft8
ft8,selfade-6dB,105,0.0913,1,39.1,46.9,0,0,0.015,0.520,48.5,false,6.25,1.000,1.000,ft8
ft8,selfade-6dB,99,0.1372,2,39.0,46.9,0,0,0.015,0.515,52.0,false,6.25,1.000,1.000,ft8
ft8,selfade-6dB,99,0.1203,2,39.5,23.4,0,0,0.015,0.475,50.5,false,6.25,1.000,1.000,ft8
ft8,selfade-6dB,105,0.1334,2,38.8,52.7,0,0,0.015,0.495,48.0,false,6.25,1.000,1.000,ft8
ft8,selfade-6dB,111,0.0736,2,40.6,23.4,0,0,0.180,0.550,4.0,false,6.25,1.000,1.000,ft8
ft8,selfade-6dB,99,0.1371,2,38.6,46.9,0,0,0.015,0.555,40.5,false,6.25,1.000,1.000,ft8
ft8,selfade-6dB,93,0.1346,2,39.4,29.3,0,0,0.015,0.510,50.5,false,6.25,1.000,1.000,ft8
ft8,selfade-6dB,105,0.1201,1,39.9,23.4,0,0,0.015,0.485,52.0,false,6.25,1.000,1.000,ft8
ft8,selfade-6dB,93,0.1178,1,38.9,46.9,0,0,0.016,0.485,44.0,false,6.25,1.000,1.000,ft8
ft8,selfade-6dB,87,0.1401,1,40.0,35.2,0,0,0.015,0.475,59.0,false,6.25,1.000,1.000,ft8
ft8,selfade-6dB,105,0.1232,2,39.8,23.4,0,0,0.016,0.510,53.0,false,6.25,1.000,1.000,ft8
ft8,selfade-6dB,117,0.1105,1,38.1,52.7,0,0,0.016,0.540,50.0,false,6.25,1.000,1.000,ft8
ft8,selfade-6dB,105,0.1045,1,38.4,46.9,0,0,0.015,0.500,50.0,false,6.25,1.000,1.000,ft8
ft8,selfade-6dB,105,0.0905,2,39.1,17.6,0,0,0.014,0.480,50.0,false,6.25,1.000,1.000,ft8
ft8,selfade-6dB,105,0.1126,2,38.6,46.9,0,0,0.018,0.515,48.5,false,6.25,1.000,1.000,ft8
ft8,selfade-6dB,111,0.1045,1,38.8,41.0,0,0,0.015,0.475,54.5,false,6.25,1.000,1.000,ft8
ft8,selfade-6dB,99,0.1321,1,38.7,41.0,0,0,0.018,0.515,50.0,false,6.25,1.000,1.000,ft8
ft8,selfade-6dB,99,0.1004,1,39.2,29.3,0,0,0.177,0.480,5.0,false,6.25,1.000,1.000,ft8
ft8,selfade-6dB,93,0.1263,2,38.9,46.9,0,0,0.015,0.470,48.5,false,6.25,1.000,1.000,ft8
ft8,selfade-6dB,111,0.0941,2,39.1,17.6,0,0,0.016,0.460,49.5,false,6.25,1.000,1.000,ft8
ft8,selfade-6dB,111,0.1134,2,38.5,52.7,0,0,0.016,0.450,48.0,false,6.25,1.000,1.000,ft8
ft8,selfade-6dB,93,0.1242,2,39.2,41.0,0,0,0.016,0.510,55.0,false,6.25,1.000,1.000,ft8
ft8,selfade-6dB,99,0.1053,1,39.0,41.0,0,0,0.015,0.520,48.5,false,6.25,1.000,1.000,ft8
ft8,selfade-6dB,105,0.1177,2,39.9,17.6,0,0,0.015,0.530,49.0,false,6.25,1.000,1.000,ft8
ft8,selfade-6dB,93,0.1510,1,39.5,35.2,0,0,0.016,0.475,57.0,false,6.25,1.000,1.000,ft8
ft8,selfade-6dB,93,0.1224,2,40.0,17.6,0,0,0.032,0.510,17.0,false,6.25,1.000,1.000,ft8
ft8,selfade-6dB,87,0.1314,2,40.1,29.3,0,0,0.016,0.475,49.0,false,6.25,1.000,1.000,ft8
ft8,selfade-6dB,99,0.0981,2,39.4,46.9,0,0,0.016,0.450,54.0,false,6.25,1.000,1.000,ft8
ft8,selfade-12dB,111,0.1188,2,38.4,58.6,0,0,0.016,0.515,61.0,false,6.25,1.000,1.000,ft8
ft8,selfade-12dB,99,0.1362,3,39.5,29.3,0,0,0.016,0.500,54.0,false,6.25,1.000,1.000,ft8
ft8,selfade-12dB,99,0.1144,2,38.7,46.9,0,0,0.016,0.475,45.0,false,6.25,1.000,1.000,ft8
ft8,selfade-12dB,99,0.1591,1,38.6,46.9,0,0,0.016,0.485,52.5,false,6.25,1.000,1.000,ft8
ft8,selfade-12dB,87,0.1877,1,39.5,41.0,0,0,0.027,0.475,46.0,false,6.25,1.000,1.000,ft8
ft8,selfade-12dB,99,0.1407,2,39.0,46.9,0,0,0.015,0.475,51.5,false,6.25,1.000,1.000,ft8
ft8,selfade-12dB,99,0.1312,2,39.8,35.2,0,0,0.015,0.500,50.5,false,6.25,1.000,1.000,ft8
ft8,selfade-12dB,111,0.1039,2,39.7,29.3,0,0,0.015,0.490,52.0,false,6.25,1.000,1.000,ft8
ft8,selfade-12dB,105,0.1318,2,39.5,17.6,0,0,0.015,0.505,48.5,false,6.25,1.000,1.000,ft8
ft8,selfade-12dB,87,0.1227,1,40.9,29.3,0,0,0.016,0.520,42.0,false,6.25,1.000,1.000,ft8
ft8,selfade-12dB,87,0.1214,1,40.5,29.3,0,0,0.017,0.520,46.5,false,6.25,1.000,1.000,ft8
ft8,selfade-12dB,93,0.1145,1,39.8,41.0,0,0,0.016,0.500,51.0,false,6.25,1.000,1.000,ft8
ft8,selfade-12dB,99,0.1446,2,38.8,46.9,0,0,0.016,0.465,46.5,false,6.25,1.000,1.000,ft8
ft8,selfade-12dB,111,0.1217,2,39.0,23.4,0,0,0.020,0.510,52.0,false,6.25,1.000,1.000,ft8
ft8,selfade-12dB,93,0.1194,1,39.0,41.0,0,0,0.029,0.510,39.5,false,6.25,1.000,1.000,ft8
ft8,selfade-12dB,99,0.1492,2,40.0,23.4,0,0,0.016,0.515,50.0,false,6.25,1.000,1.000,ft8
ft8,selfade-12dB,99,0.1322,2,40.6,23.4,0,0,0.015,0.520,49.0,false,6.25,1.000,1.000,ft8
ft8,selfade-12dB,99,0.1211,1,38.3,41.0,0,0,0.074,0.465,16.5,false,6.25,1.000,1.000,ft8
ft8,selfade-12dB,105,0.1012,2,39.6,23.4,0,0,0.017,0.510,41.5,false,6.25,1.000,1.000,ft8
ft8,selfade-12dB,111,0.1111,2,38.6,46.9,0,0,0.014,0.525,52.0,false,6.25,1.000,1.000,ft8
ft8,selfade-12dB,93,0.1419,1,39.2,46.9,0,0,0.017,0.545,42.5,false,6.25,1.000,1.000,ft8
ft8,selfade-12dB,93,0.1710,2,39.0,23.4,0,0,0.015,0.515,44.5,false,6.25,1.000,1.000,ft8
ft8,selfade-12dB,93,0.1217,1,40.1,29.3,0,0,0.015,0.525,54.5,false,6.25,1.000,1.000,ft8
ft8,selfade-12dB,105,0.0859,2,39.2,41.0,0,0,0.017,0.475,50.5,false,6.25,1.000,1.000,ft8
ft8,selfade-12dB,93,0.1192,1,39.7,29.3,0,0,0.015,0.475,52.5,false,6.25,1.000,1.000,ft8
ft8,selfade-12dB,93,0.1551,1,40.5,17.6,0,0,0.015,0.515,55.0,false,6.25,1.000,1.000,ft8
ft8,selfade-12dB,87,0.1508,2,40.6,17.6,0,0,0.016,0.460,47.5,false,6.25,1.000,1.000,ft8
ft8,selfade-12dB,105,0.1226,1,38.7,46.9,0,0,0.014,0.490,47.0,false,6.25,1.000,1.000,ft8
ft8,selfade-12dB,93,0.1502,2,38.4,46.9,0,0,0.024,0.490,45.0,false,6.25,1.000,1.000,ft8
ft8,selfade-12dB,93,0.1778,2,38.9,23.4,0,0,0.017,0.475,48.5,false,6.25,1.000,1.000,ft8
ft8,qrn-light,93,0.1186,1,39.8,35.2,0,0,0.018,0.480,53.5,false,6.25,1.000,1.000,ft8
ft8,qrn-light,93,0.1235,2,38.8,41.0,0,0,0.016,0.495,50.5,false,6.25,1.000,1.000,ft8
ft8,qrn-light,105,0.1279,1,38.5,41.0,0,0,0.019,0.475,47.5,false,6.25,1.000,1.000,ft8
ft8,qrn-light,111,0.1168,2,38.3,23.4,0,0,0.015,0.490,55.0,false,6.25,1.000,1.000,ft8
ft8,qrn-light,105,0.1143,2,38.8,23.4,0,0,0.017,0.525,46.5,false,6.25,1.000,1.000,ft8
ft8,qrn-light,93,0.1087,1,38.2,41.0,0,0,0.018,0.510,47.0,false,6.25,1.000,1.000,ft8
ft8,qrn-light,105,0.1375,3,39.2,17.6,0,0,0.019,0.465,45.5,false,6.25,1.000,1.000,ft8
ft8,qrn-light,105,0.1051,2,38.8,46.9,0,0,0.016,0.470,53.0,false,6.25,1.000,1.000,ft8
ft8,qrn-light,93,0.1246,3,38.8,46.9,0,0,0.015,0.530,55.5,false,6.25,1.000,1.000,ft8
ft8,qrn-light,111,0.0936,2,38.9,23.4,0,0,0.018,0.485,49.5,false,6.25,1.000,1.000,ft8
ft8,qrn-light,87,0.1357,1,39.3,29.3,0,0,0.019,0.495,46.5,false,6.25,1.000,1.000,ft8
ft8,qrn-light,93,0.1147,2,38.4,46.9,0,0,0.016,0.490,49.5,false,6.25,1.000,1.000,ft8
ft8,qrn-light,99,0.1414,2,38.7,17.6,0,0,0.017,0.525,48.5,false,6.25,1.000,1.000,ft8
ft8,qrn-light,105,0.1064,2,38.6,46.9,0,0,0.015,0.565,54.5,false,6.25,1.000,1.000,ft8
ft8,qrn-light,105,0.1095,2,38.9,35.2,0,0,0.017,0.480,47.5,false,6.25,1.000,1.000,ft8
ft8,qrn-light,93,0.1390,2,38.3,46.9,0,0,0.015,0.495,49.0,false,6.25,1.000,1.000,ft8
ft8,qrn-light,82,0.1693,1,39.4,23.4,0,0,0.018,0.510,49.5,false,6.25,1.000,1.000,ft8
ft8,qrn-light,99,0.1057,3,40.1,23.4,0,0,0.017,0.485,40.0,false,6.25,1.000,1.000,ft8
ft8,qrn-light,93,0.1175,1,39.1,29.3,0,0,0.020,0.490,49.0,false,6.25,1.000,1.000,ft8
ft8,qrn-light,93,0.1122,1,38.7,41.0,0,0,0.017,0.470,46.0,false,6.25,1.000,1.000,ft8
ft8,qrn-light,99,0.1618,2,39.2,35.2,0,0,0.017,0.490,51.5,false,6.25,1.000,1.000,ft8
ft8,qrn-light,87,0.1888,1,39.1,23.4,0,0,0.019,0.470,46.0,false,6.25,1.000,1.000,ft8
ft8,qrn-light,99,0.1643,2,37.7,29.3,0,0,0.022,0.500,42.5,false,6.25,1.000,1.000,ft8
ft8,qrn-light,82,0.1525,1,39.9,23.4,0,0,0.015,0.520,42.5,false,6.25,1.000,1.000,ft8
ft8,qrn-light,99,0.1359,1,38.3,46.9,0,0,0.015,0.535,46.0,false,6.25,1.000,1.000,ft8
ft8,qrn-light,99,0.1062,1,39.5,17.6,0,0,0.016,0.525,47.0,false,6.25,1.000,1.000,ft8
ft8,qrn-light,99,0.1371,1,38.1,46.9,0,0,0.018,0.490,41.0,false,6.25,1.000,1.000,ft8
ft8,qrn-light,105,0.1318,2,39.5,17.6,0,0,0.015,0.495,46.0,false,6.25,1.000,1.000,ft8
ft8,qrn-light,93,0.1553,1,38.2,41.0,0,0,0.017,0.530,53.0,false,6.25,1.000,1.000,ft8
ft8,qrn-light,93,0.1272,2,38.6,46.9,0,0,0.016,0.525,52.5,false,6.25,1.000,1.000,ft8
ft8,qrn-heavy,87,0.2209,2,31.4,46.9,0,0,0.071,0.460,48.5,false,6.25,1.000,1.000,ft8
ft8,qrn-heavy,87,0.1783,1,33.8,35.2,0,0,0.058,0.510,41.0,false,6.25,1.000,1.000,ft8
ft8,qrn-heavy,76,0.3292,2,31.1,41.0,0,0,0.067,0.340,24.0,false,6.25,1.000,1.000,ft8
ft8,qrn-heavy,82,0.2857,1,32.7,29.3,0,0,0.064,0.485,47.5,false,6.25,1.000,1.000,ft8
ft8,qrn-heavy,93,0.2528,2,32.1,29.3,0,0,0.049,0.435,39.0,false,6.25,1.000,1.000,ft8
ft8,qrn-heavy,87,0.2849,2,31.5,29.3,0,0,0.072,0.425,39.5,false,6.25,1.000,1.000,ft8
ft8,qrn-heavy,93,0.2925,2,31.5,29.3,0,0,0.065,0.530,39.0,false,6.25,1.000,1.000,ft8
ft8,qrn-heavy,105,0.1919,2,31.5,46.9,0,0,0.062,0.455,47.5,false,6.25,1.000,1.000,ft8
ft8,qrn-heavy,76,0.2945,2,32.8,35.2,0,0,0.046,0.470,42.5,false,6.25,1.000,1.000,ft8
ft8,qrn-heavy,76,0.3064,2,32.9,17.6,0,0,0.067,0.440,46.5,false,6.25,1.000,1.000,ft8
ft8,qrn-heavy,87,0.2352,3,31.4,29.3,0,0,0.089,0.275,16.5,false,6.25,1.000,1.000,ft8
ft8,qrn-heavy,87,0.2656,1,32.6,29.3,0,0,0.069,0.495,39.0,false,6.25,1.000,1.000,ft8
ft8,qrn-heavy,87,0.1723,1,33.4,41.0,0,0,0.053,0.475,48.5,false,6.25,1.000,1.000,ft8
ft8,qrn-heavy,87,0.2696,1,31.9,46.9,0,0,0.063,0.485,45.0,false,6.25,1.000,1.000,ft8
ft8,qrn-heavy,87,0.2799,3,30.6,46.9,0,0,0.083,0.405,34.5,false,6.25,1.000,1.000,ft8
ft8,qrn-heavy,82,0.2854,2,31.3,35.2,0,0,0.071,0.450,35.5,false,6.25,1.000,1.000,ft8
ft8,qrn-heavy,76,0.2815,1,32.1,35.2,0,0,0.068,0.495,45.5,false,6.25,1.000,1.000,ft8
ft8,qrn-heavy,99,0.2089,3,32.1,35.2,0,0,0.064,0.495,38.5,false,6.25,1.000,1.000,ft8
ft8,qrn-heavy,87,0.2864,2,30.4,52.7,0,0,0.078,0.420,35.0,false,6.25,1.000,1.000,ft8
ft8,qrn-heavy,82,0.2200,1,33.1,35.2,0,0,0.067,0.445,38.5,false,6.25,1.000,1.000,ft8
ft8,qrn-heavy,87,0.2819,1,30.8,46.9,0,0,0.073,0.490,33.5,false,6.25,1.000,1.000,ft8
ft8,qrn-heavy,76,0.3280,1,31.8,35.2,0,0,0.071,0.485,41.5,false,6.25,1.000,1.000,ft8
ft8,qrn-heavy,87,0.2080,2,32.4,46.9,0,0,0.057,0.445,45.0,false,6.25,1.000,1.000,ft8
ft8,qrn-heavy,87,0.2149,2,32.6,17.6,0,0,0.060,0.475,43.5,false,6.25,1.000,1.000,ft8
ft8,qrn-heavy,99,0.2486,2,30.3,58.6,0,0,0.077,0.355,32.5,false,6.25,1.000,1.000,ft8
ft8,qrn-heavy,76,0.3513,1,31.9,23.4,0,0,0.074,0.460,44.0,false,6.25,1.000,1.000,ft8
ft8,qrn-heavy,87,0.2127,3,31.7,41.0,0,0,0.068,0.455,39.5,false,6.25,1.000,1.000,ft8
ft8,qrn-heavy,76,0.2702,3,32.2,41.0,0,0,0.072,0.455,42.5,false,6.25,1.000,1.000,ft8
ft8,qrn-heavy,93,0.1947,2,32.4,46.9,0,0,0.061,0.490,43.0,false,6.25,1.000,1.000,ft8
ft8,qrn-heavy,76,0.2874,3,33.1,23.4,0,0,0.071,0.440,43.5,false,6.25,1.000,1.000,ft8
ft8,drift-1Hz,117,0.0541,1,43.3,46.9,0,0,0.410,0.565,4.0,false,6.25,1.000,1.000,ft8
ft8,drift-1Hz,123,0.0428,1,43.9,35.2,0,0,0.410,0.570,4.0,false,6.25,1.000,1.000,ft8
ft8,drift-1Hz,117,0.0578,1,44.3,35.2,0,0,0.410,0.565,4.0,false,6.25,1.000,1.000,ft8
ft8,drift-1Hz,123,0.0607,1,44.3,35.2,0,0,0.411,0.565,4.0,false,6.25,1.000,1.000,ft8
ft8,drift-1Hz,146,0.0548,3,43.0,35.2,0,0,0.411,0.565,4.0,false,6.25,1.000,1.000,ft8
ft8,drift-1Hz,128,0.0405,1,44.4,35.2,0,0,0.411,0.565,4.0,false,6.25,1.000,1.000,ft8
ft8,drift-1Hz,128,0.0546,1,44.1,35.2,0,0,0.410,0.570,4.0,false,6.25,1.000,1.000,ft8
ft8,drift-1Hz,111,0.0565,1,43.5,41.0,0,0,0.410,0.565,4.0,false,6.25,1.000,1.000,ft8
ft8,drift-1Hz,128,0.0605,1,44.7,29.3,0,0,0.410,0.565,4.0,false,6.25,1.000,1.000,ft8
ft8,drift-1Hz,111,0.0777,1,44.0,35.2,0,0,0.411,0.565,4.0,false,6.25,1.000,1.000,ft8
ft8,drift-1Hz,105,0.0547,1,44.0,41.0,0,0,0.410,0.565,4.0,false,6.25,1.000,1.000,ft8
ft8,drift-1Hz,105,0.0571,2,43.9,35.2,0,0,0.409,0.570,4.0,false,6.25,1.000,1.000,ft8
ft8,drift-1Hz,111,0.0771,1,43.7,35.2,0,0,0.411,0.565,4.0,false,6.25,1.000,1.000,ft8
ft8,drift-1Hz,117,0.0533,1,44.2,29.3,0,0,0.410,0.565,4.0,false,6.25,1.000,1.000,ft8
ft8,drift-1Hz,111,0.0778,1,44.1,35.2,0,0,0.410,0.570,4.0,false,6.25,1.000,1.000,ft8
ft8,drift-1Hz,146,0.0526,2,42.7,52.7,0,0,0.411,0.565,4.0,false,6.25,1.000,1.000,ft8
ft8,drift-1Hz,111,0.0441,1,44.3,35.2,0,0,0.411,0.570,4.0,false,6.25,1.000,1.000,ft8
ft8,drift-1Hz,123,0.0576,3,43.5,35.2,0,0,0.411,0.565,4.0,false,6.25,1.000,1.000,ft8
ft8,drift-1Hz,105,0.0537,1,45.2,23.4,0,0,0.411,0.570,5.0,false,6.25,1.000,1.000,ft8
ft8,drift-1Hz,105,0.0566,2,43.4,41.0,0,0,0.409,0.570,4.0,false,6.25,1.000,1.000,ft8
ft8,drift-1Hz,117,0.0426,1,44.2,35.2,0,0,0.411,0.575,4.0,false,6.25,1.000,1.000,ft8
ft8,drift-1Hz,140,0.0545,1,43.9,35.2,0,0,0.410,0.565,4.0,false,6.25,1.000,1.000,ft8
ft8,drift-1Hz,128,0.0423,1,45.0,29.3,0,0,0.410,0.570,4.0,false,6.25,1.000,1.000,ft8
ft8,drift-1Hz,123,0.0598,2,43.3,35.2,0,0,0.411,0.565,4.0,false,6.25,1.000,1.000,ft8
ft8,drift-1Hz,128,0.0557,1,43.1,41.0,0,0,0.409,0.570,4.0,false,6.25,1.000,1.000,ft8
ft8,drift-1Hz,117,0.0497,2,44.6,35.2,0,0,0.410,0.565,4.0,false,6.25,1.000,1.000,ft8
ft8,drift-1Hz,134,0.0476,1,43.3,41.0,0,0,0.411,0.570,4.0,false,6.25,1.000,1.000,ft8
ft8,drift-1Hz,123,0.0662,2,42.3,52.7,0,0,0.410,0.565,4.0,false,6.25,1.000,1.000,ft8
ft8,drift-1Hz,117,0.0686,1,43.7,41.0,0,0,0.410,0.565,4.0,false,6.25,1.000,1.000,ft8
ft8,drift-1Hz,128,0.0446,1,43.9,35.2,0,0,0.411,0.565,4.0,false,6.25,1.000,1.000,ft8
ft8,drift-3Hz,128,0.0622,2,43.2,46.9,0,0,0.417,0.545,12.0,false,6.25,1.000,1.000,ft8
ft8,drift-3Hz,111,0.0737,2,44.1,29.3,0,0,0.418,0.550,12.0,false,6.25,1.000,1.000,ft8
ft8,drift-3Hz,117,0.0630,1,43.5,46.9,0,0,0.418,0.550,12.0,false,6.25,1.000,1.000,ft8
ft8,drift-3Hz,117,0.0617,1,44.0,35.2,0,0,0.418,0.545,12.0,false,6.25,1.000,1.000,ft8
ft8,drift-3Hz,123,0.0561,1,43.9,41.0,0,0,0.418,0.545,12.0,false,6.25,1.000,1.000,ft8
ft8,drift-3Hz,146,0.0582,2,42.4,52.7,0,0,0.417,0.550,12.0,false,6.25,1.000,1.000,ft8
ft8,drift-3Hz,134,0.0717,2,42.6,52.7,0,0,0.417,0.545,12.0,false,6.25,1.000,1.000,ft8
ft8,drift-3Hz,128,0.0472,1,44.1,35.2,0,0,0.418,0.545,12.0,false,6.25,1.000,1.000,ft8
ft8,drift-3Hz,134,0.0616,1,43.7,35.2,0,0,0.417,0.545,12.0,false,6.25,1.000,1.000,ft8
ft8,drift-3Hz,128,0.0657,2,42.4,46.9,0,0,0.418,0.550,12.0,false,6.25,1.000,1.000,ft8
ft8,drift-3Hz,117,0.0519,1,44.5,29.3,0,0,0.417,0.545,12.0,false,6.25,1.000,1.000,ft8
ft8,drift-3Hz,140,0.0596,2,42.7,52.7,0,0,0.418,0.545,12.0,false,6.25,1.000,1.000,ft8
ft8,drift-3Hz,140,0.0530,2,43.0,46.9,0,0,0.418,0.550,12.0,false,6.25,1.000,1.000,ft8
ft8,drift-3Hz,146,0.0495,2,43.6,29.3,0,0,0.417,0.545,12.0,false,6.25,1.000,1.000,ft8
ft8,drift-3Hz,123,0.0511,2,43.9,35.2,0,0,0.417,0.545,12.0,false,6.25,1.000,1.000,ft8
ft8,drift-3Hz,152,0.0557,2,43.6,29.3,0,0,0.417,0.550,12.0,false,6.25,1.000,1.000,ft8
ft8,drift-3Hz,140,0.0648,3,43.5,29.3,0,0,0.418,0.550,12.0,false,6.25,1.000,1.000,ft8
ft8,drift-3Hz,146,0.0530,2,43.8,35.2,0,0,0.418,0.550,12.0,false,6.25,1.000,1.000,ft8
ft8,drift-3Hz,123,0.0754,2,43.8,29.3,0,0,0.417,0.550,12.0,false,6.25,1.000,1.000,ft8
ft8,drift-3Hz,128,0.0510,2,42.4,52.7,0,0,0.417,0.550,12.0,false,6.25,1.000,1.000,ft8
ft8,drift-3Hz,117,0.0586,1,44.5,23.4,0,0,0.416,0.540,12.0,false,6.25,1.000,1.000,ft8
ft8,drift-3Hz,140,0.0724,2,42.6,52.7,0,0,0.417,0.545,12.0,false,6.25,1.000,1.000,ft8
ft8,drift-3Hz,134,0.0488,2,42.8,46.9,0,0,0.417,0.545,12.0,false,6.25,1.000,1.000,ft8
ft8,drift-3Hz,140,0.0595,1,43.4,35.2,0,0,0.418,0.550,12.0,false,6.25,1.000,1.000,ft8
ft8,drift-3Hz,123,0.0625,2,43.5,46.9,0,0,0.417,0.550,12.0,false,6.25,1.000,1.000,ft8
ft8,drift-3Hz,146,0.0595,2,42.6,29.3,0,0,0.417,0.545,12.0,false,6.25,1.000,1.000,ft8
ft8,drift-3Hz,117,0.0652,1,44.0,29.3,0,0,0.418,0.545,12.0,false,6.25,1.000,1.000,ft8
ft8,drift-3Hz,123,0.0519,2,43.7,35.2,0,0,0.418,0.545,12.0,false,6.25,1.000,1.000,ft8
ft8,drift-3Hz,128,0.0510,1,43.6,41.0,0,0,0.418,0.555,12.0,false,6.25,1.000,1.000,ft8
ft8,drift-3Hz,123,0.0491,2,43.7,46.9,0,0,0.418,0.550,12.0,false,6.25,1.000,1.000,ft8
ft8,phasenoise,134,0.0417,2,43.4,46.9,0,0,0.014,0.460,47.0,false,6.25,1.000,1.000,ft8
ft8,phasenoise,140,0.0452,2,44.0,23.4,0,0,0.014,0.495,41.0,false,6.25,1.000,1.000,ft8
ft8,phasenoise,134,0.0489,1,44.2,29.3,0,0,0.013,0.520,44.0,false,6.25,1.000,1.000,ft8
ft8,phasenoise,111,0.0732,2,44.3,41.0,0,0,0.013,0.540,54.5,false,6.25,1.000,1.000,ft8
ft8,phasenoise,128,0.0554,1,44.2,35.2,0,0,0.014,0.510,52.0,false,6.25,1.000,1.000,ft8
ft8,phasenoise,128,0.0550,1,44.2,35.2,0,0,0.014,0.515,35.0,false,6.25,1.000,1.000,ft8
ft8,phasenoise,128,0.0575,1,44.8,35.2,0,0,0.014,0.500,43.0,false,6.25,1.000,1.000,ft8
ft8,phasenoise,117,0.0515,1,44.6,41.0,0,0,0.014,0.490,46.0,false,6.25,1.000,1.000,ft8
ft8,phasenoise,123,0.0518,2,43.8,41.0,0,0,0.013,0.470,49.0,false,6.25,1.000,1.000,ft8
ft8,phasenoise,128,0.0438,2,43.5,41.0,0,0,0.014,0.470,47.0,false,6.25,1.000,1.000,ft8
ft8,phasenoise,123,0.0617,3,43.7,46.9,0,0,0.013,0.495,48.0,false,6.25,1.000,1.000,ft8
ft8,phasenoise,117,0.0742,2,44.7,23.4,0,0,0.013,0.485,54.0,false,6.25,1.000,1.000,ft8
ft8,phasenoise,128,0.0527,1,44.9,29.3,0,0,0.013,0.505,47.5,false,6.25,1.000,1.000,ft8
ft8,phasenoise,128,0.0502,1,45.0,23.4,0,0,0.013,0.495,40.5,false,6.25,1.000,1.000,ft8
ft8,phasenoise,123,0.0484,2,43.7,46.9,0,0,0.014,0.525,49.0,false,6.25,1.000,1.000,ft8
ft8,phasenoise,134,0.0502,2,43.5,46.9,0,0,0.013,0.485,51.5,false,6.25,1.000,1.000,ft8
ft8,phasenoise,134,0.0598,2,43.4,46.9,0,0,0.015,0.495,48.5,false,6.25,1.000,1.000,ft8
ft8,phasenoise,117,0.0680,2,44.5,29.3,0,0,0.015,0.495,31.0,false,6.25,1.000,1.000,ft8
ft8,phasenoise,117,0.0582,1,43.9,35.2,0,0,0.014,0.495,47.5,false,6.25,1.000,1.000,ft8
ft8,phasenoise,146,0.0482,3,43.3,46.9,0,0,0.013,0.490,52.0,false,6.25,1.000,1.000,ft8
ft8,phasenoise,123,0.0490,2,43.8,41.0,0,0,0.014,0.520,46.0,false,6.25,1.000,1.000,ft8
ft8,phasenoise,117,0.0469,1,44.8,29.3,0,0,0.014,0.485,54.5,false,6.25,1.000,1.000,ft8
ft8,phasenoise,128,0.0461,2,43.9,41.0,0,0,0.014,0.455,52.0,false,6.25,1.000,1.000,ft8
ft8,phasenoise,128,0.0670,3,43.7,46.9,0,0,0.014,0.505,46.0,false,6.25,1.000,1.000,ft8
ft8,phasenoise,140,0.0505,2,43.3,52.7,0,0,0.015,0.510,51.0,false,6.25,1.000,1.000,ft8
ft8,phasenoise,123,0.0518,1,44.5,35.2,0,0,0.014,0.460,55.5,false,6.25,1.000,1.000,ft8
ft8,phasenoise,140,0.0413,2,44.8,29.3,0,0,0.014,0.535,44.0,false,6.25,1.000,1.000,ft8
ft8,phasenoise,134,0.0479,3,44.5,23.4,0,0,0.016,0.470,30.0,false,6.25,1.000,1.000,ft8
ft8,phasenoise,123,0.0452,1,44.7,29.3,0,0,0.013,0.530,55.0,false,6.25,1.000,1.000,ft8
ft8,phasenoise,123,0.0419,1,45.7,23.4,0,0,0.014,0.500,53.5,false,6.25,1.000,1.000,ft8
ft8,hf-brutal,76,0.3851,1,32.1,52.7,0,0,0.241,0.440,6.5,false,6.25,1.000,1.000,ft8
ft8,hf-brutal,70,0.3472,1,32.5,46.9,0,0,0.230,0.430,10.5,false,6.25,1.000,1.000,ft8
ft8,hf-brutal,70,0.3494,2,32.8,46.9,0,0,0.233,0.440,11.5,false,6.25,1.000,1.000,ft8
ft8,hf-brutal,70,0.3753,2,31.8,41.0,0,0,0.246,0.400,11.5,false,6.25,1.000,1.000,ft8
ft8,hf-brutal,82,0.3102,2,31.6,52.7,0,0,0.240,0.440,10.5,false,6.25,1.000,1.000,ft8
ft8,hf-brutal,82,0.2276,2,33.6,23.4,0,0,0.233,0.480,6.5,false,6.25,1.000,1.000,ft8
ft8,hf-brutal,70,0.3100,2,32.5,41.0,0,0,0.241,0.440,5.5,false,6.25,1.000,1.000,ft8
ft8,hf-brutal,76,0.3008,1,33.5,46.9,0,0,0.230,0.450,7.5,false,6.25,1.000,1.000,ft8
ft8,hf-brutal,70,0.3461,2,34.1,17.6,0,0,0.234,0.460,9.5,false,6.25,1.000,1.000,ft8
ft8,hf-brutal,70,0.3110,1,32.5,41.0,0,0,0.221,0.460,10.5,false,6.25,1.000,1.000,ft8
ft8,hf-brutal,58,0.4870,2,33.2,23.4,0,0,0.243,0.420,4.5,false,6.25,1.000,1.000,ft8
ft8,hf-brutal,82,0.2545,1,32.9,46.9,0,0,0.236,0.480,6.5,false,6.25,1.000,1.000,ft8
ft8,hf-brutal,70,0.4169,2,32.5,23.4,0,0,0.239,0.390,9.5,false,6.25,1.000,1.000,ft8
ft8,hf-brutal,70,0.3662,2,32.7,46.9,0,0,0.236,0.425,6.5,false,6.25,1.000,1.000,ft8
ft8,hf-brutal,70,0.3117,1,33.4,29.3,0,0,0.240,0.485,7.5,false,6.25,1.000,1.000,ft8
ft8,hf-brutal,76,0.2831,2,32.2,41.0,0,0,0.240,0.465,11.5,false,6.25,1.000,1.000,ft8
ft8,hf-brutal,82,0.2516,2,32.9,52.7,0,0,0.233,0.530,11.5,false,6.25,1.000,1.000,ft8
ft8,hf-brutal,70,0.3045,2,33.2,41.0,0,0,0.243,0.440,5.5,false,6.25,1.000,1.000,ft8
ft8,hf-brutal,70,0.3066,1,33.5,46.9,0,0,0.230,0.525,9.5,false,6.25,1.000,1.000,ft8
ft8,hf-brutal,70,0.4439,1,32.1,35.2,0,0,0.254,0.450,8.5,false,6.25,1.000,1.000,ft8
ft8,hf-brutal,82,0.2364,2,33.1,52.7,0,0,0.238,0.465,6.5,false,6.25,1.000,1.000,ft8
ft8,hf-brutal,70,0.4287,1,32.6,46.9,0,0,0.227,0.420,11.0,false,6.25,1.000,1.000,ft8
ft8,hf-brutal,70,0.3351,1,32.7,46.9,0,0,0.245,0.435,8.5,false,6.25,1.000,1.000,ft8
ft8,hf-brutal,87,0.2666,2,33.4,29.3,0,0,0.236,0.445,9.5,false,6.25,1.000,1.000,ft8
ft8,hf-brutal,70,0.3468,2,32.6,46.9,0,0,0.240,0.420,7.5,false,6.25,1.000,1.000,ft8
ft8,hf-brutal,70,0.3226,2,34.0,23.4,0,0,0.230,0.445,8.5,false,6.25,1.000,1.000,ft8
ft8,hf-brutal,76,0.3327,2,32.9,46.9,0,0,0.237,0.490,8.5,false,6.25,1.000,1.000,ft8
ft8,hf-brutal,70,0.3467,2,31.9,35.2,0,0,0.266,0.425,9.5,false,6.25,1.000,1.000,ft8
ft8,hf-brutal,70,0.3615,2,33.3,46.9,0,0,0.234,0.475,10.5,false,6.25,1.000,1.000,ft8
ft8,hf-brutal,76,0.3135,1,32.1,46.9,0,0,0.246,0.425,9.5,false,6.25,1.000,1.000,ft8
rtty,qrm-psk,433,0.1022,19,44.3,17.6,9,6,0.008,0.500,59.0,false,6.25,1.000,0.515,js8call
rtty,qrm-psk,351,0.1451,19,45.1,11.7,9,9,0.010,0.500,61.0,false,6.25,1.000,0.548,ft8
rtty,qrm-psk,392,0.1120,19,45.0,11.7,9,6,0.009,0.535,60.0,false,6.25,1.000,0.549,ft8
rtty,qrm-psk,439,0.0930,20,42.7,17.6,10,8,0.010,0.495,66.5,false,6.25,1.000,0.740,ft8
rtty,qrm-psk,439,0.1148,20,43.0,17.6,11,8,0.009,0.500,63.5,false,6.25,1.000,0.623,ft8
rtty,qrm-psk,445,0.0916,20,43.8,17.6,10,8,0.009,0.525,57.0,false,6.25,1.000,0.514,js8call
rtty,qrm-psk,433,0.1033,20,44.2,17.6,10,8,0.009,0.485,63.5,false,6.25,1.000,0.509,js8call
rtty,qrm-psk,433,0.1016,20,44.6,17.6,11,8,0.009,0.510,56.5,false,6.25,1.000,0.516,js8call
rtty,qrm-psk,439,0.0948,20,43.8,17.6,10,8,0.009,0.500,63.0,false,6.25,1.000,0.518,js8call
rtty,qrm-psk,439,0.1005,20,44.3,17.6,11,8,0.008,0.505,57.5,false,6.25,1.000,0.511,js8call
rtty,qrm-psk,439,0.0979,18,43.9,17.6,11,8,0.009,0.525,65.0,false,6.25,1.000,0.516,js8call
rtty,qrm-psk,445,0.0981,20,44.3,17.6,11,8,0.008,0.490,60.0,false,6.25,1.000,0.522,js8call
rtty,qrm-psk,433,0.1009,20,44.4,17.6,11,8,0.008,0.465,55.0,false,6.25,1.000,0.510,js8call
rtty,qrm-psk,351,0.1451,20,45.1,11.7,11,9,0.009,0.485,58.5,false,6.25,1.000,0.547,ft8
rtty,qrm-psk,439,0.1019,20,43.8,17.6,10,8,0.009,0.455,56.5,false,6.25,1.000,0.471,ft8
rtty,qrm-psk,439,0.1070,20,43.6,17.6,11,8,0.009,0.540,66.0,false,6.25,1.000,0.540,js8call
rtty,qrm-psk,433,0.1062,20,43.7,17.6,11,8,0.009,0.535,60.0,false,6.25,1.000,0.465,ft8
rtty,qrm-psk,433,0.1098,20,43.6,17.6,10,8,0.009,0.505,59.5,false,6.25,1.000,0.544,js8call
rtty,qrm-psk,439,0.0989,19,43.8,17.6,10,8,0.010,0.485,58.0,false,6.25,1.000,0.518,js8call
rtty,qrm-psk,439,0.0981,17,43.9,17.6,11,8,0.009,0.465,64.0,false,6.25,1.000,0.518,js8call
rtty,qrm-psk,392,0.1130,18,45.3,11.7,11,8,0.009,0.535,59.5,false,6.25,1.000,0.561,ft8
rtty,qrm-psk,433,0.1106,20,43.7,17.6,11,8,0.010,0.525,62.0,false,6.25,1.000,0.537,js8call
rtty,qrm-psk,433,0.0976,20,45.1,11.7,11,8,0.009,0.505,54.0,false,6.25,1.000,0.711,js8call
rtty,qrm-psk,439,0.1082,20,43.7,17.6,11,9,0.009,0.510,61.0,false,6.25,1.000,0.546,js8call
rtty,qrm-psk,351,0.1436,19,45.1,11.7,9,6,0.009,0.530,63.0,false,6.25,1.000,0.540,ft8
rtty,qrm-psk,351,0.1436,20,45.1,11.7,9,9,0.009,0.505,58.5,false,6.25,1.000,0.549,ft8
rtty,qrm-psk,439,0.1073,20,43.6,17.6,11,8,0.009,0.555,68.0,false,6.25,1.000,0.536,js8call
rtty,qrm-psk,392,0.1159,18,45.0,11.7,11,10,0.009,0.535,59.0,false,6.25,1.000,0.549,ft8
rtty,qrm-psk,439,0.1022,20,43.6,17.6,11,8,0.009,0.545,58.0,false,6.25,1.000,0.474,ft8
rtty,qrm-psk,439,0.0953,20,43.8,17.6,10,8,0.010,0.490,55.5,false,6.25,1.000,0.510,js8call
psk31,qrm-rtty,99,0.0940,18,43.3,35.2,5,5,0.164,0.615,34.5,false,31.25,1.000,0.545,ft8
psk31,qrm-rtty,93,0.1131,17,43.6,29.3,5,5,0.160,0.645,31.5,false,31.25,1.000,0.544,ft8
psk31,qrm-rtty,99,0.0908,18,43.6,29.3,5,5,0.160,0.645,31.5,false,31.25,1.000,0.558,js8call
psk31,qrm-rtty,99,0.0916,19,43.0,35.2,5,5,0.165,0.615,34.5,false,31.25,1.000,0.528,js8call
psk31,qrm-rtty,99,0.0911,18,43.2,35.2,5,5,0.164,0.610,35.0,false,31.25,1.000,0.688,ft8
psk31,qrm-rtty,99,0.0906,20,43.1,35.2,5,5,0.165,0.610,35.0,false,31.25,1.000,0.483,js8call
psk31,qrm-rtty,93,0.1113,20,43.9,29.3,5,5,0.161,0.640,32.0,false,31.25,1.000,0.680,ft8
psk31,qrm-rtty,99,0.0909,20,43.3,35.2,5,5,0.164,0.610,35.0,false,31.25,1.000,0.560,js8call
psk31,qrm-rtty,99,0.0891,18,43.9,29.3,5,5,0.158,0.650,31.0,false,31.25,1.000,0.506,js8call
psk31,qrm-rtty,99,0.0873,18,43.9,29.3,5,5,0.158,0.655,30.5,false,31.25,1.000,0.668,ft8
psk31,qrm-rtty,99,0.0903,20,43.3,35.2,5,5,0.165,0.615,34.5,false,31.25,1.000,0.667,ft8
psk31,qrm-rtty,99,0.0915,19,43.4,35.2,5,5,0.164,0.610,35.0,false,31.25,1.000,0.651,ft8
psk31,qrm-rtty,93,0.1111,17,43.9,29.3,5,5,0.158,0.655,30.5,false,31.25,1.000,0.565,js8call
psk31,qrm-rtty,99,0.0885,19,44.2,29.3,5,5,0.160,0.640,32.0,false,31.25,1.000,0.709,ft8
psk31,qrm-rtty,93,0.1125,20,43.8,29.3,5,5,0.159,0.645,31.5,false,31.25,1.000,0.684,ft8
psk31,qrm-rtty,93,0.1121,19,43.6,29.3,5,5,0.160,0.645,31.5,false,31.25,1.000,0.520,js8call
psk31,qrm-rtty,93,0.1087,16,44.0,29.3,5,5,0.158,0.655,30.5,false,31.25,1.000,0.546,ft8
psk31,qrm-rtty,99,0.0888,20,43.9,29.3,5,5,0.158,0.655,30.5,false,31.25,1.000,0.561,js8call
psk31,qrm-rtty,93,0.1141,19,43.8,29.3,5,5,0.160,0.645,31.5,false,31.25,1.000,0.556,js8call
psk31,qrm-rtty,99,0.0901,18,43.7,29.3,5,5,0.158,0.650,31.0,false,31.25,1.000,0.517,js8call
psk31,qrm-rtty,93,0.1086,17,44.1,29.3,5,5,0.158,0.655,30.5,false,31.25,1.000,0.536,ft8
psk31,qrm-rtty,99,0.0892,20,43.8,29.3,5,5,0.159,0.645,31.5,false,31.25,1.000,0.560,js8call
psk31,qrm-rtty,99,0.0933,20,43.6,29.3,5,5,0.160,0.645,31.5,false,31.25,1.000,0.511,js8call
psk31,qrm-rtty,93,0.1088,16,44.1,29.3,5,5,0.161,0.640,32.0,false,31.25,1.000,0.538,ft8
psk31,qrm-rtty,99,0.0889,18,43.7,29.3,5,5,0.160,0.645,31.5,false,31.25,1.000,0.517,js8call
psk31,qrm-rtty,93,0.1101,20,43.8,29.3,5,5,0.159,0.650,31.0,false,31.25,1.000,0.723,ft8
psk31,qrm-rtty,99,0.0921,17,43.1,35.2,5,5,0.164,0.615,34.5,false,31.25,1.000,0.639,ft8
psk31,qrm-rtty,93,0.1178,19,43.4,35.2,5,5,0.163,0.625,33.5,false,31.25,1.000,0.521,js8call
psk31,qrm-rtty,93,0.1091,17,44.1,29.3,5,5,0.161,0.640,32.0,false,31.25,1.000,0.511,js8call
psk31,qrm-rtty,93,0.1123,20,44.0,29.3,5,5,0.160,0.640,32.0,false,31.25,1.000,0.559,js8call
cw,qrm-cw,339,0.0579,20,45.9,17.6,7,6,0.726,0.540,8.0,false,6.25,1.000,0.716,js8call
cw,qrm-cw,427,0.0579,20,45.8,17.6,6,5,0.685,0.580,9.5,true,6.25,1.000,1.000,ft8
cw,qrm-cw,357,0.0557,20,45.8,17.6,8,5,0.725,0.540,8.0,false,6.25,1.000,0.987,ft8
cw,qrm-cw,357,0.0510,20,46.4,17.6,6,4,0.726,0.540,8.0,false,6.25,1.000,1.000,ft8
cw,qrm-cw,503,0.0432,20,46.3,17.6,7,5,0.596,0.660,6.0,false,6.25,1.000,0.686,ft8
cw,qrm-cw,416,0.0488,20,46.7,17.6,6,5,0.682,0.580,9.5,false,6.25,1.000,1.000,ft8
cw,qrm-cw,357,0.0511,20,46.0,17.6,8,7,0.726,0.540,8.0,false,6.25,1.000,0.717,js8call
cw,qrm-cw,503,0.0475,20,46.5,17.6,7,5,0.552,0.700,5.5,false,6.25,1.000,0.992,ft8
cw,qrm-cw,416,0.0485,20,46.4,17.6,6,4,0.726,0.540,8.0,false,6.25,1.000,1.000,ft8
cw,qrm-cw,427,0.0478,20,45.6,17.6,7,4,0.587,0.670,6.5,false,6.25,1.000,0.540,ft8
cw,qrm-cw,357,0.0569,20,45.4,17.6,7,5,0.759,0.540,8.0,true,6.25,1.000,1.000,ft8
cw,qrm-cw,339,0.0575,20,45.9,17.6,7,6,0.725,0.540,8.0,false,6.25,1.000,0.720,js8call
cw,qrm-cw,427,0.0469,20,45.6,17.6,7,4,0.587,0.670,6.5,false,6.25,1.000,0.540,ft8
cw,qrm-cw,339,0.0804,20,44.9,17.6,7,6,0.754,0.520,9.5,true,6.25,1.000,0.713,ft8
cw,qrm-cw,357,0.0598,20,45.4,17.6,8,5,0.951,0.390,7.0,true,6.25,1.000,1.000,ft8
cw,qrm-cw,339,0.0558,20,45.9,17.6,7,6,0.725,0.540,8.0,false,6.25,1.000,0.722,js8call
cw,qrm-cw,375,0.0593,20,46.0,17.6,6,5,0.859,0.460,9.5,true,6.25,1.000,1.000,ft8
cw,qrm-cw,339,0.0566,20,45.9,17.6,7,6,0.727,0.540,8.0,false,6.25,1.000,0.717,js8call
cw,qrm-cw,503,0.0432,20,46.2,17.6,7,5,0.595,0.660,6.0,false,6.25,1.000,0.953,ft8
cw,qrm-cw,509,0.0422,20,45.8,17.6,7,5,0.522,0.730,4.5,false,6.25,1.000,0.599,ft8
cw,qrm-cw,503,0.0538,20,45.7,17.6,7,5,0.711,0.580,7.5,true,6.25,1.000,1.000,ft8
cw,qrm-cw,416,0.0501,20,46.5,17.6,6,5,0.682,0.580,9.5,false,6.25,1.000,1.000,ft8
cw,qrm-cw,439,0.0507,20,46.2,17.6,6,5,0.782,0.520,7.5,true,6.25,1.000,1.000,ft8
cw,qrm-cw,357,0.0510,20,45.9,17.6,7,6,0.726,0.540,8.0,false,6.25,1.000,0.736,js8call
cw,qrm-cw,427,0.0458,20,46.6,17.6,6,4,0.648,0.610,6.5,false,6.25,1.000,1.000,ft8
cw,qrm-cw,503,0.0487,20,46.6,11.7,7,4,0.690,0.610,6.5,true,6.25,1.000,1.000,ft8
cw,qrm-cw,416,0.0480,20,46.6,17.6,6,5,0.648,0.610,6.5,false,6.25,1.000,1.000,ft8
cw,qrm-cw,433,0.0515,20,46.4,17.6,7,5,0.551,0.700,5.5,false,6.25,1.000,1.000,ft8
cw,qrm-cw,339,0.0567,20,45.8,17.6,8,7,0.726,0.540,8.0,false,6.25,1.000,0.707,js8call
cw,qrm-cw,339,0.0570,20,45.8,17.6,8,7,0.725,0.540,8.0,false,6.25,1.000,0.704,js8call
ft8,qrm-ft8,123,0.0980,20,39.6,52.7,10,10,0.039,0.395,5.5,false,100.00,1.000,1.000,ft8
ft8,qrm-ft8,105,0.0941,20,40.1,46.9,9,9,0.041,0.350,13.5,false,100.00,1.000,1.000,ft8
ft8,qrm-ft8,105,0.1254,20,39.9,46.9,11,11,0.040,0.330,13.5,false,100.00,1.000,1.000,ft8
ft8,qrm-ft8,99,0.0990,20,41.6,29.3,10,10,0.037,0.360,10.0,false,100.00,1.000,1.000,ft8
ft8,qrm-ft8,99,0.1212,20,41.4,29.3,9,9,0.038,0.340,15.5,false,100.00,1.000,1.000,ft8
ft8,qrm-ft8,99,0.0986,20,41.4,17.6,8,8,0.043,0.330,16.5,false,100.00,1.000,1.000,ft8
ft8,qrm-ft8,99,0.1043,20,40.4,41.0,10,10,0.040,0.355,13.5,false,100.00,1.000,1.000,ft8
ft8,qrm-ft8,105,0.0832,20,41.9,29.3,9,9,0.041,0.380,9.5,false,100.00,1.000,1.000,ft8
ft8,qrm-ft8,99,0.0832,20,41.0,41.0,9,9,0.041,0.365,6.5,false,100.00,1.000,1.000,ft8
ft8,qrm-ft8,105,0.0946,20,41.3,23.4,9,9,0.038,0.385,7.5,false,100.00,1.000,1.000,ft8
ft8,qrm-ft8,105,0.1004,20,39.8,41.0,8,8,0.038,0.360,10.0,false,100.00,1.000,1.000,ft8
ft8,qrm-ft8,99,0.0923,20,41.9,29.3,10,10,0.043,0.370,12.5,false,100.00,1.000,1.000,ft8
ft8,qrm-ft8,105,0.0976,20,40.9,29.3,8,8,0.041,0.365,12.5,false,100.00,1.000,1.000,ft8
ft8,qrm-ft8,105,0.1133,20,41.4,17.6,11,11,0.038,0.385,9.5,false,100.00,1.000,1.000,ft8
ft8,qrm-ft8,105,0.1004,20,40.1,35.2,9,9,0.042,0.375,13.5,false,100.00,1.000,1.000,ft8
ft8,qrm-ft8,99,0.0962,20,41.6,35.2,10,10,0.041,0.350,10.5,false,100.00,1.000,1.000,ft8
ft8,qrm-ft8,93,0.0925,20,41.9,23.4,8,8,0.042,0.310,13.0,false,100.00,1.000,1.000,ft8
ft8,qrm-ft8,99,0.0895,20,41.3,29.3,10,10,0.037,0.375,12.5,false,100.00,1.000,1.000,ft8
ft8,qrm-ft8,105,0.1151,20,39.7,46.9,10,10,0.037,0.375,11.5,false,100.00,1.000,1.000,ft8
ft8,qrm-ft8,105,0.0752,20,41.2,23.4,9,9,0.039,0.380,5.5,false,100.00,1.000,1.000,ft8
ft8,qrm-ft8,99,0.1104,20,41.4,41.0,10,10,0.039,0.395,7.5,false,100.00,1.000,1.000,ft8
ft8,qrm-ft8,117,0.0689,20,41.1,23.4,10,10,0.039,0.340,10.5,false,100.00,1.000,1.000,ft8
ft8,qrm-ft8,99,0.0839,20,41.9,29.3,10,10,0.041,0.380,6.5,false,100.00,1.000,1.000,ft8
ft8,qrm-ft8,93,0.1051,20,41.2,35.2,9,9,0.041,0.335,8.5,false,100.00,1.000,1.000,ft8
ft8,qrm-ft8,105,0.1029,20,40.9,35.2,11,11,0.036,0.335,11.5,false,100.00,1.000,1.000,ft8
ft8,qrm-ft8,111,0.0940,20,39.5,46.9,8,8,0.039,0.335,15.5,false,100.00,1.000,1.000,ft8
ft8,qrm-ft8,111,0.0936,20,39.9,29.3,11,11,0.039,0.375,10.0,false,100.00,1.000,1.000,ft8
ft8,qrm-ft8,117,0.0878,20,40.3,23.4,10,10,0.038,0.375,8.0,false,100.00,1.000,1.000,ft8
ft8,qrm-ft8,93,0.1096,20,41.9,23.4,9,9,0.041,0.395,5.5,false,100.00,1.000,1.000,ft8
ft8,qrm-ft8,111,0.0954,20,41.2,35.2,11,11,0.041,0.310,15.0,false,100.00,1.000,1.000,ft8
noise,qrn-crashes,0,0.0000,0,0.0,0.0,0,0,0.393,0.465,42.5,false,6.25,1.000,0.342,js8call
noise,qrn-crashes,0,0.0000,0,0.0,0.0,0,0,0.275,0.490,46.0,false,6.25,1.000,0.379,ft8
noise,qrn-crashes,0,0.0000,0,0.0,0.0,0,0,0.318,0.470,41.5,false,6.25,1.000,0.448,ft8
noise,qrn-crashes,0,0.0000,0,0.0,0.0,0,0,0.312,0.465,39.5,false,6.25,1.000,0.337,ft8
noise,qrn-crashes,0,0.0000,0,0.0,0.0,0,0,0.324,0.485,44.5,false,6.25,1.000,0.355,ft8
noise,qrn-crashes,0,0.0000,0,0.0,0.0,0,0,0.215,0.505,50.0,false,6.25,1.000,0.423,js8call
noise,qrn-crashes,0,0.0000,0,0.0,0.0,0,0,0.312,0.475,40.5,false,6.25,1.000,0.343,js8call
noise,qrn-crashes,0,0.0000,0,0.0,0.0,0,0,0.322,0.425,42.5,false,6.25,1.000,0.367,ft8
noise,qrn-crashes,0,0.0000,0,0.0,0.0,0,0,0.323,0.485,41.5,false,6.25,1.000,0.354,js8call
noise,qrn-crashes,0,0.0000,0,0.0,0.0,0,0,0.294,0.505,44.5,false,6.25,1.000,0.291,ft8
noise,qrn-crashes,0,0.0000,0,0.0,0.0,0,0,0.379,0.465,43.0,false,6.25,1.000,0.343,js8call
noise,qrn-crashes,0,0.0000,0,0.0,0.0,0,0,0.409,0.465,40.5,false,6.25,1.000,0.275,ft8
noise,qrn-crashes,0,0.0000,0,0.0,0.0,0,0,0.333,0.430,33.5,false,6.25,1.000,0.307,ft8
noise,qrn-crashes,0,0.0000,0,0.0,0.0,0,0,0.386,0.445,37.5,false,6.25,1.000,0.316,ft8
noise,qrn-crashes,0,0.0000,0,0.0,0.0,0,0,0.301,0.495,42.0,false,6.25,1.000,0.283,js8call
noise,qrn-crashes,0,0.0000,0,0.0,0.0,0,0,0.231,0.450,47.5,false,6.25,1.000,0.412,ft8
noise,qrn-crashes,0,0.0000,0,0.0,0.0,0,0,0.201,0.455,52.5,false,6.25,1.000,0.404,ft8
noise,qrn-crashes,0,0.0000,0,0.0,0.0,0,0,0.298,0.430,36.5,false,6.25,1.000,0.421,ft8
noise,qrn-crashes,0,0.0000,0,0.0,0.0,0,0,0.334,0.450,39.5,false,6.25,1.000,0.512,js8call
noise,qrn-crashes,0,0.0000,0,0.0,0.0,0,0,0.245,0.455,43.5,false,31.25,1.000,0.285,js8call
noise,qrn-crashes,0,0.0000,0,0.0,0.0,0,0,0.324,0.460,41.0,false,6.25,1.000,0.331,js8call
noise,qrn-crashes,0,0.0000,0,0.0,0.0,0,0,0.357,0.490,47.0,false,6.25,1.000,0.287,js8call
noise,qrn-crashes,0,0.0000,0,0.0,0.0,0,0,0.443,0.425,38.0,false,6.25,1.000,0.274,js8call
noise,qrn-crashes,0,0.0000,0,0.0,0.0,0,0,0.368,0.475,41.5,false,6.25,1.000,0.358,ft8
noise,qrn-crashes,0,0.0000,0,0.0,0.0,0,0,0.373,0.415,38.0,false,6.25,1.000,0.530,ft8
noise,qrn-crashes,0,0.0000,0,0.0,0.0,0,0,0.236,0.495,45.5,false,6.25,1.000,0.414,ft8
noise,qrn-crashes,0,0.0000,0,0.0,0.0,0,0,0.307,0.430,40.0,false,6.25,1.000,0.264,ft8
noise,qrn-crashes,0,0.0000,0,0.0,0.0,0,0,0.497,0.380,31.0,false,6.25,1.000,0.363,ft8
noise,qrn-crashes,0,0.0000,0,0.0,0.0,0,0,0.348,0.390,30.5,false,6.25,1.000,0.433,js8call
noise,qrn-crashes,0,0.0000,0,0.0,0.0,0,0,0.399,0.470,39.0,false,6.25,1.000,0.506,ft8
noise,silence,0,0.0000,0,0.0,0.0,0,0,0.000,0.000,0.0,false,0.00,0.000,0.000,none
noise,silence,0,0.0000,0,0.0,0.0,0,0,0.000,0.000,0.0,false,0.00,0.000,0.000,none
noise,silence,0,0.0000,0,0.0,0.0,0,0,0.000,0.000,0.0,false,0.00,0.000,0.000,none
noise,silence,0,0.0000,0,0.0,0.0,0,0,0.000,0.000,0.0,false,0.00,0.000,0.000,none
noise,silence,0,0.0000,0,0.0,0.0,0,0,0.000,0.000,0.0,false,0.00,0.000,0.000,none
noise,silence,0,0.0000,0,0.0,0.0,0,0,0.000,0.000,0.0,false,0.00,0.000,0.000,none
noise,silence,0,0.0000,0,0.0,0.0,0,0,0.000,0.000,0.0,false,0.00,0.000,0.000,none
noise,silence,0,0.0000,0,0.0,0.0,0,0,0.000,0.000,0.0,false,0.00,0.000,0.000,none
noise,silence,0,0.0000,0,0.0,0.0,0,0,0.000,0.000,0.0,false,0.00,0.000,0.000,none
noise,silence,0,0.0000,0,0.0,0.0,0,0,0.000,0.000,0.0,false,0.00,0.000,0.000,none
noise,silence,0,0.0000,0,0.0,0.0,0,0,0.000,0.000,0.0,false,0.00,0.000,0.000,none
noise,silence,0,0.0000,0,0.0,0.0,0,0,0.000,0.000,0.0,false,0.00,0.000,0.000,none
noise,silence,0,0.0000,0,0.0,0.0,0,0,0.000,0.000,0.0,false,0.00,0.000,0.000,none
noise,silence,0,0.0000,0,0.0,0.0,0,0,0.000,0.000,0.0,false,0.00,0.000,0.000,none
noise,silence,0,0.0000,0,0.0,0.0,0,0,0.000,0.000,0.0,false,0.00,0.000,0.000,none
noise,silence,0,0.0000,0,0.0,0.0,0,0,0.000,0.000,0.0,false,0.00,0.000,0.000,none
noise,silence,0,0.0000,0,0.0,0.0,0,0,0.000,0.000,0.0,false,0.00,0.000,0.000,none
noise,silence,0,0.0000,0,0.0,0.0,0,0,0.000,0.000,0.0,false,0.00,0.000,0.000,none
noise,silence,0,0.0000,0,0.0,0.0,0,0,0.000,0.000,0.0,false,0.00,0.000,0.000,none
noise,silence,0,0.0000,0,0.0,0.0,0,0,0.000,0.000,0.0,false,0.00,0.000,0.000,none
noise,silence,0,0.0000,0,0.0,0.0,0,0,0.000,0.000,0.0,false,0.00,0.000,0.000,none
noise,silence,0,0.0000,0,0.0,0.0,0,0,0.000,0.000,0.0,false,0.00,0.000,0.000,none
noise,silence,0,0.0000,0,0.0,0.0,0,0,0.000,0.000,0.0,false,0.00,0.000,0.000,none
noise,silence,0,0.0000,0,0.0,0.0,0,0,0.000,0.000,0.0,false,0.00,0.000,0.000,none
noise,silence,0,0.0000,0,0.0,0.0,0,0,0.000,0.000,0.0,false,0.00,0.000,0.000,none
noise,silence,0,0.0000,0,0.0,0.0,0,0,0.000,0.000,0.0,false,0.00,0.000,0.000,none
noise,silence,0,0.0000,0,0.0,0.0,0,0,0.000,0.000,0.0,false,0.00,0.000,0.000,none
noise,silence,0,0.0000,0,0.0,0.0,0,0,0.000,0.000,0.0,false,0.00,0.000,0.000,none
noise,silence,0,0.0000,0,0.0,0.0,0,0,0.000,0.000,0.0,false,0.00,0.000,0.000,none
noise,silence,0,0.0000,0,0.0,0.0,0,0,0.000,0.000,0.0,false,0.00,0.000,0.000,none
noise,white,0,0.0000,0,0.0,0.0,0,0,0.035,0.460,46.5,false,6.25,1.000,0.316,ft8
noise,white,0,0.0000,0,0.0,0.0,0,0,0.034,0.495,50.5,false,6.25,1.000,0.423,js8call
noise,white,0,0.0000,0,0.0,0.0,0,0,0.032,0.475,50.0,false,6.25,1.000,0.388,ft8
noise,white,0,0.0000,0,0.0,0.0,0,0,0.030,0.490,51.5,false,6.25,1.000,0.291,ft8
noise,white,0,0.0000,0,0.0,0.0,0,0,0.031,0.465,42.5,false,6.25,1.000,0.436,js8call
noise,white,0,0.0000,0,0.0,0.0,0,0,0.033,0.520,55.5,false,6.25,1.000,0.665,ft8
noise,white,0,0.0000,0,0.0,0.0,0,0,0.032,0.500,50.0,false,6.25,1.000,0.324,js8call
noise,white,0,0.0000,0,0.0,0.0,0,0,0.031,0.510,55.5,false,6.25,1.000,0.390,ft8
noise,white,0,0.0000,0,0.0,0.0,0,0,0.031,0.510,49.0,false,6.25,1.000,0.360,ft8
noise,white,0,0.0000,0,0.0,0.0,0,0,0.033,0.480,49.5,false,6.25,1.000,0.285,js8call
noise,white,0,0.0000,0,0.0,0.0,0,0,0.034,0.510,55.5,false,6.25,1.000,0.323,js8call
noise,white,0,0.0000,0,0.0,0.0,0,0,0.034,0.495,53.5,false,6.25,1.000,0.296,ft8
noise,white,0,0.0000,0,0.0,0.0,0,0,0.030,0.485,47.0,false,6.25,1.000,0.363,ft8
noise,white,0,0.0000,0,0.0,0.0,0,0,0.033,0.485,46.5,false,6.25,1.000,0.517,js8call
noise,white,0,0.0000,0,0.0,0.0,0,0,0.032,0.495,45.5,false,6.25,1.000,0.313,js8call
noise,white,0,0.0000,0,0.0,0.0,0,0,0.033,0.535,49.0,false,6.25,1.000,0.256,ft8
noise,white,0,0.0000,0,0.0,0.0,0,0,0.033,0.475,51.0,false,6.25,1.000,0.360,js8call
noise,white,0,0.0000,0,0.0,0.0,0,0,0.032,0.475,49.5,false,6.25,1.000,0.311,ft8
noise,white,0,0.0000,0,0.0,0.0,0,0,0.030,0.520,49.5,false,6.25,1.000,0.272,ft8
noise,white,0,0.0000,0,0.0,0.0,0,0,0.032,0.485,49.0,false,6.25,1.000,0.344,ft8
noise,white,0,0.0000,0,0.0,0.0,0,0,0.033,0.475,44.0,false,6.25,1.000,0.385,js8call
noise,white,0,0.0000,0,0.0,0.0,0,0,0.035,0.490,46.5,false,6.25,1.000,0.358,ft8
noise,white,0,0.0000,0,0.0,0.0,0,0,0.031,0.445,51.5,false,6.25,1.000,0.330,js8call
noise,white,0,0.0000,0,0.0,0.0,0,0,0.033,0.515,48.5,false,6.25,1.000,0.448,ft8
noise,white,0,0.0000,0,0.0,0.0,0,0,0.032,0.485,50.5,false,6.25,1.000,0.372,ft8
noise,white,0,0.0000,0,0.0,0.0,0,0,0.033,0.490,48.0,false,6.25,1.000,0.365,js8call
noise,white,0,0.0000,0,0.0,0.0,0,0,0.034,0.560,52.0,false,6.25,1.000,0.350,js8call
noise,white,0,0.0000,0,0.0,0.0,0,0,0.031,0.520,54.0,false,6.25,1.000,0.333,ft8
noise,white,0,0.0000,0,0.0,0.0,0,0,0.035,0.485,50.5,false,6.25,1.000,0.526,js8call
noise,white,0,0.0000,0,0.0,0.0,0,0,0.034,0.515,54.0,false,6.25,1.000,0.296,ft8
noise,faint,0,0.0000,0,0.0,0.0,0,0,0.035,0.485,52.0,false,6.25,1.000,0.317,ft8
noise,faint,0,0.0000,0,0.0,0.0,0,0,0.033,0.465,47.5,false,6.25,1.000,0.356,js8call
noise,faint,0,0.0000,0,0.0,0.0,0,0,0.033,0.495,47.0,false,6.25,1.000,0.240,js8call
noise,faint,0,0.0000,0,0.0,0.0,0,0,0.030,0.455,47.5,false,6.25,1.000,0.484,js8call
noise,faint,0,0.0000,0,0.0,0.0,0,0,0.033,0.485,50.0,false,6.25,1.000,0.456,ft8
noise,faint,0,0.0000,0,0.0,0.0,0,0,0.033,0.410,40.5,false,6.25,1.000,0.356,ft8
noise,faint,0,0.0000,0,0.0,0.0,0,0,0.032,0.455,51.0,false,6.25,1.000,0.408,js8call
noise,faint,0,0.0000,0,0.0,0.0,0,0,0.032,0.445,47.5,false,6.25,1.000,0.326,js8call
noise,faint,0,0.0000,0,0.0,0.0,0,0,0.032,0.495,51.0,false,6.25,1.000,0.535,ft8
noise,faint,0,0.0000,0,0.0,0.0,0,0,0.032,0.535,54.5,false,6.25,1.000,0.374,js8call
noise,faint,0,0.0000,0,0.0,0.0,0,0,0.032,0.510,50.5,false,6.25,1.000,0.387,js8call
noise,faint,0,0.0000,0,0.0,0.0,0,0,0.032,0.520,50.5,false,6.25,1.000,0.357,js8call
noise,faint,0,0.0000,0,0.0,0.0,0,0,0.033,0.495,51.0,false,6.25,1.000,0.382,ft8
noise,faint,0,0.0000,0,0.0,0.0,0,0,0.033,0.540,57.5,false,6.25,1.000,0.473,js8call
noise,faint,0,0.0000,0,0.0,0.0,0,0,0.034,0.490,51.0,false,6.25,1.000,0.334,js8call
noise,faint,0,0.0000,0,0.0,0.0,0,0,0.033,0.520,55.0,false,6.25,1.000,0.274,js8call
noise,faint,0,0.0000,0,0.0,0.0,0,0,0.032,0.490,47.0,false,6.25,1.000,0.470,js8call
noise,faint,0,0.0000,0,0.0,0.0,0,0,0.030,0.495,50.0,false,6.25,1.000,0.443,ft8
noise,faint,0,0.0000,0,0.0,0.0,0,0,0.034,0.500,50.0,false,6.25,1.000,0.365,js8call
noise,faint,0,0.0000,0,0.0,0.0,0,0,0.033,0.470,42.0,false,6.25,1.000,0.360,ft8
noise,faint,0,0.0000,0,0.0,0.0,0,0,0.032,0.525,53.5,false,6.25,1.000,0.351,ft8
noise,faint,0,0.0000,0,0.0,0.0,0,0,0.031,0.500,49.5,false,6.25,1.000,0.344,ft8
noise,faint,0,0.0000,0,0.0,0.0,0,0,0.032,0.530,49.0,false,6.25,1.000,0.325,js8call
noise,faint,0,0.0000,0,0.0,0.0,0,0,0.032,0.525,53.5,false,6.25,1.000,0.470,ft8
noise,faint,0,0.0000,0,0.0,0.0,0,0,0.033,0.490,55.5,false,6.25,1.000,0.348,ft8
noise,faint,0,0.0000,0,0.0,0.0,0,0,0.033,0.515,52.0,false,6.25,1.000,0.382,js8call
noise,faint,0,0.0000,0,0.0,0.0,0,0,0.033,0.520,47.0,false,6.25,1.000,0.386,js8call
noise,faint,0,0.0000,0,0.0,0.0,0,0,0.034,0.565,44.0,false,6.25,1.000,0.421,ft8
noise,faint,0,0.0000,0,0.0,0.0,0,0,0.034,0.520,48.5,false,6.25,1.000,0.330,js8call
noise,faint,0,0.0000,0,0.0,0.0,0,0,0.033,0.505,57.0,false,6.25,1.000,0.337,ft8
noise,tone-700Hz,1312,0.0000,18,143.5,17.6,12,5,0.000,0.000,0.0,false,6.25,1.000,0.000,none
noise,tone-700Hz,1312,0.0000,18,143.5,17.6,12,5,0.000,0.000,0.0,false,6.25,1.000,0.000,none
noise,tone-700Hz,1312,0.0000,18,143.5,17.6,12,5,0.000,0.000,0.0,false,6.25,1.000,0.000,none
noise,tone-700Hz,1312,0.0000,18,143.5,17.6,12,5,0.000,0.000,0.0,false,6.25,1.000,0.000,none
noise,tone-700Hz,1312,0.0000,18,143.5,17.6,12,5,0.000,0.000,0.0,false,6.25,1.000,0.000,none
noise,tone-700Hz,1312,0.0000,18,143.5,17.6,12,5,0.000,0.000,0.0,false,6.25,1.000,0.000,none
noise,tone-700Hz,1312,0.0000,18,143.5,17.6,12,5,0.000,0.000,0.0,false,6.25,1.000,0.000,none
noise,tone-700Hz,1312,0.0000,18,143.5,17.6,12,5,0.000,0.000,0.0,false,6.25,1.000,0.000,none
noise,tone-700Hz,1312,0.0000,18,143.5,17.6,12,5,0.000,0.000,0.0,false,6.25,1.000,0.000,none
noise,tone-700Hz,1312,0.0000,18,143.5,17.6,12,5,0.000,0.000,0.0,false,6.25,1.000,0.000,none
noise,tone-700Hz,1312,0.0000,18,143.5,17.6,12,5,0.000,0.000,0.0,false,6.25,1.000,0.000,none
noise,tone-700Hz,1312,0.0000,18,143.5,17.6,12,5,0.000,0.000,0.0,false,6.25,1.000,0.000,none
noise,tone-700Hz,1312,0.0000,18,143.5,17.6,12,5,0.000,0.000,0.0,false,6.25,1.000,0.000,none
noise,tone-700Hz,1312,0.0000,18,143.5,17.6,12,5,0.000,0.000,0.0,false,6.25,1.000,0.000,none
noise,tone-700Hz,1312,0.0000,18,143.5,17.6,12,5,0.000,0.000,0.0,false,6.25,1.000,0.000,none
noise,tone-700Hz,1312,0.0000,18,143.5,17.6,12,5,0.000,0.000,0.0,false,6.25,1.000,0.000,none
noise,tone-700Hz,1312,0.0000,18,143.5,17.6,12,5,0.000,0.000,0.0,false,6.25,1.000,0.000,none
noise,tone-700Hz,1312,0.0000,18,143.5,17.6,12,5,0.000,0.000,0.0,false,6.25,1.000,0.000,none
noise,tone-700Hz,1312,0.0000,18,143.5,17.6,12,5,0.000,0.000,0.0,false,6.25,1.000,0.000,none
noise,tone-700Hz,1312,0.0000,18,143.5,17.6,12,5,0.000,0.000,0.0,false,6.25,1.000,0.000,none
noise,tone-700Hz,1312,0.0000,18,143.5,17.6,12,5,0.000,0.000,0.0,false,6.25,1.000,0.000,none
noise,tone-700Hz,1312,0.0000,18,143.5,17.6,12,5,0.000,0.000,0.0,false,6.25,1.000,0.000,none
noise,tone-700Hz,1312,0.0000,18,143.5,17.6,12,5,0.000,0.000,0.0,false,6.25,1.000,0.000,none
noise,tone-700Hz,1312,0.0000,18,143.5,17.6,12,5,0.000,0.000,0.0,false,6.25,1.000,0.000,none
noise,tone-700Hz,1312,0.0000,18,143.5,17.6,12,5,0.000,0.000,0.0,false,6.25,1.000,0.000,none
noise,tone-700Hz,1312,0.0000,18,143.5,17.6,12,5,0.000,0.000,0.0,false,6.25,1.000,0.000,none
noise,tone-700Hz,1312,0.0000,18,143.5,17.6,12,5,0.000,0.000,0.0,false,6.25,1.000,0.000,none
noise,tone-700Hz,1312,0.0000,18,143.5,17.6,12,5,0.000,0.000,0.0,false,6.25,1.000,0.000,none
noise,tone-700Hz,1312,0.0000,18,143.5,17.6,12,5,0.000,0.000,0.0,false,6.25,1.000,0.000,none
noise,tone-700Hz,1312,0.0000,18,143.5,17.6,12,5,0.000,0.000,0.0,false,6.25,1.000,0.000,none
noise,tone-1000Hz,1646,0.0000,5,146.5,17.6,11,0,0.000,0.000,0.0,false,6.25,1.000,0.000,none
noise,tone-1000Hz,1646,0.0000,5,146.5,17.6,11,0,0.000,0.000,0.0,false,6.25,1.000,0.000,none
noise,tone-1000Hz,1646,0.0000,5,146.5,17.6,11,0,0.000,0.000,0.0,false,6.25,1.000,0.000,none
noise,tone-1000Hz,1646,0.0000,5,146.5,17.6,11,0,0.000,0.000,0.0,false,6.25,1.000,0.000,none
noise,tone-1000Hz,1646,0.0000,5,146.5,17.6,11,0,0.000,0.000,0.0,false,6.25,1.000,0.000,none
noise,tone-1000Hz,1646,0.0000,5,146.5,17.6,11,0,0.000,0.000,0.0,false,6.25,1.000,0.000,none
noise,tone-1000Hz,1646,0.0000,5,146.5,17.6,11,0,0.000,0.000,0.0,false,6.25,1.000,0.000,none
noise,tone-1000Hz,1646,0.0000,5,146.5,17.6,11,0,0.000,0.000,0.0,false,6.25,1.000,0.000,none
noise,tone-1000Hz,1646,0.0000,5,146.5,17.6,11,0,0.000,0.000,0.0,false,6.25,1.000,0.000,none
noise,tone-1000Hz,1646,0.0000,5,146.5,17.6,11,0,0.000,0.000,0.0,false,6.25,1.000,0.000,none
noise,tone-1000Hz,1646,0.0000,5,146.5,17.6,11,0,0.000,0.000,0.0,false,6.25,1.000,0.000,none
noise,tone-1000Hz,1646,0.0000,5,146.5,17.6,11,0,0.000,0.000,0.0,false,6.25,1.000,0.000,none
noise,tone-1000Hz,1646,0.0000,5,146.5,17.6,11,0,0.000,0.000,0.0,false,6.25,1.000,0.000,none
noise,tone-1000Hz,1646,0.0000,5,146.5,17.6,11,0,0.000,0.000,0.0,false,6.25,1.000,0.000,none
noise,tone-1000Hz,1646,0.0000,5,146.5,17.6,11,0,0.000,0.000,0.0,false,6.25,1.000,0.000,none
noise,tone-1000Hz,1646,0.0000,5,146.5,17.6,11,0,0.000,0.000,0.0,false,6.25,1.000,0.000,none
noise,tone-1000Hz,1646,0.0000,5,146.5,17.6,11,0,0.000,0.000,0.0,false,6.25,1.000,0.000,none
noise,tone-1000Hz,1646,0.0000,5,146.5,17.6,11,0,0.000,0.000,0.0,false,6.25,1.000,0.000,none
noise,tone-1000Hz,1646,0.0000,5,146.5,17.6,11,0,0.000,0.000,0.0,false,6.25,1.000,0.000,none
noise,tone-1000Hz,1646,0.0000,5,146.5,17.6,11,0,0.000,0.000,0.0,false,6.25,1.000,0.000,none
noise,tone-1000Hz,1646,0.0000,5,146.5,17.6,11,0,0.000,0.000,0.0,false,6.25,1.000,0.000,none
noise,tone-1000Hz,1646,0.0000,5,146.5,17.6,11,0,0.000,0.000,0.0,false,6.25,1.000,0.000,none
noise,tone-1000Hz,1646,0.0000,5,146.5,17.6,11,0,0.000,0.000,0.0,false,6.25,1.000,0.000,none
noise,tone-1000Hz,1646,0.0000,5,146.5,17.6,11,0,0.000,0.000,0.0,false,6.25,1.000,0.000,none
noise,tone-1000Hz,1646,0.0000,5,146.5,17.6,11,0,0.000,0.000,0.0,false,6.25,1.000,0.000,none
noise,tone-1000Hz,1646,0.0000,5,146.5,17.6,11,0,0.000,0.000,0.0,false,6.25,1.000,0.000,none
noise,tone-1000Hz,1646,0.0000,5,146.5,17.6,11,0,0.000,0.000,0.0,false,6.25,1.000,0.000,none
noise,tone-1000Hz,1646,0.0000,5,146.5,17.6,11,0,0.000,0.000,0.0,false,6.25,1.000,0.000,none
noise,tone-1000Hz,1646,0.0000,5,146.5,17.6,11,0,0.000,0.000,0.0,false,6.25,1.000,0.000,none
noise,tone-1000Hz,1646,0.0000,5,146.5,17.6,11,0,0.000,0.000,0.0,false,6.25,1.000,0.000,none
noise,tone-1500Hz,35,0.0000,20,166.0,11.7,6,6,0.000,0.000,0.0,false,6.25,1.000,0.000,none
noise,tone-1500Hz,35,0.0000,20,166.0,11.7,6,6,0.000,0.000,0.0,false,6.25,1.000,0.000,none
noise,tone-1500Hz,35,0.0000,20,166.0,11.7,6,6,0.000,0.000,0.0,false,6.25,1.000,0.000,none
noise,tone-1500Hz,35,0.0000,20,166.0,11.7,6,6,0.000,0.000,0.0,false,6.25,1.000,0.000,none
noise,tone-1500Hz,35,0.0000,20,166.0,11.7,6,6,0.000,0.000,0.0,false,6.25,1.000,0.000,none
noise,tone-1500Hz,35,0.0000,20,166.0,11.7,6,6,0.000,0.000,0.0,false,6.25,1.000,0.000,none
noise,tone-1500Hz,35,0.0000,20,166.0,11.7,6,6,0.000,0.000,0.0,false,6.25,1.000,0.000,none
noise,tone-1500Hz,35,0.0000,20,166.0,11.7,6,6,0.000,0.000,0.0,false,6.25,1.000,0.000,none
noise,tone-1500Hz,35,0.0000,20,166.0,11.7,6,6,0.000,0.000,0.0,false,6.25,1.000,0.000,none
noise,tone-1500Hz,35,0.0000,20,166.0,11.7,6,6,0.000,0.000,0.0,false,6.25,1.000,0.000,none
noise,tone-1500Hz,35,0.0000,20,166.0,11.7,6,6,0.000,0.000,0.0,false,6.25,1.000,0.000,none
noise,tone-1500Hz,35,0.0000,20,166.0,11.7,6,6,0.000,0.000,0.0,false,6.25,1.000,0.000,none
noise,tone-1500Hz,35,0.0000,20,166.0,11.7,6,6,0.000,0.000,0.0,false,6.25,1.000,0.000,none
noise,tone-1500Hz,35,0.0000,20,166.0,11.7,6,6,0.000,0.000,0.0,false,6.25,1.000,0.000,none
noise,tone-1500Hz,35,0.0000,20,166.0,11.7,6,6,0.000,0.000,0.0,false,6.25,1.000,0.000,none
noise,tone-1500Hz,35,0.0000,20,166.0,11.7,6,6,0.000,0.000,0.0,false,6.25,1.000,0.000,none
noise,tone-1500Hz,35,0.0000,20,166.0,11.7,6,6,0.000,0.000,0.0,false,6.25,1.000,0.000,none
noise,tone-1500Hz,35,0.0000,20,166.0,11.7,6,6,0.000,0.000,0.0,false,6.25,1.000,0.000,none
noise,tone-1500Hz,35,0.0000,20,166.0,11.7,6,6,0.000,0.000,0.0,false,6.25,1.000,0.000,none
noise,tone-1500Hz,35,0.0000,20,166.0,11.7,6,6,0.000,0.000,0.0,false,6.25,1.000,0.000,none
noise,tone-1500Hz,35,0.0000,20,166.0,11.7,6,6,0.000,0.000,0.0,false,6.25,1.000,0.000,none
noise,tone-1500Hz,35,0.0000,20,166.0,11.7,6,6,0.000,0.000,0.0,false,6.25,1.000,0.000,none
noise,tone-1500Hz,35,0.0000,20,166.0,11.7,6,6,0.000,0.000,0.0,false,6.25,1.000,0.000,none
noise,tone-1500Hz,35,0.0000,20,166.0,11.7,6,6,0.000,0.000,0.0,false,6.25,1.000,0.000,none
noise,tone-1500Hz,35,0.0000,20,166.0,11.7,6,6,0.000,0.000,0.0,false,6.25,1.000,0.000,none
noise,tone-1500Hz,35,0.0000,20,166.0,11.7,6,6,0.000,0.000,0.0,false,6.25,1.000,0.000,none
noise,tone-1500Hz,35,0.0000,20,166.0,11.7,6,6,0.000,0.000,0.0,false,6.25,1.000,0.000,none
noise,tone-1500Hz,35,0.0000,20,166.0,11.7,6,6,0.000,0.000,0.0,false,6.25,1.000,0.000,none
noise,tone-1500Hz,35,0.0000,20,166.0,11.7,6,6,0.000,0.000,0.0,false,6.25,1.000,0.000,none
noise,tone-1500Hz,35,0.0000,20,166.0,11.7,6,6,0.000,0.000,0.0,false,6.25,1.000,0.000,none
noise,tone-noise-20dB,46,0.0146,1,53.8,17.6,0,0,0.005,0.480,45.5,false,6.25,1.000,0.000,none
noise,tone-noise-20dB,41,0.0249,1,53.8,17.6,0,0,0.005,0.495,50.5,false,6.25,1.000,0.000,none
noise,tone-noise-20dB,46,0.0144,1,53.8,17.6,0,0,0.005,0.545,45.0,false,6.25,1.000,0.000,none
noise,tone-noise-20dB,41,0.0242,1,53.8,17.6,0,0,0.005,0.500,54.0,false,6.25,1.000,0.093,ft8
noise,tone-noise-20dB,46,0.0146,1,53.9,17.6,0,0,0.004,0.515,46.5,false,6.25,1.000,0.108,ft8
noise,tone-noise-20dB,46,0.0144,1,53.8,17.6,0,0,0.005,0.525,56.5,false,6.25,1.000,0.000,none
noise,tone-noise-20dB,46,0.0147,1,53.8,17.6,0,0,0.005,0.495,47.5,false,6.25,1.000,0.000,none
noise,tone-noise-20dB,41,0.0241,1,53.6,17.6,0,0,0.005,0.540,57.5,false,6.25,1.000,0.083,ft8
noise,tone-noise-20dB,41,0.0242,1,53.8,17.6,0,0,0.005,0.535,48.0,false,6.25,1.000,0.000,none
noise,tone-noise-20dB,46,0.0144,1,53.8,17.6,0,0,0.005,0.520,49.0,false,6.25,1.000,0.000,none
noise,tone-noise-20dB,46,0.0146,1,53.8,17.6,0,0,0.005,0.485,48.5,false,6.25,1.000,0.094,js8call
noise,tone-noise-20dB,46,0.0146,1,53.8,17.6,0,0,0.005,0.500,54.5,false,6.25,1.000,0.000,none
noise,tone-noise-20dB,46,0.0143,1,53.8,17.6,0,0,0.004,0.545,51.0,false,6.25,1.000,0.107,js8call
noise,tone-noise-20dB,46,0.0143,1,53.8,17.6,0,0,0.004,0.455,44.5,false,6.25,1.000,0.085,js8call
noise,tone-noise-20dB,41,0.0243,1,53.8,17.6,0,0,0.004,0.500,49.0,false,6.25,1.000,0.000,none
noise,tone-noise-20dB,46,0.0145,1,53.8,17.6,0,0,0.005,0.510,49.0,false,6.25,1.000,0.108,ft8
noise,tone-noise-20dB,46,0.0146,1,53.7,17.6,0,0,0.005,0.525,44.0,false,6.25,1.000,0.000,none
noise,tone-noise-20dB,46,0.0149,1,53.8,17.6,0,0,0.005,0.530,45.5,false,6.25,1.000,0.096,js8call
noise,tone-noise-20dB,41,0.0239,1,53.8,17.6,0,0,0.004,0.440,45.5,false,6.25,1.000,0.114,ft8
noise,tone-noise-20dB,46,0.0149,1,53.8,17.6,0,0,0.005,0.490,51.5,false,6.25,1.000,0.000,none
noise,tone-noise-20dB,46,0.0146,1,53.9,17.6,0,0,0.004,0.460,49.5,false,6.25,1.000,0.000,none
noise,tone-noise-20dB,46,0.0146,1,53.8,17.6,0,0,0.004,0.580,47.0,false,6.25,1.000,0.000,none
noise,tone-noise-20dB,46,0.0144,1,53.9,17.6,0,0,0.004,0.445,49.0,false,6.25,1.000,0.000,none
noise,tone-noise-20dB,46,0.0146,1,53.8,17.6,0,0,0.005,0.515,51.5,false,6.25,1.000,0.000,none
noise,tone-noise-20dB,46,0.0146,1,53.7,17.6,0,0,0.005,0.505,48.0,false,6.25,1.000,0.000,none
noise,tone-noise-20dB,46,0.0147,1,53.7,17.6,0,0,0.004,0.485,49.5,false,6.25,1.000,0.000,none
noise,tone-noise-20dB,46,0.0145,1,53.8,17.6,0,0,0.004,0.495,53.0,false,6.25,1.000,0.113,js8call
noise,tone-noise-20dB,46,0.0146,1,54.0,17.6,0,0,0.005,0.515,47.0,false,6.25,1.000,0.126,js8call
noise,tone-noise-20dB,52,0.0094,1,53.8,17.6,0,0,0.004,0.565,50.5,false,6.25,1.000,0.000,none
noise,tone-noise-20dB,46,0.0145,1,53.8,17.6,0,0,0.004,0.525,54.0,false,6.25,1.000,0.096,js8call
noise,tone-noise-10dB,29,0.0815,1,43.9,17.6,0,0,0.014,0.500,46.0,false,6.25,1.000,0.088,ft8
noise,tone-noise-10dB,29,0.0802,1,43.8,17.6,0,0,0.013,0.480,50.0,false,6.25,1.000,0.087,ft8
noise,tone-noise-10dB,29,0.0814,1,43.8,17.6,0,0,0.013,0.475,48.5,false,6.25,1.000,0.123,ft8
noise,tone-noise-10dB,29,0.0822,1,43.8,17.6,0,0,0.013,0.490,48.5,false,6.25,1.000,0.214,ft8
noise,tone-noise-10dB,29,0.0823,1,43.7,17.6,0,0,0.014,0.450,53.0,false,6.25,1.000,0.165,ft8
noise,tone-noise-10dB,29,0.0828,1,43.7,17.6,0,0,0.014,0.490,47.0,false,6.25,1.000,0.089,ft8
noise,tone-noise-10dB,29,0.0807,1,43.8,17.6,0,0,0.012,0.525,48.0,false,6.25,1.000,0.130,ft8
noise,tone-noise-10dB,29,0.0807,1,43.7,17.6,0,0,0.014,0.525,41.0,false,6.25,1.000,0.147,js8call
noise,tone-noise-10dB,29,0.0813,1,43.9,17.6,0,0,0.013,0.500,50.5,false,6.25,1.000,0.104,ft8
noise,tone-noise-10dB,29,0.0817,1,43.8,17.6,0,0,0.013,0.495,53.0,false,6.25,1.000,0.095,js8call
noise,tone-noise-10dB,29,0.0792,1,43.7,17.6,0,0,0.014,0.510,48.0,false,6.25,1.000,0.166,js8call
noise,tone-noise-10dB,29,0.0806,1,43.8,17.6,0,0,0.014,0.485,55.5,false,6.25,1.000,0.120,js8call
noise,tone-noise-10dB,29,0.0794,1,44.0,17.6,0,0,0.013,0.490,52.0,false,6.25,1.000,0.137,js8call
noise,tone-noise-10dB,29,0.0826,1,43.7,17.6,0,0,0.013,0.520,60.5,false,6.25,1.000,0.084,js8call
noise,tone-noise-10dB,29,0.0807,1,43.9,17.6,0,0,0.012,0.485,53.0,false,6.25,1.000,0.146,ft8
noise,tone-noise-10dB,29,0.0802,1,43.9,17.6,0,0,0.013,0.405,49.5,false,6.25,1.000,0.000,none
noise,tone-noise-10dB,29,0.0794,1,43.7,17.6,0,0,0.014,0.505,48.0,false,6.25,1.000,0.099,js8call
noise,tone-noise-10dB,29,0.0803,1,43.8,17.6,0,0,0.013,0.510,50.0,false,6.25,1.000,0.129,ft8
noise,tone-noise-10dB,29,0.0810,1,43.8,17.6,0,0,0.014,0.525,47.0,false,6.25,1.000,0.155,ft8
noise,tone-noise-10dB,29,0.0800,1,43.9,17.6,0,0,0.014,0.485,52.5,false,6.25,1.000,0.102,js8call
noise,tone-noise-10dB,29,0.0813,1,43.7,17.6,0,0,0.013,0.455,49.0,false,6.25,1.000,0.372,js8call
noise,tone-noise-10dB,29,0.0808,1,43.9,17.6,0,0,0.014,0.570,47.5,false,6.25,1.000,0.174,js8call
noise,tone-noise-10dB,29,0.0834,1,43.8,17.6,0,0,0.014,0.470,49.5,false,6.25,1.000,0.234,js8call
noise,tone-noise-10dB,29,0.0806,1,43.7,17.6,0,0,0.014,0.480,47.0,false,6.25,1.000,0.091,ft8
noise,tone-noise-10dB,29,0.0813,1,43.8,17.6,0,0,0.014,0.475,49.5,false,6.25,1.000,0.199,js8call
noise,tone-noise-10dB,29,0.0810,1,43.8,17.6,0,0,0.014,0.500,48.0,false,6.25,1.000,0.094,js8call
noise,tone-noise-10dB,29,0.0816,1,43.8,17.6,0,0,0.014,0.500,54.0,false,6.25,1.000,0.106,js8call
noise,tone-noise-10dB,29,0.0821,1,43.8,17.6,0,0,0.012,0.495,48.5,false,6.25,1.000,0.000,none
noise,tone-noise-10dB,29,0.0792,1,43.8,17.6,0,0,0.013,0.515,50.0,false,6.25,1.000,0.096,js8call
noise,tone-noise-10dB,29,0.0817,1,43.8,17.6,0,0,0.015,0.485,43.0,false,6.25,1.000,0.194,ft8
noise,ambient-0.5x,205,0.9735,19,10.4,281.2,2,0,0.226,0.425,37.5,false,6.25,1.000,0.348,js8call
noise,ambient-0.5x,164,0.9602,18,11.1,82.0,2,0,0.197,0.445,46.5,false,6.25,1.000,0.459,js8call
noise,ambient-0.5x,187,0.9559,17,11.3,281.2,2,0,0.197,0.450,44.5,false,31.25,1.000,0.331,js8call
noise,ambient-0.5x,187,0.9562,17,10.7,293.0,2,0,0.180,0.480,43.5,false,75.00,1.000,0.310,ft8
noise,ambient-0.5x,158,0.9676,16,10.2,351.6,2,0,0.246,0.475,37.5,false,6.25,1.000,0.308,js8call
noise,ambient-0.5x,169,0.9570,20,10.8,287.1,2,0,0.210,0.465,40.5,false,31.25,1.000,0.376,ft8
noise,ambient-0.5x,152,0.9658,15,11.2,310.5,4,0,0.220,0.465,40.0,false,31.25,1.000,0.307,js8call
noise,ambient-0.5x,181,0.9658,19,10.2,35.2,2,0,0.227,0.420,39.5,false,31.25,1.000,0.329,ft8
noise,ambient-0.5x,234,0.9728,17,10.4,304.7,2,0,0.193,0.460,43.0,false,62.50,1.000,0.259,ft8
noise,ambient-0.5x,123,0.9568,20,10.9,281.2,2,0,0.193,0.450,44.0,false,6.25,1.000,0.400,js8call
noise,ambient-0.5x,210,0.9565,20,10.8,287.1,2,0,0.206,0.445,46.0,false,31.25,1.000,0.270,js8call
noise,ambient-0.5x,181,0.9720,15,11.2,41.0,2,0,0.200,0.465,46.0,false,31.25,1.000,0.374,js8call
noise,ambient-0.5x,175,0.9625,14,10.2,339.8,2,0,0.208,0.425,44.5,false,62.50,1.000,0.304,ft8
noise,ambient-0.5x,199,0.9656,17,10.5,64.5,2,0,0.193,0.480,48.5,false,6.25,1.000,0.305,js8call
noise,ambient-0.5x,187,0.9632,15,11.5,23.4,2,0,0.206,0.440,45.0,false,45.45,1.000,0.456,ft8
noise,ambient-0.5x,117,0.9560,19,10.9,287.1,2,0,0.240,0.405,37.0,false,62.50,1.000,0.377,ft8
noise,ambient-0.5x,128,0.9522,20,11.8,41.0,2,0,0.203,0.480,48.5,false,31.25,1.000,0.507,ft8
noise,ambient-0.5x,146,0.9672,20,11.0,93.8,2,0,0.215,0.405,44.5,false,6.25,1.000,0.292,ft8
noise,ambient-0.5x,146,0.9584,14,11.1,263.7,3,0,0.220,0.465,47.0,false,45.45,1.000,0.286,js8call
noise,ambient-0.5x,181,0.9616,18,11.0,263.7,2,0,0.217,0.485,40.0,false,62.50,1.000,0.271,ft8
noise,ambient-0.5x,134,0.9533,19,10.2,293.0,2,0,0.203,0.425,41.5,false,6.25,1.000,0.409,ft8
noise,ambient-0.5x,158,0.9590,17,10.7,263.7,2,0,0.195,0.490,41.5,false,62.50,1.000,0.263,js8call
noise,ambient-0.5x,222,0.9678,20,10.5,322.3,2,0,0.262,0.505,48.0,false,6.25,1.000,0.295,js8call
noise,ambient-0.5x,152,0.9632,16,10.0,351.6,2,0,0.189,0.440,45.5,false,31.25,1.000,0.405,ft8
noise,ambient-0.5x,210,0.9807,20,10.6,351.6,4,0,0.173,0.450,46.5,false,62.50,1.000,0.313,ft8
noise,ambient-0.5x,111,0.9783,18,11.0,76.2,2,0,0.230,0.410,35.0,false,6.25,1.000,0.283,js8call
noise,ambient-0.5x,93,0.9660,16,11.2,246.1,2,0,0.224,0.460,47.0,false,6.25,1.000,0.375,js8call
noise,ambient-0.5x,193,0.9609,19,10.6,310.5,2,0,0.232,0.445,42.0,false,31.25,1.000,0.389,ft8
noise,ambient-0.5x,210,0.9599,15,10.2,287.1,2,0,0.226,0.455,39.5,false,31.25,1.000,0.304,ft8
noise,ambient-0.5x,240,0.9644,17,10.1,275.4,2,0,0.184,0.450,50.0,false,31.25,0.772,0.333,ft8
noise,ambient-1.0x,210,0.9544,19,10.9,52.7,2,0,0.208,0.440,44.0,false,45.45,1.000,0.446,ft8
noise,ambient-1.0x,164,0.9774,19,10.4,269.5,2,0,0.185,0.435,42.5,false,45.45,0.836,0.394,js8call
noise,ambient-1.0x,175,0.9370,16,11.6,257.8,2,0,0.224,0.480,43.0,false,62.50,1.000,0.289,js8call
noise,ambient-1.0x,175,0.9645,20,10.3,240.2,2,0,0.194,0.510,47.5,false,75.00,1.000,0.306,ft8
noise,ambient-1.0x,158,0.9757,15,11.1,246.1,2,0,0.226,0.480,48.0,false,75.00,1.000,0.327,ft8
noise,ambient-1.0x,123,0.9557,18,10.7,234.4,2,0,0.219,0.485,49.5,false,6.25,1.000,0.323,js8call
noise,ambient-1.0x,175,0.9569,17,10.6,293.0,2,0,0.228,0.385,39.0,false,62.50,1.000,0.237,ft8
noise,ambient-1.0x,216,0.9517,17,11.3,269.5,2,0,0.201,0.410,39.5,false,6.25,1.000,0.292,ft8
noise,ambient-1.0x,152,0.9676,17,10.9,269.5,2,0,0.217,0.455,35.5,false,6.25,1.000,0.331,js8call
noise,ambient-1.0x,246,0.9498,16,11.4,257.8,2,0,0.159,0.455,50.0,false,31.25,1.000,0.267,ft8
noise,ambient-1.0x,228,0.9672,16,10.5,128.9,2,0,0.203,0.460,41.5,false,6.25,1.000,0.284,js8call
noise,ambient-1.0x,228,0.9654,18,9.9,298.8,2,0,0.179,0.435,45.5,false,62.50,1.000,0.267,ft8
noise,ambient-1.0x,234,0.9627,19,10.8,58.6,2,0,0.207,0.435,34.5,false,6.25,1.000,0.266,js8call
noise,ambient-1.0x,140,0.9765,18,10.0,287.1,2,0,0.222,0.470,44.0,false,31.25,1.000,0.274,js8call
noise,ambient-1.0x,140,0.9608,15,11.1,269.5,2,0,0.221,0.475,44.5,false,31.25,1.000,0.251,js8call
noise,ambient-1.0x,105,0.9813,18,10.6,310.5,2,0,0.210,0.440,37.5,false,31.25,1.000,0.353,js8call
noise,ambient-1.0x,175,0.9570,18,11.0,228.5,2,0,0.195,0.460,44.0,false,62.50,1.000,0.324,js8call
noise,ambient-1.0x,205,0.9773,19,10.1,345.7,2,0,0.239,0.445,49.0,false,45.45,1.000,0.311,ft8
noise,ambient-1.0x,263,0.9474,15,11.2,252.0,2,0,0.209,0.460,41.0,false,31.25,1.000,0.348,ft8
noise,ambient-1.0x,175,0.9444,19,12.0,70.3,4,0,0.209,0.455,52.5,false,62.50,1.000,0.461,js8call
noise,ambient-1.0x,152,0.9762,20,10.3,316.4,2,0,0.204,0.420,43.0,false,45.45,1.000,0.393,ft8
noise,ambient-1.0x,193,0.9660,19,10.8,310.5,2,0,0.198,0.455,50.5,false,6.25,1.000,0.399,js8call
noise,ambient-1.0x,205,0.9678,18,10.0,351.6,2,0,0.202,0.440,43.5,false,62.50,1.000,0.317,js8call
noise,ambient-1.0x,152,0.9618,17,10.0,363.3,2,0,0.200,0.420,54.0,false,45.45,1.000,0.418,js8call
noise,ambient-1.0x,251,0.9595,20,10.7,252.0,2,0,0.218,0.455,44.5,false,31.25,1.000,0.310,js8call
noise,ambient-1.0x,257,0.9613,13,9.7,375.0,2,0,0.200,0.435,36.5,false,31.25,0.983,0.362,js8call
noise,ambient-1.0x,146,0.9697,17,9.5,281.2,2,0,0.228,0.455,43.0,false,100.00,1.000,0.352,ft8
noise,ambient-1.0x,205,0.9757,20,10.2,322.3,2,0,0.216,0.480,41.5,false,62.50,1.000,0.338,ft8
noise,ambient-1.0x,128,0.9584,20,11.1,252.0,2,0,0.217,0.460,43.0,false,31.25,1.000,0.331,js8call
noise,ambient-1.0x,105,0.9815,15,10.0,316.4,2,0,0.199,0.450,39.0,false,6.25,1.000,0.327,ft8
noise,ambient-2.0x,140,0.9738,20,10.6,293.0,2,0,0.224,0.455,44.0,false,6.25,1.000,0.359,js8call
noise,ambient-2.0x,123,0.9800,15,10.3,334.0,2,0,0.200,0.450,41.5,false,6.25,1.000,0.268,ft8
noise,ambient-2.0x,187,0.9603,19,11.2,281.2,2,0,0.204,0.510,47.0,false,31.25,1.000,0.344,ft8
noise,ambient-2.0x,181,0.9644,16,11.0,228.5,2,0,0.214,0.430,43.0,false,6.25,1.000,0.328,js8call
noise,ambient-2.0x,164,0.9720,20,10.5,351.6,2,0,0.210,0.460,43.0,false,75.00,1.000,0.437,ft8
noise,ambient-2.0x,205,0.9697,15,10.6,298.8,2,0,0.201,0.445,39.5,false,45.45,1.000,0.329,ft8
noise,ambient-2.0x,140,0.9732,16,10.6,287.1,2,0,0.183,0.490,45.0,false,31.25,1.000,0.281,js8call
noise,ambient-2.0x,82,0.9668,18,10.5,76.2,2,0,0.212,0.430,43.5,false,62.50,1.000,0.304,ft8
noise,ambient-2.0x,187,0.9710,17,10.8,269.5,2,0,0.210,0.440,38.0,false,6.25,1.000,0.320,ft8
noise,ambient-2.0x,246,0.9495,18,11.6,234.4,2,0,0.243,0.385,38.0,false,6.25,1.000,0.244,ft8
noise,ambient-2.0x,181,0.9666,16,10.0,351.6,2,0,0.208,0.455,38.0,false,31.25,1.000,0.370,js8call
noise,ambient-2.0x,128,0.9584,18,11.1,246.1,2,0,0.208,0.390,39.0,false,6.25,1.000,0.381,js8call
noise,ambient-2.0x,246,0.9562,19,11.5,64.5,2,0,0.220,0.430,42.0,false,6.25,1.000,0.401,ft8
noise,ambient-2.0x,140,0.9710,19,10.5,328.1,2,0,0.209,0.435,46.0,false,31.25,1.000,0.324,ft8
noise,ambient-2.0x,251,0.9663,17,10.6,257.8,2,0,0.190,0.405,50.0,false,62.50,1.000,0.309,ft8
noise,ambient-2.0x,187,0.9707,18,10.5,293.0,2,0,0.239,0.435,41.0,false,62.50,1.000,0.261,js8call
noise,ambient-2.0x,175,0.9675,17,10.2,310.5,2,0,0.215,0.455,43.0,false,31.25,1.000,0.347,ft8
noise,ambient-2.0x,205,0.9719,18,10.4,281.2,2,0,0.173,0.460,48.5,false,62.50,1.000,0.283,ft8
noise,ambient-2.0x,187,0.9819,17,9.8,392.6,0,0,0.198,0.415,41.0,false,6.25,1.000,0.282,js8call
noise,ambient-2.0x,275,0.9646,15,10.3,41.0,2,0,0.220,0.480,39.0,false,6.25,1.000,0.380,js8call
noise,ambient-2.0x,164,0.9495,17,12.0,64.5,2,0,0.220,0.480,42.5,false,100.00,1.000,0.256,ft8
noise,ambient-2.0x,175,0.9772,18,10.9,58.6,2,0,0.211,0.410,43.0,false,31.25,1.000,0.344,js8call
noise,ambient-2.0x,105,0.9575,16,10.7,293.0,2,0,0.218,0.435,41.0,false,45.45,1.000,0.339,js8call
noise,ambient-2.0x,234,0.9701,15,11.1,23.4,2,1,0.198,0.480,44.5,false,62.50,1.000,0.325,js8call
noise,ambient-2.0x,228,0.9531,19,13.0,222.7,4,0,0.207,0.450,42.0,false,31.25,1.000,0.346,js8call
noise,ambient-2.0x,169,0.9520,17,11.6,240.2,2,0,0.210,0.415,45.5,false,6.25,1.000,0.416,ft8
noise,ambient-2.0x,240,0.9534,15,10.8,82.0,2,0,0.228,0.410,40.0,false,31.25,1.000,0.434,js8call
noise,ambient-2.0x,216,0.9537,16,12.1,240.2,2,0,0.192,0.475,42.0,false,6.25,1.000,0.376,ft8
noise,ambient-2.0x,210,0.9671,17,10.7,275.4,2,0,0.219,0.400,43.0,false,6.25,1.000,0.346,ft8
noise,ambient-2.0x,199,0.9691,20,11.0,281.2,2,0,0.220,0.475,44.5,false,31.25,1.000,0.259,js8call
noise,hum-2pct,246,0.0114,20,49.7,11.7,12,9,0.208,0.400,80.0,false,6.25,1.000,0.162,ft8
noise,hum-2pct,246,0.0114,20,49.7,11.7,12,9,0.208,0.400,80.0,false,6.25,1.000,0.162,ft8
noise,hum-2pct,246,0.0114,20,49.7,11.7,12,9,0.208,0.400,80.0,false,6.25,1.000,0.162,ft8
noise,hum-2pct,246,0.0114,20,49.7,11.7,12,9,0.208,0.400,80.0,false,6.25,1.000,0.162,ft8
noise,hum-2pct,246,0.0114,20,49.7,11.7,12,9,0.208,0.400,80.0,false,6.25,1.000,0.162,ft8
noise,hum-2pct,246,0.0114,20,49.7,11.7,12,9,0.208,0.400,80.0,false,6.25,1.000,0.162,ft8
noise,hum-2pct,246,0.0114,20,49.7,11.7,12,9,0.208,0.400,80.0,false,6.25,1.000,0.162,ft8
noise,hum-2pct,246,0.0114,20,49.7,11.7,12,9,0.208,0.400,80.0,false,6.25,1.000,0.162,ft8
noise,hum-2pct,246,0.0114,20,49.7,11.7,12,9,0.208,0.400,80.0,false,6.25,1.000,0.162,ft8
noise,hum-2pct,246,0.0114,20,49.7,11.7,12,9,0.208,0.400,80.0,false,6.25,1.000,0.162,ft8
noise,hum-2pct,246,0.0114,20,49.7,11.7,12,9,0.208,0.400,80.0,false,6.25,1.000,0.162,ft8
noise,hum-2pct,246,0.0114,20,49.7,11.7,12,9,0.208,0.400,80.0,false,6.25,1.000,0.162,ft8
noise,hum-2pct,246,0.0114,20,49.7,11.7,12,9,0.208,0.400,80.0,false,6.25,1.000,0.162,ft8
noise,hum-2pct,246,0.0114,20,49.7,11.7,12,9,0.208,0.400,80.0,false,6.25,1.000,0.162,ft8
noise,hum-2pct,246,0.0114,20,49.7,11.7,12,9,0.208,0.400,80.0,false,6.25,1.000,0.162,ft8
noise,hum-2pct,246,0.0114,20,49.7,11.7,12,9,0.208,0.400,80.0,false,6.25,1.000,0.162,ft8
noise,hum-2pct,246,0.0114,20,49.7,11.7,12,9,0.208,0.400,80.0,false,6.25,1.000,0.162,ft8
noise,hum-2pct,246,0.0114,20,49.7,11.7,12,9,0.208,0.400,80.0,false,6.25,1.000,0.162,ft8
noise,hum-2pct,246,0.0114,20,49.7,11.7,12,9,0.208,0.400,80.0,false,6.25,1.000,0.162,ft8
noise,hum-2pct,246,0.0114,20,49.7,11.7,12,9,0.208,0.400,80.0,false,6.25,1.000,0.162,ft8
noise,hum-2pct,246,0.0114,20,49.7,11.7,12,9,0.208,0.400,80.0,false,6.25,1.000,0.162,ft8
noise,hum-2pct,246,0.0114,20,49.7,11.7,12,9,0.208,0.400,80.0,false,6.25,1.000,0.162,ft8
noise,hum-2pct,246,0.0114,20,49.7,11.7,12,9,0.208,0.400,80.0,false,6.25,1.000,0.162,ft8
noise,hum-2pct,246,0.0114,20,49.7,11.7,12,9,0.208,0.400,80.0,false,6.25,1.000,0.162,ft8
noise,hum-2pct,246,0.0114,20,49.7,11.7,12,9,0.208,0.400,80.0,false,6.25,1.000,0.162,ft8
noise,hum-2pct,246,0.0114,20,49.7,11.7,12,9,0.208,0.400,80.0,false,6.25,1.000,0.162,ft8
noise,hum-2pct,246,0.0114,20,49.7,11.7,12,9,0.208,0.400,80.0,false,6.25,1.000,0.162,ft8
noise,hum-2pct,246,0.0114,20,49.7,11.7,12,9,0.208,0.400,80.0,false,6.25,1.000,0.162,ft8
noise,hum-2pct,246,0.0114,20,49.7,11.7,12,9,0.208,0.400,80.0,false,6.25,1.000,0.162,ft8
noise,hum-2pct,246,0.0114,20,49.7,11.7,12,9,0.208,0.400,80.0,false,6.25,1.000,0.162,ft8
noise,hum-5pct,410,0.0025,20,47.7,11.7,12,8,0.208,0.400,80.0,false,6.25,1.000,0.162,ft8
noise,hum-5pct,410,0.0025,20,47.7,11.7,12,8,0.208,0.400,80.0,false,6.25,1.000,0.162,ft8
noise,hum-5pct,410,0.0025,20,47.7,11.7,12,8,0.208,0.400,80.0,false,6.25,1.000,0.162,ft8
noise,hum-5pct,410,0.0025,20,47.7,11.7,12,8,0.208,0.400,80.0,false,6.25,1.000,0.162,ft8
noise,hum-5pct,410,0.0025,20,47.7,11.7,12,8,0.208,0.400,80.0,false,6.25,1.000,0.162,ft8
noise,hum-5pct,410,0.0025,20,47.7,11.7,12,8,0.208,0.400,80.0,false,6.25,1.000,0.162,ft8
noise,hum-5pct,410,0.0025,20,47.7,11.7,12,8,0.208,0.400,80.0,false,6.25,1.000,0.162,ft8
noise,hum-5pct,410,0.0025,20,47.7,11.7,12,8,0.208,0.400,80.0,false,6.25,1.000,0.162,ft8
noise,hum-5pct,410,0.0025,20,47.7,11.7,12,8,0.208,0.400,80.0,false,6.25,1.000,0.162,ft8
noise,hum-5pct,410,0.0025,20,47.7,11.7,12,8,0.208,0.400,80.0,false,6.25,1.000,0.162,ft8
noise,hum-5pct,410,0.0025,20,47.7,11.7,12,8,0.208,0.400,80.0,false,6.25,1.000,0.162,ft8
noise,hum-5pct,410,0.0025,20,47.7,11.7,12,8,0.208,0.400,80.0,false,6.25,1.000,0.162,ft8
noise,hum-5pct,410,0.0025,20,47.7,11.7,12,8,0.208,0.400,80.0,false,6.25,1.000,0.162,ft8
noise,hum-5pct,410,0.0025,20,47.7,11.7,12,8,0.208,0.400,80.0,false,6.25,1.000,0.162,ft8
noise,hum-5pct,410,0.0025,20,47.7,11.7,12,8,0.208,0.400,80.0,false,6.25,1.000,0.162,ft8
noise,hum-5pct,410,0.0025,20,47.7,11.7,12,8,0.208,0.400,80.0,false,6.25,1.000,0.162,ft8
noise,hum-5pct,410,0.0025,20,47.7,11.7,12,8,0.208,0.400,80.0,false,6.25,1.000,0.162,ft8
noise,hum-5pct,410,0.0025,20,47.7,11.7,12,8,0.208,0.400,80.0,false,6.25,1.000,0.162,ft8
noise,hum-5pct,410,0.0025,20,47.7,11.7,12,8,0.208,0.400,80.0,false,6.25,1.000,0.162,ft8
noise,hum-5pct,410,0.0025,20,47.7,11.7,12,8,0.208,0.400,80.0,false,6.25,1.000,0.162,ft8
noise,hum-5pct,410,0.0025,20,47.7,11.7,12,8,0.208,0.400,80.0,false,6.25,1.000,0.162,ft8
noise,hum-5pct,410,0.0025,20,47.7,11.7,12,8,0.208,0.400,80.0,false,6.25,1.000,0.162,ft8
noise,hum-5pct,410,0.0025,20,47.7,11.7,12,8,0.208,0.400,80.0,false,6.25,1.000,0.162,ft8
noise,hum-5pct,410,0.0025,20,47.7,11.7,12,8,0.208,0.400,80.0,false,6.25,1.000,0.162,ft8
noise,hum-5pct,410,0.0025,20,47.7,11.7,12,8,0.208,0.400,80.0,false,6.25,1.000,0.162,ft8
noise,hum-5pct,410,0.0025,20,47.7,11.7,12,8,0.208,0.400,80.0,false,6.25,1.000,0.162,ft8
noise,hum-5pct,410,0.0025,20,47.7,11.7,12,8,0.208,0.400,80.0,false,6.25,1.000,0.162,ft8
noise,hum-5pct,410,0.0025,20,47.7,11.7,12,8,0.208,0.400,80.0,false,6.25,1.000,0.162,ft8
noise,hum-5pct,410,0.0025,20,47.7,11.7,12,8,0.208,0.400,80.0,false,6.25,1.000,0.162,ft8
noise,hum-5pct,410,0.0025,20,47.7,11.7,12,8,0.208,0.400,80.0,false,6.25,1.000,0.162,ft8
noise,hum-10pct,492,0.0012,20,49.2,11.7,12,8,0.208,0.400,80.0,false,6.25,1.000,0.162,ft8
noise,hum-10pct,492,0.0012,20,49.2,11.7,12,8,0.208,0.400,80.0,false,6.25,1.000,0.162,ft8
noise,hum-10pct,492,0.0012,20,49.2,11.7,12,8,0.208,0.400,80.0,false,6.25,1.000,0.162,ft8
noise,hum-10pct,492,0.0012,20,49.2,11.7,12,8,0.208,0.400,80.0,false,6.25,1.000,0.162,ft8
noise,hum-10pct,492,0.0012,20,49.2,11.7,12,8,0.208,0.400,80.0,false,6.25,1.000,0.162,ft8
noise,hum-10pct,492,0.0012,20,49.2,11.7,12,8,0.208,0.400,80.0,false,6.25,1.000,0.162,ft8
noise,hum-10pct,492,0.0012,20,49.2,11.7,12,8,0.208,0.400,80.0,false,6.25,1.000,0.162,ft8
noise,hum-10pct,492,0.0012,20,49.2,11.7,12,8,0.208,0.400,80.0,false,6.25,1.000,0.162,ft8
noise,hum-10pct,492,0.0012,20,49.2,11.7,12,8,0.208,0.400,80.0,false,6.25,1.000,0.162,ft8
noise,hum-10pct,492,0.0012,20,49.2,11.7,12,8,0.208,0.400,80.0,false,6.25,1.000,0.162,ft8
noise,hum-10pct,492,0.0012,20,49.2,11.7,12,8,0.208,0.400,80.0,false,6.25,1.000,0.162,ft8
noise,hum-10pct,492,0.0012,20,49.2,11.7,12,8,0.208,0.400,80.0,false,6.25,1.000,0.162,ft8
noise,hum-10pct,492,0.0012,20,49.2,11.7,12,8,0.208,0.400,80.0,false,6.25,1.000,0.162,ft8
noise,hum-10pct,492,0.0012,20,49.2,11.7,12,8,0.208,0.400,80.0,false,6.25,1.000,0.162,ft8
noise,hum-10pct,492,0.0012,20,49.2,11.7,12,8,0.208,0.400,80.0,false,6.25,1.000,0.162,ft8
noise,hum-10pct,492,0.0012,20,49.2,11.7,12,8,0.208,0.400,80.0,false,6.25,1.000,0.162,ft8
noise,hum-10pct,492,0.0012,20,49.2,11.7,12,8,0.208,0.400,80.0,false,6.25,1.000,0.162,ft8
noise,hum-10pct,492,0.0012,20,49.2,11.7,12,8,0.208,0.400,80.0,false,6.25,1.000,0.162,ft8
noise,hum-10pct,492,0.0012,20,49.2,11.7,12,8,0.208,0.400,80.0,false,6.25,1.000,0.162,ft8
noise,hum-10pct,492,0.0012,20,49.2,11.7,12,8,0.208,0.400,80.0,false,6.25,1.000,0.162,ft8
noise,hum-10pct,492,0.0012,20,49.2,11.7,12,8,0.208,0.400,80.0,false,6.25,1.000,0.162,ft8
noise,hum-10pct,492,0.0012,20,49.2,11.7,12,8,0.208,0.400,80.0,false,6.25,1.000,0.162,ft8
noise,hum-10pct,492,0.0012,20,49.2,11.7,12,8,0.208,0.400,80.0,false,6.25,1.000,0.162,ft8
noise,hum-10pct,492,0.0012,20,49.2,11.7,12,8,0.208,0.400,80.0,false,6.25,1.000,0.162,ft8
noise,hum-10pct,492,0.0012,20,49.2,11.7,12,8,0.208,0.400,80.0,false,6.25,1.000,0.162,ft8
noise,hum-10pct,492,0.0012,20,49.2,11.7,12,8,0.208,0.400,80.0,false,6.25,1.000,0.162,ft8
noise,hum-10pct,492,0.0012,20,49.2,11.7,12,8,0.208,0.400,80.0,false,6.25,1.000,0.162,ft8
noise,hum-10pct,492,0.0012,20,49.2,11.7,12,8,0.208,0.400,80.0,false,6.25,1.000,0.162,ft8
noise,hum-10pct,492,0.0012,20,49.2,11.7,12,8,0.208,0.400,80.0,false,6.25,1.000,0.162,ft8
noise,hum-10pct,492,0.0012,20,49.2,11.7,12,8,0.208,0.400,80.0,false,6.25,1.000,0.162,ft8
noise,pink-0.5x,152,0.9670,20,10.9,293.0,4,0,0.210,0.420,40.0,false,62.50,1.000,0.358,js8call
noise,pink-0.5x,181,0.9555,18,11.2,298.8,2,0,0.203,0.490,42.0,false,6.25,1.000,0.257,ft8
noise,pink-0.5x,246,0.9467,19,11.5,252.0,2,0,0.183,0.470,42.5,false,31.25,1.000,0.263,ft8
noise,pink-0.5x,93,0.9683,17,10.4,304.7,2,0,0.212,0.440,42.5,false,6.25,1.000,0.398,js8call
noise,pink-0.5x,263,0.9504,17,11.5,246.1,2,0,0.234,0.395,40.0,false,31.25,1.000,0.349,ft8
noise,pink-0.5x,210,0.9509,18,11.4,269.5,2,0,0.171,0.460,47.0,false,45.45,1.000,0.342,ft8
noise,pink-0.5x,181,0.9837,19,9.7,334.0,0,0,0.181,0.480,48.0,false,45.45,1.000,0.410,ft8
noise,pink-0.5x,210,0.9453,17,11.3,275.4,2,0,0.210,0.450,47.5,false,31.25,1.000,0.322,js8call
noise,pink-0.5x,146,0.9599,17,11.4,234.4,2,0,0.220,0.475,44.5,false,45.45,1.000,0.364,ft8
noise,pink-0.5x,240,0.9564,18,11.3,304.7,2,0,0.216,0.425,41.5,false,62.50,1.000,0.312,js8call
noise,pink-0.5x,140,0.9759,18,10.7,222.7,2,0,0.224,0.425,41.5,false,6.25,1.000,0.363,ft8
noise,pink-0.5x,175,0.9540,17,11.8,52.7,2,0,0.190,0.455,46.0,false,31.25,1.000,0.287,ft8
noise,pink-0.5x,123,0.9788,16,10.0,316.4,2,0,0.224,0.460,44.0,false,6.25,1.000,0.348,ft8
noise,pink-0.5x,222,0.9415,20,11.6,257.8,2,0,0.202,0.435,46.5,false,45.45,1.000,0.318,js8call
noise,pink-0.5x,123,0.9779,14,10.3,298.8,2,0,0.214,0.440,45.0,false,62.50,1.000,0.357,ft8
noise,pink-0.5x,187,0.9727,17,10.2,111.3,2,0,0.208,0.475,45.5,false,6.25,1.000,0.334,ft8
noise,pink-0.5x,187,0.9704,19,10.3,316.4,2,0,0.196,0.430,49.5,false,45.45,1.000,0.338,ft8
noise,pink-0.5x,175,0.9651,19,10.8,41.0,3,0,0.195,0.445,42.0,false,6.25,1.000,0.321,ft8
noise,pink-0.5x,99,0.9775,20,10.4,287.1,2,0,0.215,0.445,39.0,false,62.50,1.000,0.505,js8call
noise,pink-0.5x,164,0.9678,20,10.9,263.7,2,0,0.206,0.450,38.0,false,75.00,1.000,0.445,js8call
noise,pink-0.5x,193,0.9717,16,10.0,293.0,2,0,0.208,0.475,46.0,false,6.25,1.000,0.325,ft8
noise,pink-0.5x,193,0.9759,17,9.9,357.4,0,0,0.216,0.470,40.0,false,6.25,1.000,0.363,ft8
noise,pink-0.5x,234,0.9639,18,11.1,228.5,3,0,0.201,0.445,47.0,false,6.25,1.000,0.296,ft8
noise,pink-0.5x,234,0.9617,20,11.4,228.5,2,0,0.231,0.415,35.5,false,6.25,1.000,0.351,ft8
noise,pink-0.5x,181,0.9742,16,11.1,240.2,2,0,0.182,0.400,45.0,false,62.50,1.000,0.326,ft8
noise,pink-0.5x,181,0.9513,16,11.1,269.5,2,0,0.218,0.415,41.5,false,6.25,1.000,0.432,ft8
noise,pink-0.5x,169,0.9631,17,10.3,316.4,2,0,0.210,0.455,47.5,false,31.25,1.000,0.337,ft8
noise,pink-0.5x,181,0.9711,19,10.6,263.7,2,0,0.242,0.430,45.5,false,6.25,1.000,0.526,ft8
noise,pink-0.5x,193,0.9709,18,10.6,316.4,2,0,0.204,0.465,42.5,false,100.00,1.000,0.354,js8call
noise,pink-0.5x,164,0.9686,20,10.8,87.9,2,0,0.190,0.465,47.5,false,31.25,1.000,0.324,js8call
noise,pink-1.0x,210,0.9456,15,10.7,281.2,2,0,0.208,0.460,38.0,false,31.25,1.000,0.365,ft8
noise,pink-1.0x,164,0.9606,20,11.8,52.7,2,0,0.203,0.455,43.0,false,6.25,1.000,0.379,ft8
noise,pink-1.0x,234,0.9759,16,10.4,322.3,2,0,0.235,0.430,41.0,false,6.25,1.000,0.329,js8call
noise,pink-1.0x,128,0.9556,18,10.7,234.4,2,0,0.166,0.440,45.5,false,6.25,1.000,0.267,ft8
noise,pink-1.0x,240,0.9591,14,10.7,82.0,2,0,0.224,0.435,42.0,false,31.25,1.000,0.388,js8call
noise,pink-1.0x,152,0.9742,13,10.6,339.8,2,0,0.220,0.425,43.5,false,31.25,1.000,0.316,js8call
noise,pink-1.0x,146,0.9568,16,10.7,257.8,2,0,0.190,0.435,44.5,false,62.50,1.000,0.275,js8call
noise,pink-1.0x,169,0.9511,18,11.6,252.0,2,0,0.184,0.440,43.5,false,6.25,1.000,0.308,ft8
noise,pink-1.0x,175,0.9651,16,10.2,287.1,2,0,0.185,0.450,46.5,false,45.45,1.000,0.384,js8call
noise,pink-1.0x,281,0.9729,16,11.3,240.2,2,0,0.242,0.450,42.5,false,6.25,1.000,0.296,js8call
noise,pink-1.0x,169,0.9690,14,11.2,281.2,2,0,0.222,0.465,34.0,false,6.25,1.000,0.412,ft8
noise,pink-1.0x,187,0.9718,18,10.6,304.7,2,0,0.212,0.480,48.5,false,6.25,1.000,0.320,ft8
noise,pink-1.0x,99,0.9733,20,10.9,263.7,2,0,0.177,0.465,47.0,false,62.50,1.000,0.265,js8call
noise,pink-1.0x,123,0.9783,19,11.4,257.8,3,0,0.221,0.435,39.0,false,31.25,1.000,0.321,js8call
noise,pink-1.0x,316,0.9704,16,10.5,52.7,4,0,0.197,0.475,45.5,false,45.45,1.000,0.541,js8call
noise,pink-1.0x,164,0.9628,17,11.8,35.2,2,0,0.227,0.450,42.5,false,6.25,1.000,0.302,js8call
noise,pink-1.0x,169,0.9729,19,10.4,304.7,2,0,0.215,0.395,41.5,false,6.25,1.000,0.439,js8call
noise,pink-1.0x,175,0.9804,19,10.3,351.6,2,0,0.208,0.445,37.5,false,31.25,1.000,0.308,ft8
noise,pink-1.0x,146,0.9688,18,10.9,263.7,2,0,0.206,0.430,47.0,false,45.45,1.000,0.253,js8call
noise,pink-1.0x,181,0.9719,14,10.4,304.7,2,0,0.191,0.425,40.0,false,6.25,1.000,0.344,js8call
noise,pink-1.0x,169,0.9523,17,11.3,269.5,3,0,0.219,0.435,39.5,false,31.25,1.000,0.415,ft8
noise,pink-1.0x,246,0.9515,19,10.9,287.1,2,0,0.202,0.475,47.5,false,6.25,1.000,0.483,ft8
noise,pink-1.0x,93,0.9780,18,10.6,298.8,2,0,0.231,0.465,44.0,false,62.50,1.000,0.274,js8call
noise,pink-1.0x,140,0.9712,17,11.2,228.5,2,0,0.225,0.405,44.5,false,45.45,1.000,0.341,ft8
noise,pink-1.0x,70,0.9731,16,10.8,263.7,2,0,0.179,0.445,53.0,false,45.45,1.000,0.306,js8call
noise,pink-1.0x,169,0.9762,20,10.0,82.0,0,0,0.221,0.470,41.5,false,6.25,1.000,0.366,ft8
noise,pink-1.0x,105,0.9649,16,11.6,257.8,2,0,0.221,0.410,44.5,false,31.25,1.000,0.210,ft8
noise,pink-1.0x,128,0.9618,17,11.5,246.1,2,0,0.185,0.445,47.5,false,45.45,1.000,0.249,js8call
noise,pink-1.0x,169,0.9484,16,11.3,82.0,2,0,0.233,0.445,44.5,false,6.25,1.000,0.302,js8call
noise,pink-1.0x,187,0.9822,18,10.0,357.4,2,0,0.202,0.470,41.5,false,62.50,1.000,0.407,js8call
noise,pink-2.0x,199,0.9610,19,10.6,275.4,2,0,0.198,0.495,34.5,false,31.25,1.000,0.370,js8call
noise,pink-2.0x,193,0.9579,20,11.3,263.7,2,0,0.189,0.430,49.0,false,31.25,1.000,0.404,ft8
noise,pink-2.0x,140,0.9901,19,9.5,351.6,0,0,0.200,0.485,40.0,false,6.25,1.000,0.305,js8call
noise,pink-2.0x,164,0.9597,16,11.8,263.7,2,0,0.205,0.435,41.0,false,31.25,1.000,0.293,ft8
noise,pink-2.0x,246,0.9527,19,11.1,275.4,2,0,0.195,0.405,42.0,false,6.25,1.000,0.353,ft8
noise,pink-2.0x,210,0.9707,20,10.6,281.2,4,0,0.221,0.480,40.0,false,6.25,1.000,0.335,ft8
noise,pink-2.0x,199,0.9715,17,10.5,334.0,2,0,0.190,0.445,44.5,false,6.25,1.000,0.305,js8call
noise,pink-2.0x,210,0.9692,20,10.2,322.3,2,0,0.214,0.430,44.0,false,31.25,1.000,0.311,js8call
noise,pink-2.0x,222,0.9730,14,11.2,246.1,2,0,0.191,0.465,44.0,false,31.25,1.000,0.324,ft8
noise,pink-2.0x,263,0.9610,16,10.7,58.6,2,0,0.215,0.480,42.5,false,6.25,1.000,0.263,ft8
noise,pink-2.0x,169,0.9650,16,11.4,281.2,2,0,0.201,0.445,41.0,false,6.25,1.000,0.504,js8call
noise,pink-2.0x,222,0.9603,17,11.3,234.4,2,0,0.209,0.435,38.0,false,31.25,1.000,0.275,ft8
noise,pink-2.0x,210,0.9709,15,10.1,351.6,2,0,0.196,0.495,46.5,false,6.25,1.000,0.268,js8call
noise,pink-2.0x,123,0.9695,17,10.6,293.0,2,0,0.215,0.435,43.5,false,6.25,1.000,0.262,ft8
noise,pink-2.0x,158,0.9655,17,11.1,82.0,2,0,0.195,0.380,36.0,false,45.45,1.000,0.326,ft8
noise,pink-2.0x,187,0.9702,15,10.8,298.8,2,0,0.206,0.425,45.0,false,6.25,1.000,0.304,js8call
noise,pink-2.0x,228,0.9620,18,10.5,316.4,2,0,0.225,0.425,41.5,false,6.25,1.000,0.273,js8call
noise,pink-2.0x,105,0.9798,18,10.6,222.7,2,0,0.218,0.470,47.0,false,45.45,1.000,0.357,ft8
noise,pink-2.0x,152,0.9657,16,11.2,263.7,2,0,0.200,0.480,45.5,false,31.25,1.000,0.368,js8call
noise,pink-2.0x,210,0.9578,19,11.1,257.8,2,0,0.211,0.470,46.5,false,75.00,0.855,0.276,ft8
noise,pink-2.0x,228,0.9605,20,10.3,17.6,3,0,0.192,0.475,42.0,false,31.25,1.000,0.296,ft8
noise,pink-2.0x,228,0.9676,14,10.5,316.4,2,0,0.210,0.425,42.0,false,31.25,1.000,0.568,js8call
noise,pink-2.0x,93,0.9853,18,10.4,304.7,2,0,0.231,0.425,43.0,false,75.00,1.000,0.385,js8call
noise,pink-2.0x,193,0.9743,19,10.2,322.3,2,0,0.208,0.440,47.0,false,45.45,1.000,0.360,ft8
noise,pink-2.0x,210,0.9693,19,10.6,328.1,3,0,0.224,0.445,43.0,false,6.25,1.000,0.330,js8call
noise,pink-2.0x,117,0.9725,17,11.1,76.2,2,0,0.219,0.395,45.0,false,31.25,1.000,0.269,js8call
noise,pink-2.0x,175,0.9760,20,10.2,345.7,2,0,0.219,0.425,43.5,false,31.25,1.000,0.303,js8call
noise,pink-2.0x,275,0.9567,19,10.8,257.8,2,0,0.220,0.480,38.5,false,75.00,1.000,0.505,ft8
noise,pink-2.0x,199,0.9779,20,10.3,386.7,2,0,0.186,0.405,34.5,false,31.25,1.000,0.447,js8call
noise,pink-2.0x,205,0.9585,19,11.2,269.5,2,0,0.221,0.460,43.0,false,31.25,1.000,0.382,ft8
noise,room-quiet,181,0.9566,17,11.5,228.5,2,0,0.189,0.425,43.0,false,62.50,1.000,0.318,ft8
noise,room-quiet,140,0.9774,15,10.1,345.7,3,0,0.208,0.455,45.0,false,31.25,1.000,0.431,js8call
noise,room-quiet,216,0.9709,15,10.5,257.8,2,0,0.205,0.470,44.5,false,6.25,1.000,0.440,ft8
noise,room-quiet,146,0.9739,17,10.6,322.3,2,0,0.222,0.435,43.5,false,31.25,1.000,0.334,js8call
noise,room-quiet,123,0.9529,17,11.3,64.5,2,0,0.214,0.465,44.0,false,6.25,1.000,0.372,ft8
noise,room-quiet,169,0.9609,18,10.2,316.4,2,0,0.204,0.455,44.0,false,31.25,1.000,0.315,js8call
noise,room-quiet,181,0.9603,17,11.4,281.2,2,0,0.223,0.425,40.0,false,6.25,1.000,0.316,js8call
noise,room-quiet,134,0.9545,17,11.0,316.4,2,0,0.185,0.465,43.0,false,6.25,1.000,0.386,js8call
noise,room-quiet,205,0.9580,20,11.3,46.9,2,0,0.205,0.445,39.0,false,6.25,1.000,0.294,ft8
noise,room-quiet,175,0.9578,16,11.0,293.0,2,0,0.201,0.445,45.5,false,31.25,1.000,0.394,ft8
noise,room-quiet,205,0.9658,19,11.9,70.3,2,0,0.187,0.475,48.0,false,31.25,1.000,0.287,ft8
noise,room-quiet,181,0.9831,15,9.6,392.6,2,0,0.193,0.465,40.5,false,6.25,1.000,0.317,js8call
noise,room-quiet,216,0.9576,16,11.3,263.7,2,0,0.206,0.490,50.0,false,31.25,1.000,0.257,ft8
noise,room-quiet,99,0.9805,20,9.9,304.7,0,0,0.222,0.440,41.0,false,6.25,1.000,0.294,ft8
noise,room-quiet,234,0.9701,16,10.9,351.6,2,0,0.188,0.475,49.5,false,31.25,1.000,0.238,ft8
noise,room-quiet,123,0.9670,18,10.2,304.7,2,0,0.208,0.450,45.5,false,6.25,1.000,0.280,js8call
noise,room-quiet,134,0.9677,20,10.9,252.0,2,0,0.203,0.450,43.0,false,62.50,1.000,0.360,ft8
noise,room-quiet,169,0.9804,17,10.3,351.6,2,0,0.228,0.420,34.5,false,62.50,1.000,0.324,ft8
noise,room-quiet,187,0.9592,18,11.5,46.9,2,0,0.204,0.430,45.5,false,6.25,1.000,0.424,js8call
noise,room-quiet,205,0.9562,19,11.5,234.4,2,0,0.185,0.430,43.5,false,45.45,1.000,0.364,js8call
noise,room-quiet,234,0.9470,19,10.6,52.7,2,0,0.198,0.460,40.5,false,62.50,1.000,0.277,js8call
noise,room-quiet,152,0.9821,18,10.0,287.1,0,0,0.243,0.435,41.5,false,6.25,1.000,0.274,js8call
noise,room-quiet,175,0.9628,17,10.2,304.7,2,0,0.202,0.415,41.0,false,31.25,1.000,0.379,js8call
noise,room-quiet,146,0.9599,18,11.0,240.2,2,0,0.172,0.415,52.0,false,62.50,1.000,0.293,ft8
noise,room-quiet,193,0.9693,19,10.5,275.4,2,0,0.201,0.445,37.5,false,62.50,1.000,0.365,js8call
noise,room-quiet,140,0.9645,15,10.4,287.1,2,0,0.236,0.430,41.5,false,6.25,1.000,0.389,ft8
noise,room-quiet,169,0.9626,17,11.7,23.4,3,0,0.232,0.445,39.5,false,6.25,1.000,0.279,js8call
noise,room-quiet,140,0.9613,20,11.2,252.0,2,0,0.194,0.450,46.5,false,31.25,1.000,0.312,ft8
noise,room-quiet,193,0.9671,16,10.7,252.0,2,0,0.222,0.465,40.0,false,31.25,1.000,0.297,ft8
noise,room-quiet,187,0.9641,18,11.7,246.1,2,0,0.196,0.470,45.5,false,31.25,1.000,0.293,js8call
noise,room-normal,210,0.9652,19,11.1,339.8,2,0,0.219,0.415,40.5,false,6.25,1.000,0.375,ft8
noise,room-normal,164,0.9840,20,9.7,351.6,0,0,0.184,0.470,45.5,false,31.25,1.000,0.271,ft8
noise,room-normal,140,0.9860,15,10.2,339.8,2,0,0.220,0.440,44.5,false,31.25,1.000,0.405,js8call
noise,room-normal,117,0.9589,17,12.5,234.4,2,0,0.193,0.465,43.0,false,45.45,1.000,0.342,js8call
noise,room-normal,187,0.9368,17,11.8,246.1,2,0,0.215,0.450,39.0,false,62.50,1.000,0.268,ft8
noise,room-normal,111,0.9768,20,11.1,275.4,2,0,0.222,0.445,45.0,false,45.45,1.000,0.279,ft8
noise,room-normal,251,0.9613,19,11.2,304.7,2,0,0.222,0.410,46.0,false,75.00,1.000,0.269,js8call
noise,room-normal,269,0.9452,19,11.0,263.7,2,0,0.184,0.450,44.0,false,6.25,1.000,0.300,ft8
noise,room-normal,193,0.9709,16,10.8,228.5,2,0,0.200,0.445,41.0,false,6.25,1.000,0.389,ft8
noise,room-normal,193,0.9649,18,10.6,281.2,2,0,0.214,0.460,42.5,false,45.45,1.000,0.465,js8call
noise,room-normal,128,0.9877,17,10.6,23.4,2,0,0.224,0.430,39.5,false,31.25,1.000,0.537,ft8
noise,room-normal,164,0.9641,16,11.0,304.7,2,0,0.243,0.430,37.5,false,6.25,1.000,0.505,ft8
noise,room-normal,228,0.9783,20,10.3,275.4,2,0,0.164,0.445,44.0,false,6.25,1.000,0.378,ft8
noise,room-normal,111,0.9836,16,10.2,322.3,2,0,0.212,0.490,46.5,false,62.50,1.000,0.354,ft8
noise,room-normal,210,0.9704,17,10.0,304.7,2,0,0.170,0.415,45.5,false,45.45,1.000,0.316,ft8
noise,room-normal,228,0.9577,15,11.3,257.8,3,0,0.213,0.460,51.5,false,45.45,1.000,0.450,js8call
noise,room-normal,187,0.9684,16,9.9,386.7,2,0,0.171,0.440,44.5,false,31.25,1.000,0.307,js8call
noise,room-normal,152,0.9808,18,9.9,357.4,0,0,0.228,0.455,44.5,false,6.25,1.000,0.279,js8call
noise,room-normal,222,0.9763,17,10.3,287.1,2,0,0.181,0.495,48.5,false,31.25,1.000,0.326,js8call
noise,room-normal,123,0.9567,16,11.3,287.1,4,0,0.238,0.435,44.5,false,75.00,1.000,0.584,ft8
noise,room-normal,257,0.9427,18,10.5,293.0,2,0,0.183,0.435,46.0,false,6.25,1.000,0.417,ft8
noise,room-normal,158,0.9632,18,10.7,281.2,2,0,0.197,0.470,37.5,false,62.50,1.000,0.227,ft8
noise,room-normal,99,0.9723,20,10.5,293.0,2,0,0.191,0.465,48.0,false,6.25,1.000,0.519,js8call
noise,room-normal,205,0.9629,20,10.6,316.4,2,0,0.206,0.455,42.5,false,45.45,1.000,0.302,ft8
noise,room-normal,175,0.9745,18,9.9,64.5,0,0,0.244,0.435,39.0,false,6.25,1.000,0.238,ft8
noise,room-normal,152,0.9777,19,10.1,316.4,2,0,0.199,0.445,47.0,false,62.50,1.000,0.260,ft8
noise,room-normal,175,0.9754,18,10.9,269.5,2,0,0.252,0.405,37.5,false,6.25,1.000,0.285,ft8
noise,room-normal,123,0.9763,20,10.3,328.1,2,0,0.175,0.475,49.5,false,75.00,1.000,0.270,ft8
noise,room-normal,87,0.9704,19,10.7,234.4,2,0,0.190,0.485,42.0,false,45.45,1.000,0.338,js8call
noise,room-normal,187,0.9710,19,10.8,334.0,2,0,0.213,0.415,40.0,false,31.25,1.000,0.295,ft8
noise,room-noisy,175,0.9613,20,10.9,263.7,2,0,0.188,0.470,44.5,false,31.25,1.000,0.289,js8call
noise,room-noisy,205,0.9613,16,11.6,29.3,2,0,0.186,0.485,45.0,false,31.25,1.000,0.568,js8call
noise,room-noisy,128,0.9511,19,11.3,234.4,2,0,0.185,0.435,40.0,false,6.25,1.000,0.523,js8call
noise,room-noisy,134,0.9806,16,10.0,345.7,2,0,0.164,0.445,53.0,false,75.00,0.796,0.299,ft8
noise,room-noisy,169,0.9622,19,11.2,35.2,2,0,0.180,0.420,38.0,false,45.45,1.000,0.346,js8call
noise,room-noisy,234,0.9647,18,11.0,287.1,2,0,0.174,0.455,39.5,false,45.45,1.000,0.322,js8call
noise,room-noisy,175,0.9724,15,9.8,328.1,2,0,0.169,0.470,41.5,false,100.00,1.000,0.340,ft8
noise,room-noisy,205,0.9403,19,11.5,263.7,2,0,0.187,0.505,49.0,false,6.25,1.000,0.308,js8call
noise,room-noisy,146,0.9553,20,10.6,234.4,2,0,0.172,0.435,43.5,false,6.25,1.000,0.291,js8call
noise,room-noisy,158,0.9759,16,10.7,310.5,2,0,0.189,0.465,40.5,false,45.45,1.000,0.273,js8call
noise,room-noisy,263,0.9769,18,9.9,398.4,2,0,0.185,0.450,43.5,false,6.25,1.000,0.322,js8call
noise,room-noisy,169,0.9448,20,11.6,252.0,2,0,0.202,0.495,44.5,false,31.25,1.000,0.318,js8call
noise,room-noisy,169,0.9786,17,10.6,316.4,2,0,0.169,0.435,41.5,false,45.45,1.000,0.392,ft8
noise,room-noisy,117,0.9840,20,9.7,328.1,0,0,0.172,0.430,52.0,false,62.50,1.000,0.344,ft8
noise,room-noisy,187,0.9590,17,10.7,246.1,2,0,0.184,0.435,44.5,false,62.50,1.000,0.407,js8call
noise,room-noisy,205,0.9586,17,10.7,281.2,2,0,0.181,0.405,42.5,false,62.50,1.000,0.294,ft8
noise,room-noisy,99,0.9647,16,11.1,246.1,2,0,0.182,0.440,50.0,false,62.50,1.000,0.297,ft8
noise,room-noisy,175,0.9620,17,10.7,117.2,2,0,0.183,0.395,36.5,false,6.25,1.000,0.383,ft8
noise,room-noisy,222,0.9684,18,10.8,257.8,2,0,0.201,0.425,42.0,false,6.25,1.000,0.270,js8call
noise,room-noisy,205,0.9664,19,10.8,293.0,2,0,0.176,0.475,43.0,false,45.45,1.000,0.393,ft8
noise,room-noisy,46,0.9626,16,11.5,252.0,2,0,0.175,0.450,45.0,false,62.50,1.000,0.373,ft8
noise,room-noisy,93,0.9712,15,10.5,70.3,2,0,0.192,0.430,38.0,false,62.50,1.000,0.302,js8call
noise,room-noisy,158,0.9751,19,10.0,275.4,0,0,0.177,0.440,45.0,false,31.25,1.000,0.377,ft8
noise,room-noisy,269,0.9464,16,11.6,240.2,2,0,0.163,0.475,46.5,false,45.45,1.000,0.269,ft8
noise,room-noisy,216,0.9581,18,10.4,293.0,2,0,0.180,0.475,44.5,false,31.25,0.934,0.391,ft8
noise,room-noisy,205,0.9483,15,11.4,41.0,2,0,0.201,0.480,44.5,false,6.25,1.000,0.286,js8call
noise,room-noisy,210,0.9549,16,10.8,298.8,2,0,0.201,0.475,48.5,false,62.50,1.000,0.415,js8call
noise,room-noisy,199,0.9611,19,11.8,240.2,2,0,0.190,0.450,44.5,false,62.50,1.000,0.304,ft8
noise,room-noisy,251,0.9540,19,11.4,263.7,2,0,0.176,0.470,51.5,false,45.45,1.000,0.247,js8call
noise,room-noisy,169,0.9641,17,10.3,275.4,2,0,0.180,0.455,43.5,false,62.50,1.000,0.591,js8call
