{
  "toneSmoothing": 0.4448891021612292,
  "tonePriorWeight": 0.3838338212086839,
  "signalTrackingRate": 0.23313486259539265,
  "noiseTrackingRate": 0.09865195893324746,
  "toneDetectionSNR": 9.38734200909978,
  "preambleBlocks": 20,
  "elementSigmaFraction": 0.35070849207389615,
  "ditDahBoundary": 2.07093626600121,
  "minElementFraction": 0.41234297152358473,
  "interCharGapMultiple": 2.173565484398181,
  "wordGapMultiple": 4.2664347426972595,
  "beamWidth": 31,
  "pruneThreshold": 0.013153018325450449,
  "speedTrackerSize": 14,
  "speedJumpRatio": 1.6891538943466355,
  "afcUpdateInterval": 54,
  "afcLargeOffsetGain": 0.8590716490835693,
  "afcSmallOffsetGain": 0.7211208945564076,
  "afcMinPowerRatio": 1.9634747325657165,
  "debounceFraction": 0.4486122149491209,
  "thresholdFractionClean": 0.2186121167857795,
  "thresholdFractionModerate": 0.1893331522552447,
  "thresholdFractionNoisy": 0.40730795974664497,
  "signalAttackRate": 0.3147788270437164,
  "signalDecayRate": 0.11903828627131313,
  "recentSignalDecay": 0.36033844744337795,
  "noiseFloorTrackingRate": 0.1260732169881644
}